v2 LocusID,v1 LocusID,Uniprot Acc N°,EMBL
Ec-27_006540,Esi_0000_0004,D8LAS5,CBN76434.1
Ec-27_006530,Esi_0000_0005,D8LAS6,CBN76435.1
Ec-27_006520,Esi_0000_0006,D8LAS7,CBN76436.1
Ec-27_006500,Esi_0000_0008,D8LAS8,CBN76437.1
Ec-27_006490,Esi_0000_0011,D8LAS9,CBN76438.1
Ec-27_006480,Esi_0000_0012,D8LAT0,CBN76439.1
Ec-27_006470,Esi_0000_0013,D8LAT1,CBN76440.1
Ec-27_006460,Esi_0000_0014,D8LAT2,CBN76441.1
Ec-27_006450,Esi_0000_0015,D8LAT3,CBN76442.1
,Esi_0000_0016,D8LAT4,CBN76443.1
Ec-27_006440,Esi_0000_0017,D8LAT5,CBN76444.1
Ec-27_006430,Esi_0000_0018,D8LAT6,CBN76445.1
Ec-27_006420,Esi_0000_0020,D8LAT7,CBN76446.1
Ec-27_006410,Esi_0000_0021,D8LAT8,CBN76447.1
Ec-27_006400,Esi_0000_0023,D8LAT9,CBN76448.1
Ec-27_006390,Esi_0000_0025,D8LAU0,CBN76449.1
,Esi_0000_0026,D8LAU1,CBN76450.1
Ec-27_006380,Esi_0000_0028,D8LAU2,CBN76451.1
Ec-27_006370,Esi_0000_0030,D8LAU3,CBN76452.1
Ec-27_006360,Esi_0000_0031,D8LAU4,CBN76453.1
Ec-27_006350,Esi_0000_0032,D8LAU5,CBN76454.1
Ec-27_006340,Esi_0000_0033,D8LAU6,CBN76455.1
Ec-27_006330,Esi_0000_0035,D8LAU7,CBN76456.1
,Esi_0000_0036,D8LAU8,CBN76457.1
Ec-27_006320,Esi_0000_0038,D8LAU9,CBN76458.1
Ec-27_006310,Esi_0000_0039,D8LAV0,CBN76459.1
Ec-27_006300,Esi_0000_0043,D8LAV1,CBN76460.1
Ec-27_006290,Esi_0000_0044,D8LAV2,CBN76461.1
Ec-27_006280,Esi_0000_0045,D8LAV3,CBN76462.1
Ec-27_006270,Esi_0000_0046,D8LAV4,CBN76463.1
,Esi_0000_0050,D8LAV5,CBN76464.1
Ec-27_006260,Esi_0000_0051,D8LAV6,CBN76465.1
Ec-27_006250,Esi_0000_0052,D8LAV7,CBN76466.1
Ec-27_006240,Esi_0000_0053,D8LAV8,CBN76467.1
,Esi_0000_0054,D8LAV9,CBN76468.1
Ec-27_006230,Esi_0000_0055,D8LAW0,CBN76469.1
Ec-27_006220,Esi_0000_0056,D8LAW1,CBN76470.1
Ec-27_006210,Esi_0000_0057,D8LAW2,CBN76471.1
,Esi_0000_0058,D8LAW3,CBN76472.1
Ec-27_006200,Esi_0000_0059,D8LAW4,CBN76473.1
Ec-27_006190,Esi_0000_0060,D8LAW5,CBN76474.1
Ec-27_006180,Esi_0000_0062,D8LAW6,CBN76475.1
Ec-27_006170,Esi_0000_0063,D8LAW7,CBN76476.1
Ec-27_006160,Esi_0000_0066,D8LAW8,CBN76477.1
Ec-27_006150,Esi_0000_0067,D8LAW9,CBN76478.1
Ec-27_006140,Esi_0000_0068,D8LAX0,CBN76479.1
Ec-27_006130,Esi_0000_0070,D8LAX1,CBN76480.1
Ec-27_006120,Esi_0000_0071,D8LAX2,CBN76481.1
Ec-27_006110,Esi_0000_0073,D8LAX3,CBN76482.1
Ec-27_006090,Esi_0000_0074,D8LAX4,CBN76483.1
Ec-27_006080,Esi_0000_0075,D8LAX5,CBN76484.1
Ec-27_006070,Esi_0000_0077,D8LAX6,CBN76485.1
Ec-27_006060,Esi_0000_0079,D8LAX7,CBN76486.1
Ec-27_006050,Esi_0000_0080,D8LAX8,CBN76487.1
Ec-27_006040,Esi_0000_0082,D8LAX9,CBN76488.1
Ec-27_006030,Esi_0000_0084,D8LAY0,CBN76489.2
Ec-27_006020,Esi_0000_0085,D8LAY1,CBN76490.1
Ec-27_006010,Esi_0000_0086,D8LAY2,CBN76491.1
Ec-27_005990,Esi_0000_0088,D8LAY3,CBN76492.1
Ec-27_005980,Esi_0000_0089,D8LAY4,CBN76493.1
Ec-27_005970,Esi_0000_0090,D8LAY5,CBN76494.1
Ec-27_005960,Esi_0000_0094,D8LAY6,CBN76495.1
Ec-27_005950,Esi_0000_0095,D8LAY7,CBN76496.1
Ec-27_005930,Esi_0000_0096,D8LAY8,CBN76497.1
Ec-27_005920,Esi_0000_0099,D8LAY9,CBN76498.1
Ec-27_005900,Esi_0000_0107,D8LAZ0,CBN76499.1
Ec-27_005880,Esi_0000_0109,D8LAZ1,CBN76500.1
Ec-27_005870,Esi_0000_0110,D8LAZ2,CBN76501.1
Ec-27_005860,Esi_0000_0111,D8LAZ3,CBN76502.1
Ec-27_005850,Esi_0000_0113,D8LAZ4,CBN76503.1
Ec-27_005840,Esi_0000_0114,D8LAZ5,CBN76504.1
Ec-27_005830,Esi_0000_0116,D8LAZ6,CBN76505.1
Ec-27_005820,Esi_0000_0119,D8LAZ7,CBN76506.1
Ec-27_005810,Esi_0000_0120,D8LAZ8,CBN76507.1
Ec-27_005790,Esi_0000_0121,D8LAZ9,CBN76508.1
Ec-27_005780,Esi_0000_0123,D8LB00,CBN76509.1
Ec-27_005770,Esi_0000_0124,D8LB01,CBN76510.1
Ec-27_005760,Esi_0000_0128,D8LB02,CBN76511.1
Ec-27_005750,Esi_0000_0131,D8LB03,CBN76512.1
,Esi_0000_0133,D8LB04,CBN76513.1
Ec-27_005740,Esi_0000_0135,D8LB05,CBN76514.1
Ec-27_005730,Esi_0000_0138,D8LB06,CBN76515.1
Ec-27_005720,Esi_0000_0139,D8LB07,CBN76516.1
Ec-27_005710,Esi_0000_0141,D8LB08,CBN76517.1
Ec-27_005700,Esi_0000_0142,D8LB09,CBN76518.1
Ec-27_005680,Esi_0000_0144,D8LB10,CBN76519.1
Ec-27_005670,Esi_0000_0145,D8LB11,CBN76520.1
Ec-27_005660,Esi_0000_0146,D8LB12,CBN76521.1
Ec-27_005650,Esi_0000_0157,D8LB13,CBN76522.1
Ec-27_005630,Esi_0000_0161,D8LB14,CBN76523.1
Ec-27_005620,Esi_0000_0162,D8LB15,CBN76524.1
Ec-27_005610,Esi_0000_0164,D8LB16,CBN76525.1
Ec-27_005600,Esi_0000_0165,D8LB17,CBN76526.1
Ec-27_005590,Esi_0000_0173,D8LB18,CBN76527.1
Ec-27_005580,Esi_0000_0182,D8LB19,CBN76528.1
Ec-27_005560,Esi_0000_0184,D8LB20,CBN76529.1
Ec-27_005540,Esi_0000_0188,D8LB21,CBN76530.1
Ec-27_005530,Esi_0000_0193,D8LB22,CBN76531.1
Ec-27_005510,Esi_0000_0197,D8LB23,CBN76532.1
Ec-27_005500,Esi_0000_0198,D8LB24,CBN76533.1
Ec-27_005490,Esi_0000_0199,D8LB25,CBN76534.1
Ec-27_005480,Esi_0000_0200,D8LB26,CBN76535.1
Ec-27_005470,Esi_0000_0201,D8LB27,CBN76536.1
Ec-27_005460,Esi_0000_0202,D8LB28,CBN76537.1
Ec-27_005450,Esi_0000_0204,D8LB29,CBN76538.1
Ec-27_005440,Esi_0000_0207,D8LB30,CBN76539.1
Ec-27_005430,Esi_0000_0211,D8LB31,CBN76540.1
Ec-27_005420,Esi_0000_0212,D8LB32,CBN76541.1
Ec-27_005410,Esi_0000_0213,D8LB33,CBN76542.1
Ec-27_005390,Esi_0000_0219,D8LB34,CBN76543.1
Ec-27_005380,Esi_0000_0220,D8LB35,CBN76544.1
Ec-27_005370,Esi_0000_0221,D8LB36,CBN76545.1
Ec-27_005360,Esi_0000_0222,D8LB37,CBN76546.1
Ec-27_005350,Esi_0000_0223,D8LB38,CBN76547.1
Ec-27_005340,Esi_0000_0224,D8LB39,CBN76548.1
Ec-27_005330,Esi_0000_0225,D8LB40,CBN76549.1
Ec-27_005310,Esi_0000_0226,D8LB41,CBN76550.1
Ec-27_005300,Esi_0000_0231,D8LB42,CBN76551.1
Ec-27_005290,Esi_0000_0234,D8LB43,CBN76552.1
Ec-27_005280,Esi_0000_0236,D8LB44,CBN76553.1
Ec-27_005270,Esi_0000_0238,D8LB45,CBN76554.1
Ec-27_005260,Esi_0000_0239,D8LB46,CBN76555.1
Ec-27_005250,Esi_0000_0240,D8LB47,CBN76556.1
Ec-27_005240,Esi_0000_0241,D8LB48,CBN76557.1
Ec-27_005230,Esi_0000_0244,D8LB49,CBN76558.1
Ec-27_005220,Esi_0000_0245,D8LB50,CBN76559.1
Ec-27_005200,Esi_0000_0246,D8LB51,CBN76560.1
Ec-27_005190,Esi_0000_0248,D8LB52,CBN76561.1
Ec-27_005170,Esi_0000_0249,D8LB53,CBN76562.1
Ec-27_005160,Esi_0000_0250,D8LB54,CBN76563.1
Ec-27_005150,Esi_0000_0251,D8LB55,CBN76564.1
Ec-27_005140,Esi_0000_0252,D8LB56,CBN76565.1
Ec-27_005130,Esi_0000_0253,D8LB57,CBN76566.1
obsolete,Esi_0000_0254,D8LB58,CBN76567.1
Ec-27_005120,Esi_0000_0256,D8LB59,CBN76568.1
Ec-27_005110,Esi_0000_0258,D8LB60,CBN76569.1
Ec-27_005100,Esi_0000_0259,D8LB61,CBN76570.1
Ec-27_005090,Esi_0000_0262,D8LB62,CBN76571.1
Ec-27_005070,Esi_0000_0263,D8LB63,CBN76572.1
Ec-27_005040,Esi_0000_0269,D8LB64,CBN76573.1
Ec-27_005030,Esi_0000_0270,D8LB65,CBN76574.1
Ec-27_005020,Esi_0000_0271,D8LB66,CBN76575.1
Ec-27_005010,Esi_0000_0272,D8LB67,CBN76576.1
Ec-27_005000,Esi_0000_0275,D8LB68,CBN76577.1
Ec-27_004990,Esi_0000_0279,D8LB69,CBN76578.1
Ec-27_004980,Esi_0000_0280,D8LB70,CBN76579.1
Ec-27_004970,Esi_0000_0281,D8LB71,CBN76580.1
Ec-27_004960,Esi_0000_0285,D8LB72,CBN76581.1
Ec-27_004950,Esi_0000_0287,D8LB73,CBN76582.1
Ec-27_004940,Esi_0000_0291,D8LB74,CBN76583.1
Ec-27_004930,Esi_0000_0293,D8LB75,CBN76584.1
Ec-27_004910,Esi_0000_0295,D8LB76,CBN76585.1
Ec-27_004900,Esi_0000_0296,D8LB77,CBN76586.1
Ec-27_004890,Esi_0000_0299,D8LB78,CBN76587.1
Ec-27_004880,Esi_0000_0300,D8LB79,CBN76588.1
Ec-27_004870,Esi_0000_0301,D8LB80,CBN76589.1
Ec-27_004860,Esi_0000_0304,D8LB81,CBN76590.1
Ec-27_004850,Esi_0000_0305,D8LB82,CBN76591.1
Ec-27_004840,Esi_0000_0308,D8LB83,CBN76592.1
Ec-27_004830,Esi_0000_0309,D8LB84,CBN76593.1
Ec-27_004820,Esi_0000_0310,D8LB85,CBN76594.1
Ec-27_004810,Esi_0000_0311,D8LB86,CBN76595.1
Ec-27_004800,Esi_0000_0312,D8LB87,CBN76596.1
Ec-27_004790,Esi_0000_0313,D8LB88,CBN76597.1
Ec-27_004780,Esi_0000_0314,D8LB89,CBN76598.1
Ec-27_004770,Esi_0000_0315,D8LB90,CBN76599.1
Ec-27_004760,Esi_0000_0316,D8LB91,CBN76600.1
Ec-27_004750,Esi_0000_0317,D8LB92,CBN76601.1
Ec-27_004740,Esi_0000_0319,D8LB93,CBN76602.1
Ec-27_004730,Esi_0000_0320,D8LB94,CBN76603.1
Ec-27_004720,Esi_0000_0321,D8LB95,CBN76604.1
Ec-27_004710,Esi_0000_0322,D8LB96,CBN76605.1
Ec-27_004700,Esi_0000_0324,D8LB97,CBN76606.1
Ec-27_004690,Esi_0000_0326,D8LB98,CBN76607.1
Ec-27_004680,Esi_0000_0330,D8LB99,CBN76608.1
Ec-27_004670,Esi_0000_0332,D8LBA0,CBN76609.1
Ec-27_004660,Esi_0000_0334,D8LBA1,CBN76610.1
Ec-27_004650,Esi_0000_0337,D8LBA2,CBN76611.1
Ec-27_004640,Esi_0000_0339,D8LBA3,CBN76612.1
Ec-27_004630,Esi_0000_0340,D8LBA4,CBN76613.1
Ec-27_004620,Esi_0000_0342,D8LBA5,CBN76614.1
,Esi_0000_0343,D8LBA6,CBN76615.1
Ec-27_004610,Esi_0000_0346,D8LBA7,CBN76616.1
Ec-27_004600,Esi_0000_0347,D8LBA8,CBN76617.1
Ec-27_004590,Esi_0000_0348,D8LBA9,CBN76618.1
Ec-27_004580,Esi_0000_0349,D8LBB0,CBN76619.1
Ec-27_004570,Esi_0000_0350,D8LBB1,CBN76620.1
Ec-27_004560,Esi_0000_0352,D8LBB2,CBN76621.1
Ec-27_004550,Esi_0000_0353,D8LBB3,CBN76622.1
Ec-27_004540,Esi_0000_0354,D8LBB4,CBN76623.1
Ec-27_004530,Esi_0000_0355,D8LBB5,CBN76624.1
Ec-27_004520,Esi_0000_0361,D8LBB6,CBN76625.1
Ec-27_004510,Esi_0000_0362,D8LBB7,CBN76626.1
Ec-27_004500,Esi_0000_0364,D8LBB8,CBN76627.1
Ec-27_004490,Esi_0000_0366,D8LBB9,CBN76628.1
Ec-27_004480,Esi_0000_0367,D8LBC0,CBN76629.1
Ec-27_004470,Esi_0000_0368,D8LBC1,CBN76630.1
Ec-27_004460,Esi_0000_0369,D8LBC2,CBN76631.1
Ec-27_004450,Esi_0000_0371,D8LBC3,CBN76632.1
Ec-27_004440,Esi_0000_0373,D8LBC4,CBN76633.1
Ec-27_004430,Esi_0000_0375,D8LBC5,CBN76634.1
Ec-27_004420,Esi_0000_0377,D8LBC6,CBN76635.1
Ec-27_004410,Esi_0000_0378,D8LBC7,CBN76636.1
,Esi_0000_0380,D8LBC8,CBN76637.1
Ec-27_004400,Esi_0000_0382,D8LBC9,CBN76638.1
Ec-27_004390,Esi_0000_0385,D8LBD0,CBN76639.1
Ec-27_004380,Esi_0000_0386,D8LBD1,CBN76640.1
Ec-27_004370,Esi_0000_0388,D8LBD2,CBN76641.1
Ec-27_004360,Esi_0000_0389,D8LBD3,CBN76642.1
Ec-27_004350,Esi_0000_0390,D8LBD4,CBN76643.1
Ec-27_004340,Esi_0000_0391,D8LBD5,CBN76644.1
Ec-27_004330,Esi_0000_0393,D8LBD6,CBN76645.1
Ec-27_004320,Esi_0000_0394,D8LBD7,CBN76646.1
Ec-27_004310,Esi_0000_0395,D8LBD8,CBN76647.1
,Esi_0000_0396,D8LBD9,CBN76648.1
Ec-27_004300,Esi_0000_0397,D8LBE0,CBN76649.1
Ec-27_004290,Esi_0000_0398,D8LBE1,CBN76650.1
Ec-27_004280,Esi_0000_0399,D8LBE2,CBN76651.1
Ec-27_004270,Esi_0000_0400,D8LBE3,CBN76652.1
Ec-27_004260,Esi_0000_0401,D8LBE4,CBN76653.1
Ec-27_004250,Esi_0000_0402,D8LBE5,CBN76654.1
Ec-27_004240,Esi_0000_0403,D8LBE6,CBN76655.1
Ec-27_004230,Esi_0000_0404,D8LBE7,CBN76656.1
Ec-27_004220,Esi_0000_0407,D8LBE8,CBN76657.1
Ec-27_004210,Esi_0000_0408,D8LBE9,CBN76658.1
Ec-27_004200,Esi_0000_0409,D8LBF0,CBN76659.1
Ec-27_004190,Esi_0000_0410,D8LBF1,CBN76660.1
Ec-27_004180,Esi_0000_0411,D8LBF2,CBN76661.1
Ec-27_004170,Esi_0000_0412,D8LBF3,CBN76662.1
Ec-27_004160,Esi_0000_0413,D8LBF4,CBN76663.1
Ec-27_004150,Esi_0000_0414,D8LBF5,CBN76664.1
Ec-27_004140,Esi_0000_0417,D8LBF6,CBN76665.1
,Esi_0000_0419,D8LBF7,CBN76666.1
Ec-27_004130,Esi_0000_0421,D8LBF8,CBN76667.1
Ec-27_004120,Esi_0000_0423,D8LBF9,CBN76668.1
Ec-27_004110,Esi_0000_0424,D8LBG0,CBN76669.1
Ec-27_004090,Esi_0000_0437,D8LBG1,CBN76670.1
Ec-27_004080,Esi_0000_0440,D8LBG2,CBN76671.1
Ec-27_004070,Esi_0000_0441,D8LBG3,CBN76672.1
Ec-27_004060,Esi_0000_0442,D8LBG4,CBN76673.1
Ec-27_004050,Esi_0000_0445,D8LBG5,CBN76674.1
Ec-27_004040,Esi_0000_0446,D8LBG6,CBN76675.1
Ec-27_004030,Esi_0000_0448,D8LBG7,CBN76676.1
Ec-27_004020,Esi_0000_0449,D8LBG8,CBN76677.1
Ec-27_004010,Esi_0000_0452,D8LBG9,CBN76678.1
Ec-27_004000,Esi_0000_0454,D8LBH0,CBN76679.1
Ec-27_003990,Esi_0000_0455,D8LBH1,CBN76680.1
Ec-27_003980,Esi_0000_0456,D8LBH2,CBN76681.1
Ec-27_003970,Esi_0000_0457,D8LBH3,CBN76682.1
Ec-27_003960,Esi_0000_0458,D8LBH4,CBN76683.1
Ec-27_003950,Esi_0000_0459,D8LBH5,CBN76684.1
,Esi_0000_0460,D8LBH6,CBN76685.1
Ec-27_003940,Esi_0000_0461,D8LBH7,CBN76686.1
Ec-27_003930,Esi_0000_0463,D8LBH8,CBN76687.1
Ec-27_003920,Esi_0000_0464,D8LBH9,CBN76688.1
Ec-27_003910,Esi_0000_0466,D8LBI0,CBN76689.1
Ec-27_003900,Esi_0000_0467,D8LBI1,CBN76690.1
Ec-27_003890,Esi_0000_0470,D8LBI2,CBN76691.1
Ec-27_003880,Esi_0000_0471,D8LBI3,CBN76692.1
Ec-27_003870,Esi_0000_0474,D8LBI4,CBN76693.1
Ec-27_003860,Esi_0000_0475,D8LBI5,CBN76694.1
Ec-27_003850,Esi_0000_0477,D8LBI6,CBN76695.1
Ec-27_003840,Esi_0000_0478,D8LBI7,CBN76696.1
Ec-27_003830,Esi_0000_0479,D8LBI8,CBN76697.1
Ec-27_003810,Esi_0000_0480,D8LBI9,CBN76698.1
Ec-27_003800,Esi_0000_0481,D8LBJ0,CBN76699.1
Ec-27_003790,Esi_0000_0483,D8LBJ1,CBN76700.1
Ec-27_003780,Esi_0000_0485,D8LBJ2,CBN76701.1
Ec-27_003770,Esi_0000_0487,D8LBJ3,CBN76702.1
Ec-27_003750,Esi_0000_0488,D8LBJ4,CBN76703.1
Ec-27_003740,Esi_0000_0489,D8LBJ5,CBN76704.1
Ec-27_003730,Esi_0000_0494,D8LBJ6,CBN76705.1
Ec-27_003720,Esi_0000_0496,D8LBJ7,CBN76706.1
Ec-27_003700,Esi_0000_0502,D8LBJ8,CBN76707.1
Ec-27_003690,Esi_0000_0503,D8LBJ9,CBN76708.1
Ec-27_003670,Esi_0000_0505,D8LBK0,CBN76709.1
Ec-27_003660,Esi_0000_0507,D8LBK1,CBN76710.1
Ec-27_003650,Esi_0000_0510,D8LBK2,CBN76711.1
Ec-27_003640,Esi_0000_0511,D8LBK3,CBN76712.1
Ec-27_003620,Esi_0000_0516,D8LBK4,CBN76713.1
Ec-27_003610,Esi_0000_0517,D8LBK5,CBN76714.1
Ec-27_003600,Esi_0000_0518,D8LBK6,CBN76715.1
Ec-27_003590,Esi_0000_0519,D8LBK7,CBN76716.1
Ec-27_003580,Esi_0000_0520,D8LBK8,CBN76717.1
Ec-27_003570,Esi_0000_0524,D8LBK9,CBN76718.1
Ec-27_003560,Esi_0000_0527,D8LBL0,CBN76719.1
Ec-27_003550,Esi_0000_0528,D8LBL1,CBN76720.1
Ec-27_003540,Esi_0000_0529,D8LBL2,CBN76721.1
Ec-27_003530,Esi_0000_0530,D8LBL3,CBN76722.1
Ec-27_003520,Esi_0000_0531,D8LBL4,CBN76723.1
Ec-27_003510,Esi_0000_0533,D8LBL5,CBN76724.1
Ec-27_003500,Esi_0000_0534,D8LBL6,CBN76725.1
Ec-27_003490,Esi_0000_0535,D8LBL7,CBN76726.1
Ec-27_003480,Esi_0000_0536,D8LBL8,CBN76727.1
Ec-27_003470,Esi_0000_0537,D8LBL9,CBN76728.1
Ec-27_003460,Esi_0000_0538,D8LBM0,CBN76729.1
Ec-27_003450,Esi_0000_0539,D8LBM1,CBN76730.1
Ec-27_003440,Esi_0000_0540,D8LBM2,CBN76731.1
Ec-27_003430,Esi_0000_0541,D8LBM3,CBN76732.1
Ec-27_003420,Esi_0000_0543,D8LBM4,CBN76733.1
Ec-27_003410,Esi_0000_0545,D8LBM5,CBN76734.1
Ec-27_003400,Esi_0000_0546,D8LBM6,CBN76735.1
Ec-27_003390,Esi_0000_0547,D8LBM7,CBN76736.1
Ec-27_003380,Esi_0000_0548,D8LBM8,CBN76737.1
Ec-27_003370,Esi_0000_0549,D8LBM9,CBN76738.1
Ec-27_003360,Esi_0000_0550,D8LBN0,CBN76739.1
Ec-27_003350,Esi_0000_0552,D8LBN1,CBN76740.1
Ec-27_003340,Esi_0000_0553,D8LBN2,CBN76741.1
,Esi_0000_0554,D8LBN3,CBN76742.1
Ec-27_003330,Esi_0000_0555,D8LBN4,CBN76743.1
Ec-27_003320,Esi_0000_0557,D8LBN5,CBN76744.1
Ec-27_003310,Esi_0000_0558,D8LBN6,CBN76745.1
Ec-27_003300,Esi_0000_0559,D8LBN7,CBN76746.1
Ec-27_003290,Esi_0000_0560,D8LBN8,CBN76747.1
Ec-27_003280,Esi_0000_0561,D8LBN9,CBN76748.1
Ec-27_003270,Esi_0000_0562,D8LBP0,CBN76749.1
Ec-27_003260,Esi_0000_0564,D8LBP1,CBN76750.1
Ec-27_003250,Esi_0000_0565,D8LBP2,CBN76751.1
Ec-27_003230,Esi_0000_0566,D8LBP3,CBN76752.1
Ec-27_003220,Esi_0000_0569,D8LBP4,CBN76753.1
Ec-27_003210,Esi_0000_0570,D8LBP5,CBN76754.1
Ec-27_003200,Esi_0000_0573,D8LBP6,CBN76755.1
Ec-27_003190,Esi_0000_0575,D8LBP7,CBN76756.1
Ec-27_003180,Esi_0000_0576,D8LBP8,CBN76757.1
Ec-27_003170,Esi_0000_0577,D8LBP9,CBN76758.1
Ec-27_003160,Esi_0000_0579,D8LBQ0,CBN76759.1
Ec-27_003150,Esi_0000_0580,D8LBQ1,CBN76760.1
,Esi_0000_0582,D8LBQ2,CBN76761.1
Ec-27_003130,Esi_0000_0583,D8LBQ3,CBN76762.1
Ec-27_003120,Esi_0000_0587,D8LBQ4,CBN76763.1
Ec-27_003110,Esi_0000_0588,D8LBQ5,CBN76764.1
Ec-27_003100,Esi_0000_0589,D8LBQ6,CBN76765.1
Ec-27_003090,Esi_0000_0591,D8LBQ7,CBN76766.1
Ec-27_003080,Esi_0000_0593,D8LBQ8,CBN76767.1
Ec-27_003070,Esi_0000_0594,D8LBQ9,CBN76768.1
Ec-27_003060,Esi_0000_0595,D8LBR0,CBN76769.1
Ec-27_003040,Esi_0000_0597,D8LBR1,CBN76770.1
Ec-27_003020,Esi_0000_0599,D8LBR2,CBN76771.1
Ec-27_003010,Esi_0000_0601,D8LBR3,CBN76772.1
Ec-27_003000,Esi_0000_0602,D8LBR4,CBN76773.1
Ec-27_002990,Esi_0000_0603,D8LBR5,CBN76774.1
Ec-27_002980,Esi_0000_0605,D8LBR6,CBN76775.1
Ec-27_002970,Esi_0000_0608,D8LBR7,CBN76776.1
Ec-27_002960,Esi_0000_0610,D8LBR8,CBN76777.1
Ec-27_002940,Esi_0000_0611,D8LBR9,CBN76778.1
Ec-27_002930,Esi_0000_0612,D8LBS0,CBN76779.1
Ec-27_002920,Esi_0000_0613,D8LBS1,CBN76780.1
Ec-27_002910,Esi_0000_0614,D8LBS2,CBN76781.1
Ec-27_002900,Esi_0000_0616,D8LBS3,CBN76782.1
Ec-27_002880,Esi_0000_0619,D8LBS4,CBN76783.1
Ec-27_002870,Esi_0000_0621,D8LBS5,CBN76784.1
Ec-27_002860,Esi_0000_0623,D8LBS6,CBN76785.1
Ec-27_002850,Esi_0000_0624,D8LBS7,CBN76786.1
Ec-27_002840,Esi_0000_0627,D8LBS8,CBN76787.1
Ec-27_002830,Esi_0000_0629,D8LBS9,CBN76788.1
Ec-27_002820,Esi_0000_0630,D8LBT0,CBN76789.1
Ec-27_002810,Esi_0000_0631,D8LBT1,CBN76790.1
Ec-27_002800,Esi_0000_0632,D8LBT2,CBN76791.1
Ec-27_002790,Esi_0000_0633,D8LBT3,CBN76792.1
Ec-27_002780,Esi_0000_0634,D8LBT4,CBN76793.1
Ec-27_002770,Esi_0000_0636,D8LBT5,CBN76794.1
Ec-27_002760,Esi_0000_0637,D8LBT6,CBN76795.1
Ec-27_002750,Esi_0000_0639,D8LBT7,CBN76796.1
Ec-27_002740,Esi_0000_0640,D8LBT8,CBN76797.1
Ec-27_002730,Esi_0000_0641,D8LBT9,CBN76798.1
Ec-27_002720,Esi_0000_0642,D8LBU0,CBN76799.1
Ec-27_002710,Esi_0000_0643,D8LBU1,CBN76800.1
Ec-27_002700,Esi_0000_0644,D8LBU2,CBN76801.1
Ec-27_002690,Esi_0000_0648,D8LBU3,CBN76802.1
Ec-27_002670,Esi_0000_0649,D8LBU4,CBN76803.1
Ec-27_002660,Esi_0000_0651,D8LBU5,CBN76804.1
Ec-27_002650,Esi_0000_0652,D8LBU6,CBN76805.1
Ec-27_002640,Esi_0000_0653,D8LBU7,CBN76806.1
Ec-27_002630,Esi_0000_0654,D8LBU8,CBN76807.1
,Esi_0000_0656,D8LBU9,CBN76808.1
Ec-27_002610,Esi_0000_0657,D8LBV0,CBN76809.1
Ec-27_002590,Esi_0000_0660,D8LBV1,CBN76810.1
Ec-27_002580,Esi_0000_0661,D8LBV2,CBN76811.1
Ec-27_002570,Esi_0000_0662,D8LBV3,CBN76812.1
Ec-27_005210,Esi_0000_0720,,
Ec-27_005180,Esi_0000_0721,,
Ec-27_005080,Esi_0000_0722,,
Ec-27_003240,Esi_0000_0723,,
Ec-27_002600,Esi_0000_0724,,
Ec-27_002680,Esi_0000_0725,,
Ec-27_004920,Esi_0000_0737,,
Ec-27_006510,Esi_0000_0738,,
Ec-27_003760,Esi_0000_0739,,
Ec-27_003710,Esi_0000_0740,,
Ec-27_003140,Esi_0000_0741,,
Ec-27_003050,Esi_0000_0742,,
Ec-27_006100,Esi_0000_0743,,
Ec-27_002950,Esi_0000_0744,,
Ec-27_002620,Esi_0000_0745,,
Ec-27_005910,Esi_0000_0746,,
Ec-27_005890,Esi_0000_0747,,
Ec-27_005690,Esi_0000_0748,,
Ec-27_005640,Esi_0000_0749,,
Ec-27_005570,Esi_0000_0750,,
Ec-27_005550,Esi_0000_0751,,
Ec-27_005520,Esi_0000_0752,,
Ec-27_005400,Esi_0000_0753,,
Ec-27_005320,Esi_0000_0754,,
Ec-27_005060,Esi_0000_0755,,
Ec-27_005050,Esi_0000_0756,,
Ec-27_006550,Esi_0000_0757,,
Ec-27_004100,Esi_0000_0758,,
Ec-27_003820,Esi_0000_0759,,
Ec-27_003680,Esi_0000_0760,,
Ec-27_003630,Esi_0000_0761,,
Ec-27_003030,Esi_0000_0762,,
Ec-27_002890,Esi_0000_0763,,
Ec-27_006000,Esi_0000_0764,,
Ec-27_005940,Esi_0000_0765,,
Ec-27_005800,Esi_0000_0766,,
Ec-01_008530,Esi_0002_0001,D7FPV7,CBJ48288.1
Ec-01_008520,Esi_0002_0003,D7FPV8,CBJ48289.1
Ec-01_008510,Esi_0002_0004,D7FPV9,CBJ48290.1
Ec-01_008500,Esi_0002_0005,D7FPW0,CBJ48291.1
Ec-01_008480,Esi_0002_0006,D7FPW1,CBJ48292.1
Ec-01_008470,Esi_0002_0010,D7FPW2,CBJ48293.1
Ec-01_008450,Esi_0002_0012,D7FPW3,CBJ48294.1
Ec-01_008440,Esi_0002_0013,D7FPW4,CBJ48295.1
Ec-01_008430,Esi_0002_0014,D7FPW5,CBJ48296.1
Ec-01_008420,Esi_0002_0015,D7FPW6,CBJ48297.1
Ec-01_008410,Esi_0002_0016,D7FPW7,CBJ48298.1
Ec-01_008400,Esi_0002_0017,D7FPW8,CBJ48299.1
Ec-01_008390,Esi_0002_0018,D7FPW9,CBJ48300.1
Ec-01_008380,Esi_0002_0019,D7FPX0,CBJ48301.1
Ec-01_008370,Esi_0002_0021,D7FPV6,CBJ48302.1
Ec-01_008360,Esi_0002_0022,D7FPX1,CBJ48303.1
Ec-01_008350,Esi_0002_0023,D7FPX2,CBJ48304.1
Ec-01_008340,Esi_0002_0024,D7FPX3,CBJ48305.1
Ec-01_008330,Esi_0002_0025,D7FPX4,CBJ48306.1
Ec-01_008310,Esi_0002_0026,D7FPX5,CBJ48307.1
Ec-01_008280,Esi_0002_0029,D7FPX6,CBJ48308.1
Ec-01_008270,Esi_0002_0031,D7FPX7,CBJ48309.1
Ec-01_008260,Esi_0002_0032,D7FPX8,CBJ48310.1
Ec-01_008250,Esi_0002_0033,D7FPX9,CBJ48311.1
Ec-01_008240,Esi_0002_0034,D7FPY0,CBJ48312.1
Ec-01_008230,Esi_0002_0036,D7FPY1,CBJ48313.1
Ec-01_008220,Esi_0002_0039,D7FPY2,CBJ48314.1
Ec-01_008210,Esi_0002_0040,D7FPY3,CBJ48315.1
Ec-01_008200,Esi_0002_0041,D7FPY4,CBJ48316.1
Ec-01_008190,Esi_0002_0044,D7FPY5,CBJ48317.1
Ec-01_008180,Esi_0002_0045,D7FPY6,CBJ48318.1
Ec-01_008170,Esi_0002_0050,D7FPY7,CBJ48319.1
Ec-01_008160,Esi_0002_0051,D7FPY8,CBJ48320.1
Ec-01_008140,Esi_0002_0052,D7FPY9,CBJ48321.1
Ec-01_008130,Esi_0002_0053,D7FPZ0,CBJ48322.1
Ec-01_008120,Esi_0002_0055,D7FPZ1,CBJ48323.1
Ec-01_008110,Esi_0002_0056,D7FPZ2,CBJ48324.1
Ec-01_008100,Esi_0002_0057,D7FPZ3,CBJ48325.1
Ec-01_008080,Esi_0002_0059,D7FPZ4,CBJ48326.1
Ec-01_008070,Esi_0002_0060,D7FPZ5,CBJ48327.1
Ec-01_008050,Esi_0002_0063,D7FPZ6,CBJ48328.1
Ec-01_008040,Esi_0002_0064,D7FPZ7,CBJ48329.1
Ec-01_008030,Esi_0002_0065,D7FPZ8,CBJ48330.1
Ec-01_008020,Esi_0002_0067,D7FPZ9,CBJ48331.1
Ec-01_008010,Esi_0002_0068,D7FQ00,CBJ48332.1
Ec-01_008000,Esi_0002_0075,D7FQ01,CBJ48333.1
,Esi_0002_0078,D7FQ02,CBJ48334.1
Ec-01_007990,Esi_0002_0079,D7FQ03,CBJ48335.1
Ec-01_007980,Esi_0002_0080,D7FQ04,CBJ48336.1
Ec-01_007960,Esi_0002_0083,D7FQ05,CBJ48337.1
Ec-01_007950,Esi_0002_0086,D7FQ06,CBJ48338.1
Ec-01_007940,Esi_0002_0087,D7FQ07,CBJ48339.1
Ec-01_007930,Esi_0002_0092,D7FQ08,CBJ48340.1
Ec-01_007920,Esi_0002_0093,D7FQ09,CBJ48341.1
,Esi_0002_0094,D7FQ10,CBJ48342.1
Ec-01_007890,Esi_0002_0096,D7FQ11,CBJ48343.1
Ec-01_007880,Esi_0002_0097,D7FQ12,CBJ48344.1
Ec-01_007870,Esi_0002_0098,D7FQ13,CBJ48345.1
Ec-01_007860,Esi_0002_0099,D7FQ14,CBJ48346.1
,Esi_0002_0101,D7FQ15,CBJ48347.1
Ec-01_007850,Esi_0002_0102,D7FQ16,CBJ48348.1
Ec-01_007840,Esi_0002_0104,D7FQ17,CBJ48349.1
Ec-01_007830,Esi_0002_0108,D7FQ18,CBJ48350.1
Ec-01_007820,Esi_0002_0109,D7FQ19,CBJ48351.1
Ec-01_007810,Esi_0002_0110,D7FQ20,CBJ48352.1
Ec-01_007800,Esi_0002_0111,D7FQ21,CBJ48353.1
Ec-01_007770,Esi_0002_0115,D7FQ22,CBJ48354.1
Ec-01_007760,Esi_0002_0116,D7FQ23,CBJ48355.1
Ec-01_007750,Esi_0002_0117,D7FQ24,CBJ48356.1
Ec-01_007740,Esi_0002_0119,D7FQ25,CBJ48357.1
Ec-01_007720,Esi_0002_0120,D7FQ26,CBJ48358.1
Ec-01_007700,Esi_0002_0121,D7FQ27,CBJ48359.1
Ec-01_007690,Esi_0002_0122,D7FQ28,CBJ48360.1
Ec-01_007680,Esi_0002_0124,D7FQ29,CBJ48361.1
Ec-01_007670,Esi_0002_0125,D7FQ30,CBJ48362.1
Ec-01_007660,Esi_0002_0126,D7FQ31,CBJ48363.1
Ec-01_007650,Esi_0002_0128,D7FQ32,CBJ48364.1
Ec-01_007650,Esi_0002_0129,D7FQ33,CBJ48365.1
Ec-01_007640,Esi_0002_0131,D7FQ34,CBJ48366.1
Ec-01_007630,Esi_0002_0137,D7FQ35,CBJ48367.1
Ec-01_007620,Esi_0002_0139,D7FQ36,CBJ48368.1
Ec-01_007610,Esi_0002_0140,D7FQ37,CBJ48369.1
Ec-01_007600,Esi_0002_0142,D7FQ38,CBJ48370.1
Ec-01_007590,Esi_0002_0143,D7FQ39,CBJ48371.1
Ec-01_007580,Esi_0002_0144,D7FQ40,CBJ48372.1
Ec-01_007570,Esi_0002_0146,D7FQ41,CBJ48373.1
Ec-01_007560,Esi_0002_0147,D7FQ42,CBJ48374.1
,Esi_0002_0148,D7FQ43,CBJ48375.1
Ec-01_007550,Esi_0002_0150,D7FQ44,CBJ48376.1
Ec-01_007540,Esi_0002_0151,D7FQ45,CBJ48377.1
Ec-01_007530,Esi_0002_0152,D7FQ46,CBJ48378.1
Ec-01_007520,Esi_0002_0153,D7FQ47,CBJ48379.1
Ec-01_007500,Esi_0002_0154,D7FQ48,CBJ48380.1
Ec-01_007490,Esi_0002_0156,D7FQ49,CBJ48381.1
Ec-01_007480,Esi_0002_0157,D7FQ50,CBJ48382.1
Ec-01_007470,Esi_0002_0158,D7FQ51,CBJ48383.1
Ec-01_007460,Esi_0002_0163,D7FQ52,CBJ48384.1
Ec-01_007450,Esi_0002_0164,D7FQ53,CBJ48385.1
Ec-01_007440,Esi_0002_0165,D7FQ54,CBJ48386.1
Ec-01_007430,Esi_0002_0167,D7FQ55,CBJ48387.1
Ec-01_007420,Esi_0002_0168,D7FQ56,CBJ48388.1
Ec-01_007400,Esi_0002_0169,D7FQ57,CBJ48389.1
Ec-01_007390,Esi_0002_0176,D7FQ58,CBJ48390.1
Ec-01_007370,Esi_0002_0179,D7FQ59,CBJ48391.1
Ec-01_007350,Esi_0002_0180,D7FQ60,CBJ48392.1
Ec-01_007340,Esi_0002_0181,D7FQ61,CBJ48393.1
Ec-01_007320,Esi_0002_0183,D7FQ62,CBJ48394.1
Ec-01_007290,Esi_0002_0184,D7FQ63,CBJ48395.1
Ec-01_007280,Esi_0002_0185,D7FQ64,CBJ48396.1
Ec-01_007270,Esi_0002_0187,D7FQ65,CBJ48397.1
Ec-01_007260,Esi_0002_0188,D7FQ66,CBJ48398.1
Ec-01_007250,Esi_0002_0190,D7FQ67,CBJ48399.1
Ec-01_007240,Esi_0002_0192,D7FQ68,CBJ48400.1
Ec-01_007230,Esi_0002_0193,D7FQ69,CBJ48401.1
Ec-01_007220,Esi_0002_0194,D7FQ70,CBJ48402.1
Ec-01_007210,Esi_0002_0195,D7FQ71,CBJ48403.1
Ec-01_007200,Esi_0002_0196,D7FQ72,CBJ48404.1
Ec-01_007190,Esi_0002_0198,D7FQ73,CBJ48405.1
Ec-01_007180,Esi_0002_0199,D7FQ74,CBJ48406.1
Ec-01_007170,Esi_0002_0203,D7FQ75,CBJ48407.1
Ec-01_007160,Esi_0002_0204,D7FQ76,CBJ48408.1
Ec-01_007150,Esi_0002_0206,D7FQ77,CBJ48409.1
Ec-01_007140,Esi_0002_0207,D7FQ78,CBJ48410.1
Ec-01_007130,Esi_0002_0208,D7FQ79,CBJ48411.1
Ec-01_007120,Esi_0002_0209,D7FQ80,CBJ48412.1
Ec-01_007110,Esi_0002_0210,D7FQ81,CBJ48413.1
Ec-01_007100,Esi_0002_0211,D7FQ82,CBJ48414.1
Ec-01_007090,Esi_0002_0212,D7FQ83,CBJ48415.1
Ec-01_007080,Esi_0002_0214,D7FQ84,CBJ48416.1
Ec-01_007070,Esi_0002_0215,D7FQ85,CBJ48417.1
Ec-01_007060,Esi_0002_0216,D7FQ86,CBJ48418.1
Ec-01_007050,Esi_0002_0217,D7FQ87,CBJ48419.1
Ec-01_007040,Esi_0002_0219,D7FQ88,CBJ48420.1
Ec-01_007030,Esi_0002_0221,D7FQ89,CBJ48421.1
,Esi_0002_0225,D7FQ90,CBJ48422.1
Ec-01_007020,Esi_0002_0226,D7FQ91,CBJ48423.1
Ec-01_007010,Esi_0002_0227,D7FQ92,CBJ48424.1
Ec-01_007000,Esi_0002_0232,D7FQ93,CBJ48425.1
Ec-01_006990,Esi_0002_0233,D7FQ94,CBJ48426.1
Ec-01_006980,Esi_0002_0234,D7FQ95,CBJ48427.1
Ec-01_006960,Esi_0002_0235,D7FQ96,CBJ48428.1
Ec-01_006950,Esi_0002_0237,D7FQ97,CBJ48429.1
,Esi_0002_0238,D7FQ98,CBJ48430.1
Ec-01_006940,Esi_0002_0240,D7FQ99,CBJ48431.1
Ec-01_006930,Esi_0002_0241,D7FQA0,CBJ48432.1
Ec-01_006920,Esi_0002_0242,D7FQA1,CBJ48433.1
Ec-01_006910,Esi_0002_0243,D7FQA2,CBJ48434.1
Ec-01_006880,Esi_0002_0247,D7FQA3,CBJ48435.1
Ec-01_006870,Esi_0002_0248,D7FQA4,CBJ48436.1
Ec-01_006850,Esi_0002_0250,D7FQA5,CBJ48437.1
Ec-01_006840,Esi_0002_0251,D7FQA6,CBJ48438.1
Ec-01_006820,Esi_0002_0253,D7FQA7,CBJ48439.1
,Esi_0002_0258,D7FQA8,CBJ48440.1
Ec-01_006810,Esi_0002_0259,D7FQA9,CBJ48441.1
Ec-01_006800,Esi_0002_0260,D7FQB0,CBJ48442.1
Ec-01_006780,Esi_0002_0262,D7FQB1,CBJ48443.1
Ec-01_006770,Esi_0002_0263,D7FQB2,CBJ48444.1
Ec-01_006760,Esi_0002_0264,D7FQB3,CBJ48445.1
Ec-01_006740,Esi_0002_0265,D7FQB4,CBJ48446.1
Ec-01_006730,Esi_0002_0267,D7FQB5,CBJ48447.1
Ec-01_006720,Esi_0002_0268,D7FQB6,CBJ48448.1
Ec-01_006710,Esi_0002_0269,D7FQB7,CBJ48449.1
Ec-01_006700,Esi_0002_0270,D7FQB8,CBJ48450.1
Ec-01_006680,Esi_0002_0272,D7FQB9,CBJ48451.1
Ec-01_006670,Esi_0002_0273,D7FQC0,CBJ48452.1
Ec-01_006660,Esi_0002_0275,D7FQC1,CBJ48453.1
Ec-01_006650,Esi_0002_0277,D7FQC2,CBJ48454.1
Ec-01_006640,Esi_0002_0278,D7FQC3,CBJ48455.1
Ec-01_006630,Esi_0002_0279,D7FQC4,CBJ48456.1
Ec-01_006620,Esi_0002_0280,D7FQC5,CBJ48457.1
Ec-01_006610,Esi_0002_0281,D7FQC6,CBJ48458.1
Ec-01_006600,Esi_0002_0282,D7FQC7,CBJ48459.1
Ec-01_006590,Esi_0002_0284,D7FQC8,CBJ48460.1
Ec-01_006580,Esi_0002_0285,D7FQC9,CBJ48461.1
Ec-01_006570,Esi_0002_0287,D7FQD0,CBJ48462.1
Ec-01_006560,Esi_0002_0289,D7FQD1,CBJ48463.1
Ec-01_006550,Esi_0002_0291,D7FQD2,CBJ48464.1
Ec-01_006540,Esi_0002_0292,D7FQD3,CBJ48465.1
Ec-01_006530,Esi_0002_0294,D7FQD4,CBJ48466.1
Ec-01_006520,Esi_0002_0295,D7FQD5,CBJ48467.1
Ec-01_006510,Esi_0002_0298,D7FQD6,CBJ48468.1
Ec-01_006500,Esi_0002_0299,D7FQD7,CBJ48469.1
Ec-01_006480,Esi_0002_0301,D7FQD8,CBJ48470.1
Ec-01_006470,Esi_0002_0303,D7FQD9,CBJ48471.1
Ec-01_006460,Esi_0002_0304,D7FQE0,CBJ48472.1
Ec-01_006440,Esi_0002_0306,D7FQE1,CBJ48473.1
obsolete,Esi_0002_0308,D7FQE2,CBJ48474.1
Ec-01_006430,Esi_0002_0309,D7FQE3,CBJ48475.1
Ec-01_006420,Esi_0002_0311,D7FQE4,CBJ48476.1
Ec-01_006410,Esi_0002_0312,D7FQE5,CBJ48477.1
Ec-01_006400,Esi_0002_0313,D7FQE6,CBJ48478.1
Ec-01_006390,Esi_0002_0314,D7FQE7,CBJ48479.1
Ec-01_006380,Esi_0002_0315,D7FQE8,CBJ48480.1
Ec-01_006380,Esi_0002_0317,D7FQE9,CBJ48481.1
Ec-01_006370,Esi_0002_0319,D7FQF0,CBJ48482.1
Ec-01_006360,Esi_0002_0320,D7FQF1,CBJ48483.1
Ec-01_006350,Esi_0002_0321,D7FQF2,CBJ48484.1
Ec-01_006340,Esi_0002_0323,D7FQF3,CBJ48485.1
Ec-01_006330,Esi_0002_0326,D7FQF4,CBJ48486.1
Ec-01_006320,Esi_0002_0327,D7FQF5,CBJ48487.1
Ec-01_006310,Esi_0002_0328,D7FQF6,CBJ48488.1
Ec-01_006300,Esi_0002_0329,D7FQF7,CBJ48489.1
Ec-01_006290,Esi_0002_0332,D7FQF8,CBJ48490.1
Ec-01_006280,Esi_0002_0334,D7FQF9,CBJ48491.1
Ec-01_006270,Esi_0002_0336,D7FQG0,CBJ48492.1
Ec-01_006250,Esi_0002_0338,D7FQG1,CBJ48493.1
Ec-01_006220,Esi_0002_0341,D7FQG2,CBJ48494.1
Ec-01_006200,Esi_0002_0342,D7FQG3,CBJ48495.1
Ec-01_006190,Esi_0002_0344,D7FQG4,CBJ48496.1
Ec-01_006180,Esi_0002_0345,D7FQG5,CBJ48497.1
Ec-01_006170,Esi_0002_0348,D7FQG6,CBJ48498.1
Ec-01_006160,Esi_0002_0349,D7FQG7,CBJ48499.1
Ec-01_007780,Esi_0002_0368,,
Ec-01_006970,Esi_0002_0369,,
Ec-01_006750,Esi_0002_0370,,
Ec-01_008290,Esi_0002_0375,,
Ec-01_006210,Esi_0002_0376,,
Ec-01_008090,Esi_0002_0377,,
Ec-01_008490,Esi_0002_0378,,
Ec-01_007900,Esi_0002_0379,,
Ec-01_007910,Esi_0002_0380,,
Ec-01_007710,Esi_0002_0381,,
Ec-01_007360,Esi_0002_0382,,
Ec-01_007510,Esi_0002_0383,,
Ec-01_007410,Esi_0002_0384,,
Ec-01_007380,Esi_0002_0385,,
Ec-01_007330,Esi_0002_0386,,
Ec-01_007310,Esi_0002_0387,,
Ec-01_007300,Esi_0002_0388,,
Ec-01_006900,Esi_0002_0389,,
Ec-01_006890,Esi_0002_0390,,
Ec-01_006860,Esi_0002_0391,,
Ec-01_006830,Esi_0002_0392,,
Ec-01_006790,Esi_0002_0393,,
Ec-01_006690,Esi_0002_0394,,
Ec-01_006490,Esi_0002_0395,,
Ec-01_006450,Esi_0002_0396,,
Ec-01_008320,Esi_0002_0397,,
Ec-01_006260,Esi_0002_0398,,
Ec-01_006240,Esi_0002_0399,,
Ec-01_006230,Esi_0002_0400,,
Ec-01_008300,Esi_0002_0401,,
Ec-01_008150,Esi_0002_0402,,
Ec-01_008060,Esi_0002_0403,,
Ec-01_007970,Esi_0002_0404,,
Ec-01_007790,Esi_0002_0405,,
Ec-01_008460,Esi_0002_0406,,
Ec-01_007730,Esi_0002_0407,,
Ec-01_001960,Esi_0003_0001,D7FVS5,CBJ25445.1
Ec-01_001970,Esi_0003_0002,D7FVS6,CBJ25446.1
Ec-01_001990,Esi_0003_0003,D7FVS7,CBJ25447.1
Ec-01_002000,Esi_0003_0005,D7FVS8,CBJ25448.1
Ec-01_002010,Esi_0003_0006,D7FVS9,CBJ25449.1
Ec-01_002020,Esi_0003_0009,D7FVT0,CBJ25450.1
Ec-01_002030,Esi_0003_0011,D7FVT1,CBJ25451.1
Ec-01_002040,Esi_0003_0012,D7FVT2,CBJ25452.1
Ec-01_002050,Esi_0003_0013,D7FVT3,CBJ25453.1
Ec-01_002060,Esi_0003_0016,D7FVT4,CBJ25454.1
Ec-01_002070,Esi_0003_0017,D7FVT5,CBJ25455.1
Ec-01_002080,Esi_0003_0018,D7FVT6,CBJ25456.1
Ec-01_002090,Esi_0003_0019,D7FVT7,CBJ25457.1
Ec-01_002100,Esi_0003_0020,D7FVT8,CBJ25458.1
Ec-01_002110,Esi_0003_0021,D7FVT9,CBJ25459.1
Ec-01_002120,Esi_0003_0022,D7FVU0,CBJ25460.1
Ec-01_002130,Esi_0003_0023,D7FVU1,CBJ25461.1
Ec-01_002150,Esi_0003_0025,D7FVU2,CBJ25462.1
Ec-01_002170,Esi_0003_0032,D7FVU3,CBJ25463.1
Ec-01_002180,Esi_0003_0033,D7FVU4,CBJ25464.1
Ec-01_002190,Esi_0003_0036,D7FVU5,CBJ25465.1
Ec-01_002200,Esi_0003_0039,D7FVU6,CBJ25466.1
Ec-01_002210,Esi_0003_0040,D7FVU7,CBJ25467.1
Ec-01_002220,Esi_0003_0041,D7FVU8,CBJ25468.1
Ec-01_002230,Esi_0003_0043,D7FVU9,CBJ25469.1
Ec-01_002240,Esi_0003_0045,D7FVV0,CBJ25470.1
Ec-01_002250,Esi_0003_0046,D7FVV1,CBJ25471.1
Ec-01_002260,Esi_0003_0047,D7FVV2,CBJ25472.1
Ec-01_002270,Esi_0003_0048,D7FVV3,CBJ25473.1
Ec-01_002280,Esi_0003_0050,D7FVV4,CBJ25474.1
Ec-01_002290,Esi_0003_0052,D7FVV5,CBJ25475.1
Ec-01_002300,Esi_0003_0053,D7FVV6,CBJ25476.1
Ec-01_002310,Esi_0003_0055,D7FVV7,CBJ25477.1
Ec-01_002320,Esi_0003_0057,D7FVV8,CBJ25478.1
Ec-01_002330,Esi_0003_0058,D7FVV9,CBJ25479.1
Ec-01_002340,Esi_0003_0065,D7FVW0,CBJ25480.1
Ec-01_002350,Esi_0003_0066,D7FVW1,CBJ25481.1
Ec-01_002360,Esi_0003_0067,D7FVW2,CBJ25482.1
Ec-01_002370,Esi_0003_0068,D7FVW3,CBJ25483.1
Ec-01_002380,Esi_0003_0072,D7FVW4,CBJ25484.1
Ec-01_002390,Esi_0003_0073,D7FVW5,CBJ25485.1
Ec-01_002400,Esi_0003_0075,D7FVW6,CBJ25486.1
Ec-01_002410,Esi_0003_0077,D7FVW7,CBJ25487.1
Ec-01_002420,Esi_0003_0080,D7FVW8,CBJ25488.1
Ec-01_002430,Esi_0003_0083,D7FVW9,CBJ25489.1
Ec-01_002440,Esi_0003_0084,D7FVX0,CBJ25490.1
Ec-01_002450,Esi_0003_0086,D7FVX1,CBJ25491.1
Ec-01_002460,Esi_0003_0087,D7FVX2,CBJ25492.1
Ec-01_002470,Esi_0003_0088,D7FVX3,CBJ25493.1
Ec-01_002490,Esi_0003_0089,D7FVX4,CBJ25494.1
Ec-01_002500,Esi_0003_0092,D7FVX5,CBJ25495.1
Ec-01_002520,Esi_0003_0097,D7FVX6,CBJ25496.1
Ec-01_002530,Esi_0003_0098,D7FVX7,CBJ25497.1
Ec-01_002540,Esi_0003_0099,D7FVX8,CBJ25498.1
Ec-01_002550,Esi_0003_0100,D7FVX9,CBJ25499.1
Ec-01_002570,Esi_0003_0101,D7FVY0,CBJ25500.1
Ec-01_002580,Esi_0003_0105,D7FVY1,CBJ25501.1
Ec-01_002600,Esi_0003_0107,D7FVY2,CBJ25502.1
Ec-01_002610,Esi_0003_0109,D7FVY3,CBJ25503.1
Ec-01_002620,Esi_0003_0110,D7FVY4,CBJ25504.1
Ec-01_002630,Esi_0003_0111,D7FVY5,CBJ25505.1
Ec-01_002640,Esi_0003_0113,D7FVY6,CBJ25506.1
Ec-01_002650,Esi_0003_0115,D7FVY7,CBJ25507.1
Ec-01_002660,Esi_0003_0116,D7FVY8,CBJ25508.1
Ec-01_002670,Esi_0003_0117,D7FVY9,CBJ25509.1
Ec-01_002680,Esi_0003_0119,D7FVZ0,CBJ25510.1
Ec-01_002690,Esi_0003_0120,D7FVZ1,CBJ25511.1
Ec-01_002700,Esi_0003_0122,D7FVZ2,CBJ25512.1
Ec-01_002710,Esi_0003_0123,D7FVZ3,CBJ25513.1
Ec-01_002720,Esi_0003_0129,D7FVZ4,CBJ25514.1
Ec-01_002740,Esi_0003_0132,D7FVZ5,CBJ25515.1
Ec-01_002750,Esi_0003_0133,D7FVZ6,CBJ25516.1
Ec-01_002770,Esi_0003_0134,D7FVZ7,CBJ25517.1
Ec-01_002780,Esi_0003_0136,D7FVZ8,CBJ25518.1
Ec-01_002790,Esi_0003_0139,D7FVZ9,CBJ25519.1
Ec-01_002800,Esi_0003_0141,D7FW00,CBJ25520.1
Ec-01_002810,Esi_0003_0144,D7FW01,CBJ25521.1
Ec-01_002820,Esi_0003_0145,D7FW02,CBJ25522.1
Ec-01_002830,Esi_0003_0149,D7FW03,CBJ25523.1
Ec-01_002840,Esi_0003_0151,D7FW04,CBJ25524.1
Ec-01_002870,Esi_0003_0153,D7FW05,CBJ25525.1
Ec-01_002880,Esi_0003_0155,D7FW06,CBJ25526.1
Ec-01_002890,Esi_0003_0160,D7FW07,CBJ25527.1
Ec-01_002900,Esi_0003_0161,D7FW08,CBJ25528.1
Ec-01_002910,Esi_0003_0165,D7FW09,CBJ25529.1
Ec-01_002920,Esi_0003_0166,D7FW10,CBJ25530.1
Ec-01_002930,Esi_0003_0167,D7FW11,CBJ25531.1
Ec-01_002940,Esi_0003_0169,D7FW12,CBJ25532.1
Ec-01_002950,Esi_0003_0170,D7FW13,CBJ25533.1
Ec-01_002960,Esi_0003_0174,D7FW14,CBJ25534.1
Ec-01_002970,Esi_0003_0175,D7FW15,CBJ25535.1
Ec-01_002980,Esi_0003_0176,D7FW16,CBJ25536.1
Ec-01_002990,Esi_0003_0178,D7FW17,CBJ25537.1
Ec-01_003010,Esi_0003_0180,D7FW18,CBJ25538.1
Ec-01_003020,Esi_0003_0181,D7FW19,CBJ25539.1
Ec-01_003040,Esi_0003_0183,D7FW20,CBJ25540.1
Ec-01_003050,Esi_0003_0186,D7FW21,CBJ25541.1
Ec-01_003060,Esi_0003_0187,D7FW22,CBJ25542.1
Ec-01_003080,Esi_0003_0188,D7FW23,CBJ25543.1
Ec-01_003100,Esi_0003_0189,D7FW24,CBJ25544.1
Ec-01_003110,Esi_0003_0193,D7FW25,CBJ25545.1
Ec-01_003120,Esi_0003_0194,D7FW26,CBJ25546.1
Ec-01_003130,Esi_0003_0195,D7FW27,CBJ25547.1
Ec-01_003140,Esi_0003_0196,D7FW28,CBJ25548.1
Ec-01_003150,Esi_0003_0197,D7FW29,CBJ25549.1
Ec-01_003160,Esi_0003_0199,D7FW30,CBJ25550.1
,Esi_0003_0200,D7FW31,CBJ25551.1
Ec-01_003170,Esi_0003_0203,D7FW32,CBJ25552.1
Ec-01_003180,Esi_0003_0204,D7FW33,CBJ25553.1
Ec-01_003190,Esi_0003_0205,D7FW34,CBJ25554.1
Ec-01_003210,Esi_0003_0206,D7FW35,CBJ25555.1
Ec-01_003220,Esi_0003_0207,D7FW36,CBJ25556.1
Ec-01_003230,Esi_0003_0208,D7FW37,CBJ25557.1
Ec-01_003240,Esi_0003_0209,D7FW38,CBJ25558.1
Ec-01_003250,Esi_0003_0210,D7FW39,CBJ25559.1
Ec-01_003260,Esi_0003_0214,D7FW40,CBJ25560.1
Ec-01_003290,Esi_0003_0216,D7FW41,CBJ25561.1
Ec-01_003300,Esi_0003_0217,D7FW42,CBJ25562.1
Ec-01_003310,Esi_0003_0218,D7FW43,CBJ25563.1
Ec-01_003320,Esi_0003_0219,D7FW44,CBJ25564.1
Ec-01_003330,Esi_0003_0220,D7FW45,CBJ25565.1
Ec-01_003340,Esi_0003_0221,D7FW46,CBJ25566.1
Ec-01_003350,Esi_0003_0222,D7FW47,CBJ25567.1
Ec-01_003370,Esi_0003_0224,D7FW48,CBJ25568.1
Ec-01_003380,Esi_0003_0226,D7FW49,CBJ25569.1
Ec-01_003390,Esi_0003_0234,D7FW50,CBJ25570.1
Ec-01_003400,Esi_0003_0236,D7FW51,CBJ25571.1
,Esi_0003_0238,D7FW52,CBJ25572.1
Ec-01_003410,Esi_0003_0239,D7FW53,CBJ25573.1
Ec-01_003420,Esi_0003_0241,D7FW54,CBJ25574.1
Ec-01_003440,Esi_0003_0246,D7FW55,CBJ25575.1
Ec-01_003470,Esi_0003_0263,D7FW56,CBJ25576.1
Ec-01_003480,Esi_0003_0264,D7FW57,CBJ25577.1
Ec-01_003490,Esi_0003_0265,D7FW58,CBJ25578.1
Ec-01_003500,Esi_0003_0266,D7FW59,CBJ25579.1
Ec-01_003510,Esi_0003_0269,D7FW60,CBJ25580.1
Ec-01_003520,Esi_0003_0271,D7FW61,CBJ25581.1
Ec-01_003540,Esi_0003_0273,D7FW62,CBJ25582.1
Ec-01_003550,Esi_0003_0274,D7FW63,CBJ25583.1
,Esi_0003_0276,D7FW64,CBJ25584.1
Ec-01_003560,Esi_0003_0278,D7FW65,CBJ25585.1
Ec-01_003570,Esi_0003_0279,D7FW66,CBJ25586.1
Ec-01_003590,Esi_0003_0280,D7FW67,CBJ25587.1
Ec-01_003600,Esi_0003_0281,D7FW68,CBJ25588.1
Ec-01_003610,Esi_0003_0284,D7FW69,CBJ25589.1
Ec-01_003620,Esi_0003_0285,D7FW70,CBJ25590.1
Ec-01_003630,Esi_0003_0286,D7FW71,CBJ25591.1
Ec-01_003640,Esi_0003_0287,D7FW72,CBJ25592.1
Ec-01_003650,Esi_0003_0288,D7FW73,CBJ25593.1
Ec-01_003660,Esi_0003_0292,D7FW74,CBJ25594.1
Ec-01_003670,Esi_0003_0293,D7FW75,CBJ25595.1
Ec-01_003680,Esi_0003_0295,D7FW76,CBJ25596.1
Ec-01_003690,Esi_0003_0298,D7FW77,CBJ25597.1
Ec-01_003700,Esi_0003_0302,D7FW78,CBJ25598.1
Ec-01_003710,Esi_0003_0304,D7FW79,CBJ25599.1
Ec-01_003720,Esi_0003_0305,D7FW80,CBJ25600.1
Ec-01_003730,Esi_0003_0306,D7FW81,CBJ25601.1
Ec-01_003740,Esi_0003_0309,D7FW82,CBJ25602.1
Ec-01_003750,Esi_0003_0311,D7FW83,CBJ25603.1
Ec-01_003760,Esi_0003_0312,D7FW84,CBJ25604.1
Ec-01_003770,Esi_0003_0313,D7FW85,CBJ25605.1
Ec-01_003780,Esi_0003_0314,D7FW86,CBJ25606.1
Ec-01_003790,Esi_0003_0315,D7FW87,CBJ25607.1
Ec-01_003800,Esi_0003_0317,D7FW88,CBJ25608.1
Ec-01_003810,Esi_0003_0318,D7FW89,CBJ25609.1
Ec-01_003820,Esi_0003_0319,D7FW90,CBJ25610.1
,Esi_0003_0320,D7FW91,CBJ25611.1
Ec-01_003830,Esi_0003_0321,D7FW92,CBJ25612.1
Ec-01_003840,Esi_0003_0323,D7FW93,CBJ25613.1
Ec-01_003850,Esi_0003_0324,D7FW94,CBJ25614.1
,Esi_0003_0325,D7FW95,CBJ25615.1
Ec-01_003860,Esi_0003_0328,D7FW96,CBJ25616.1
Ec-01_003870,Esi_0003_0330,D7FW97,CBJ25617.1
Ec-01_003880,Esi_0003_0332,D7FW98,CBJ25618.1
Ec-01_003890,Esi_0003_0333,D7FW99,CBJ25619.1
Ec-01_003900,Esi_0003_0334,D7FWA0,CBJ25620.1
Ec-01_003910,Esi_0003_0340,D7FWA1,CBJ25621.1
Ec-01_003920,Esi_0003_0341,D7FWA2,CBJ25622.1
Ec-01_003930,Esi_0003_0342,D7FWA3,CBJ25623.1
Ec-01_003940,Esi_0003_0344,D7FWA4,CBJ25624.1
Ec-01_003960,Esi_0003_0345,D7FWA5,CBJ25625.1
Ec-01_003970,Esi_0003_0346,D7FWA6,CBJ25626.1
,Esi_0003_0347,D7FWA7,CBJ25627.1
Ec-01_002860,Esi_0003_0367,,
Ec-01_003200,Esi_0003_0369,,
Ec-01_002560,Esi_0003_0370,,
Ec-01_003270,Esi_0003_0375,,
Ec-01_003280,Esi_0003_0376,,
Ec-01_003360,Esi_0003_0377,,
Ec-01_003450,Esi_0003_0378,,
Ec-01_003530,Esi_0003_0379,,
Ec-01_003580,Esi_0003_0380,,
Ec-01_002480,Esi_0003_0381,,
Ec-01_002590,Esi_0003_0382,,
Ec-01_001980,Esi_0003_0383,,
Ec-01_003030,Esi_0003_0384,,
Ec-01_002850,Esi_0003_0385,,
Ec-01_003000,Esi_0003_0386,,
Ec-01_003070,Esi_0003_0387,,
Ec-01_003090,Esi_0003_0388,,
Ec-01_003430,Esi_0003_0389,,
Ec-01_003460,Esi_0003_0390,,
Ec-01_002140,Esi_0003_0391,,
Ec-01_003950,Esi_0003_0392,,
Ec-01_002160,Esi_0003_0393,,
Ec-01_002510,Esi_0003_0394,,
Ec-01_002730,Esi_0003_0395,,
Ec-01_002760,Esi_0003_0396,,
Ec-05_001900,Esi_0004_0016,D8LM86,CBN77496.1
,Esi_0004_0024,D8LM87,CBN77497.1
Ec-05_001910,Esi_0004_0025,D8LM88,CBN77498.1
Ec-05_001920,Esi_0004_0028,D8LM89,CBN77499.1
Ec-05_001930,Esi_0004_0029,D8LM90,CBN77500.1
Ec-05_001940,Esi_0004_0033,D8LM91,CBN77501.1
Ec-05_001950,Esi_0004_0034,D8LM92,CBN77502.1
Ec-05_001960,Esi_0004_0035,D8LM93,CBN77503.1
Ec-05_001970,Esi_0004_0036,D8LM94,CBN77504.1
Ec-05_001980,Esi_0004_0038,D8LM95,CBN77505.1
Ec-05_001990,Esi_0004_0039,D8LM96,CBN77506.1
Ec-05_002000,Esi_0004_0041,D8LM97,CBN77507.1
Ec-05_002010,Esi_0004_0043,D8LM98,CBN77508.1
Ec-05_002040,Esi_0004_0056,D8LM99,CBN77509.1
Ec-05_002050,Esi_0004_0057,D8LMA0,CBN77510.1
Ec-05_002060,Esi_0004_0058,D8LMA1,CBN77511.1
Ec-05_002070,Esi_0004_0061,D8LMA2,CBN77512.1
Ec-05_002080,Esi_0004_0062,D8LMA3,CBN77513.1
Ec-05_002090,Esi_0004_0064,D8LMA4,CBN77514.1
Ec-05_002100,Esi_0004_0066,D8LMA5,CBN77515.1
Ec-05_002110,Esi_0004_0068,D8LMA6,CBN77516.1
Ec-05_002120,Esi_0004_0070,D8LMA7,CBN77517.1
Ec-05_002130,Esi_0004_0071,D8LMA8,CBN77518.1
Ec-05_002140,Esi_0004_0072,D8LMA9,CBN77519.1
,Esi_0004_0073,D8LMB0,CBN77520.1
Ec-05_002150,Esi_0004_0075,D8LMB1,CBN77521.1
Ec-05_002160,Esi_0004_0083,D8LMB2,CBN77522.1
Ec-05_002170,Esi_0004_0084,D8LMB3,CBN77523.1
,Esi_0004_0085,D8LMB4,CBN77524.1
Ec-05_002180,Esi_0004_0086,D8LMB5,CBN77525.1
Ec-05_002190,Esi_0004_0088,D8LMB6,CBN77526.1
Ec-05_002200,Esi_0004_0092,D8LMB7,CBN77527.1
Ec-05_002210,Esi_0004_0093,D8LMB8,CBN77528.1
Ec-05_002220,Esi_0004_0096,D8LMB9,CBN77529.1
,Esi_0004_0097,D8LMC0,CBN77530.1
Ec-05_002230,Esi_0004_0101,D8LMC1,CBN77531.1
Ec-05_002240,Esi_0004_0103,D8LMC2,CBN77532.1
Ec-05_002250,Esi_0004_0105,D8LMC3,CBN77533.1
Ec-05_002260,Esi_0004_0107,D8LMC4,CBN77534.1
Ec-05_002270,Esi_0004_0109,D8LMC5,CBN77535.1
Ec-05_002280,Esi_0004_0111,D8LMC6,CBN77536.1
Ec-05_002290,Esi_0004_0113,D8LMC7,CBN77537.1
Ec-05_002300,Esi_0004_0114,D8LMC8,CBN77538.1
,Esi_0004_0115,D8LMC9,CBN77539.1
Ec-05_002320,Esi_0004_0116,D8LMD0,CBN77540.1
Ec-05_002340,Esi_0004_0118,D8LMD1,CBN77541.1
Ec-05_002350,Esi_0004_0119,D8LMD2,CBN77542.1
Ec-05_002360,Esi_0004_0121,D8LMD3,CBN77543.1
Ec-05_002370,Esi_0004_0122,D8LMD4,CBN77544.1
,Esi_0004_0124,D8LMD5,CBN77545.1
Ec-05_002380,Esi_0004_0125,D8LMD6,CBN77546.1
Ec-05_002390,Esi_0004_0127,D8LMD7,CBN77547.1
Ec-05_002410,Esi_0004_0128,D8LMD8,CBN77548.1
Ec-05_002420,Esi_0004_0129,D8LMD9,CBN77549.1
Ec-05_002430,Esi_0004_0130,D8LME0,CBN77550.1
Ec-05_002440,Esi_0004_0131,D8LME1,CBN77551.1
Ec-05_002450,Esi_0004_0132,D8LME2,CBN77552.1
,Esi_0004_0135,D8LME3,CBN77553.1
Ec-05_002460,Esi_0004_0136,D8LME4,CBN77554.1
Ec-05_002470,Esi_0004_0139,D8LME5,CBN77555.1
Ec-05_002480,Esi_0004_0141,D8LME6,CBN77556.1
Ec-05_002490,Esi_0004_0142,D8LME7,CBN77557.1
,Esi_0004_0143,D8LME8,CBN77558.1
,Esi_0004_0144,D8LME9,CBN77559.1
Ec-05_002500,Esi_0004_0145,D8LMF0,CBN77560.1
Ec-05_002510,Esi_0004_0149,D8LMF1,CBN77561.1
Ec-05_002520,Esi_0004_0152,D8LMF2,CBN77562.1
Ec-05_002530,Esi_0004_0153,D8LMF3,CBN77563.1
Ec-05_002540,Esi_0004_0156,D8LMF4,CBN77564.1
Ec-05_002550,Esi_0004_0157,D8LMF5,CBN77565.1
Ec-05_002560,Esi_0004_0159,D8LMF6,CBN77566.1
Ec-05_002580,Esi_0004_0161,D8LMF7,CBN77567.1
Ec-05_002590,Esi_0004_0163,D8LMF8,CBN77568.1
Ec-05_002600,Esi_0004_0164,D8LMF9,CBN77569.1
Ec-05_002620,Esi_0004_0166,D8LMG0,CBN77570.1
Ec-05_002630,Esi_0004_0170,D8LMG1,CBN77571.1
Ec-05_002640,Esi_0004_0171,D8LMG2,CBN77572.1
Ec-05_002650,Esi_0004_0173,D8LMG3,CBN77573.1
Ec-05_002660,Esi_0004_0175,D8LMG4,CBN77574.1
Ec-05_002680,Esi_0004_0179,D8LMG5,CBN77575.1
Ec-05_002690,Esi_0004_0180,D8LMG6,CBN77576.1
,Esi_0004_0181,D8LMG7,CBN77577.1
Ec-05_002710,Esi_0004_0191,D8LMG8,CBN77578.1
Ec-05_002720,Esi_0004_0192,D8LMG9,CBN77579.1
Ec-05_002730,Esi_0004_0202,D8LMH0,CBN77580.1
Ec-05_002750,Esi_0004_0206,D8LMH1,CBN77581.1
Ec-05_002760,Esi_0004_0208,D8LMH2,CBN77582.1
,Esi_0004_0209,D8LMH3,CBN77583.1
Ec-05_002770,Esi_0004_0210,D8LMH4,CBN77584.1
Ec-05_002790,Esi_0004_0212,D8LMH5,CBN77585.1
Ec-05_002800,Esi_0004_0213,D8LMH6,CBN77586.1
Ec-05_002810,Esi_0004_0215,D8LMH7,CBN77587.1
Ec-05_002810,Esi_0004_0216,D8LMH8,CBN77588.1
,Esi_0004_0218,D8LMH9,CBN77589.1
Ec-05_002820,Esi_0004_0219,D8LMI0,CBN77590.1
Ec-05_002830,Esi_0004_0220,D8LMI1,CBN77591.1
Ec-05_002840,Esi_0004_0222,D8LMI2,CBN77592.1
Ec-05_002850,Esi_0004_0225,D8LMI3,CBN77593.1
Ec-05_002860,Esi_0004_0226,D8LMI4,CBN77594.1
Ec-05_002890,Esi_0004_0227,D8LMI5,CBN77595.1
Ec-05_002900,Esi_0004_0228,D8LMI6,CBN77596.1
,Esi_0004_0229,D8LMI7,CBN77597.1
Ec-05_002910,Esi_0004_0230,D8LMI8,CBN77598.1
Ec-05_002920,Esi_0004_0234,D8LMI9,CBN77599.1
,Esi_0004_0236,D8LMJ0,CBN77600.1
Ec-05_002930,Esi_0004_0239,D8LMJ1,CBN77601.1
Ec-05_002940,Esi_0004_0241,D8LMJ2,CBN77602.1
Ec-05_002960,Esi_0004_0243,D8LMJ3,CBN77603.1
Ec-05_002970,Esi_0004_0250,D8LMJ4,CBN77604.1
Ec-05_002980,Esi_0004_0251,D8LMJ5,CBN77605.1
Ec-05_002990,Esi_0004_0252,D8LMJ6,CBN77606.1
Ec-05_003000,Esi_0004_0255,D8LMJ7,CBN77607.1
,Esi_0004_0256,D8LMJ8,CBN77608.1
Ec-05_003010,Esi_0004_0257,D8LMJ9,CBN77609.1
Ec-05_003020,Esi_0004_0259,D8LMK0,CBN77610.1
Ec-05_003040,Esi_0004_0261,D8LMK1,CBN77611.1
Ec-05_003050,Esi_0004_0262,D8LMK2,CBN77612.1
Ec-05_003060,Esi_0004_0268,D8LMK3,CBN77613.1
Ec-05_003070,Esi_0004_0269,D8LMK4,CBN77614.1
Ec-05_003080,Esi_0004_0272,D8LMK5,CBN77615.1
Ec-05_003090,Esi_0004_0275,D8LMK6,CBN77616.1
Ec-05_003100,Esi_0004_0276,D8LMK7,CBN77617.1
Ec-05_003110,Esi_0004_0277,D8LMK8,CBN77618.1
Ec-05_003120,Esi_0004_0278,D8LMK9,CBN77619.1
,Esi_0004_0279,D8LML0,CBN77620.1
Ec-05_003130,Esi_0004_0283,D8LML1,CBN77621.1
Ec-05_003150,Esi_0004_0284,D8LML2,CBN77622.1
Ec-05_003160,Esi_0004_0285,D8LML3,CBN77623.1
,Esi_0004_0288,D8LML4,CBN77624.1
Ec-05_003170,Esi_0004_0291,D8LML5,CBN77625.1
Ec-05_003180,Esi_0004_0292,D8LML6,CBN77626.1
Ec-05_003190,Esi_0004_0294,D8LML7,CBN77627.1
Ec-05_003200,Esi_0004_0295,D8LML8,CBN77628.1
Ec-05_003210,Esi_0004_0296,D8LML9,CBN77629.2
Ec-05_003220,Esi_0004_0303,D8LMM0,CBN77630.1
Ec-05_003230,Esi_0004_0307,D8LMM1,CBN77631.1
Ec-05_003030,Esi_0004_0340,,
Ec-05_002020,Esi_0004_0341,,
Ec-05_002570,Esi_0004_0342,,
Ec-05_002610,Esi_0004_0343,,
Ec-05_002670,Esi_0004_0344,,
Ec-05_002700,Esi_0004_0345,,
Ec-05_002740,Esi_0004_0346,,
Ec-05_002780,Esi_0004_0347,,
Ec-05_002870,Esi_0004_0348,,
Ec-05_002880,Esi_0004_0349,,
Ec-05_002950,Esi_0004_0350,,
Ec-05_003140,Esi_0004_0351,,
Ec-05_002030,Esi_0004_0352,,
Ec-05_002310,Esi_0004_0353,,
Ec-05_002330,Esi_0004_0354,,
Ec-05_002400,Esi_0004_0355,,
Ec-08_006710,Esi_0005_0002,D8LNL2,CBN78222.1
Ec-08_006690,Esi_0005_0003,D8LNL3,CBN78223.1
Ec-08_006680,Esi_0005_0005,D8LNL4,CBN78224.1
Ec-08_006670,Esi_0005_0009,D8LNL5,CBN78225.1
Ec-08_006660,Esi_0005_0010,D8LNL6,CBN78226.1
,Esi_0005_0013,D8LNL7,CBN78227.1
Ec-08_006650,Esi_0005_0014,D8LNL8,CBN78228.1
Ec-08_006640,Esi_0005_0015,D8LNL9,CBN78229.1
Ec-08_006630,Esi_0005_0016,D8LNM0,CBN78230.1
Ec-08_006620,Esi_0005_0017,D8LNM1,CBN78231.1
Ec-08_006610,Esi_0005_0021,D8LNM2,CBN78232.1
Ec-08_006600,Esi_0005_0023,D8LNM3,CBN78233.1
Ec-08_006590,Esi_0005_0024,D8LNM4,CBN78234.1
Ec-08_006570,Esi_0005_0025,D8LNM5,CBN78235.1
Ec-08_006560,Esi_0005_0027,D8LNM6,CBN78236.1
Ec-08_006550,Esi_0005_0028,D8LNM7,CBN78237.1
Ec-08_006540,Esi_0005_0029,D8LNM8,CBN78238.1
Ec-08_006530,Esi_0005_0031,D8LNM9,CBN78239.1
Ec-08_006520,Esi_0005_0034,D8LNN0,CBN78240.1
Ec-08_006510,Esi_0005_0036,D8LNN1,CBN78241.1
Ec-08_006500,Esi_0005_0038,D8LNN2,CBN78242.1
Ec-08_006490,Esi_0005_0039,D8LNN3,CBN78243.1
Ec-08_006480,Esi_0005_0040,D8LNN4,CBN78244.1
Ec-08_006450,Esi_0005_0057,D8LNN5,CBN78245.1
Ec-08_006440,Esi_0005_0068,D8LNN6,CBN78246.1
Ec-08_006430,Esi_0005_0071,D8LNN7,CBN78247.1
Ec-08_006420,Esi_0005_0079,D8LNN8,CBN78248.1
Ec-08_006410,Esi_0005_0080,D8LNN9,CBN78249.1
Ec-08_006400,Esi_0005_0081,D8LNP0,CBN78250.1
Ec-08_006390,Esi_0005_0083,D8LNP1,CBN78251.1
Ec-08_006380,Esi_0005_0084,D8LNP2,CBN78252.1
Ec-08_006370,Esi_0005_0086,D8LNP3,CBN78253.1
Ec-08_006360,Esi_0005_0087,D8LNP4,CBN78254.1
Ec-08_006350,Esi_0005_0088,D8LNP5,CBN78255.1
Ec-08_006340,Esi_0005_0094,D8LNP6,CBN78256.1
Ec-08_006330,Esi_0005_0095,D8LNP7,CBN78257.1
Ec-08_006320,Esi_0005_0096,D8LNP8,CBN78258.1
Ec-08_006300,Esi_0005_0104,D8LNP9,CBN78259.1
Ec-08_006270,Esi_0005_0114,D8LNQ0,CBN78260.1
Ec-08_006260,Esi_0005_0117,D8LNQ1,CBN78261.1
Ec-08_006250,Esi_0005_0123,D8LNQ2,CBN78262.1
Ec-08_006240,Esi_0005_0128,D8LNQ3,CBN78263.1
Ec-08_006230,Esi_0005_0129,D8LNQ4,CBN78264.1
Ec-08_006220,Esi_0005_0132,D8LNQ5,CBN78265.1
,Esi_0005_0133,D8LNQ6,CBN78266.1
Ec-08_006210,Esi_0005_0135,D8LNQ7,CBN78267.1
Ec-08_006200,Esi_0005_0136,D8LNQ8,CBN78268.1
Ec-08_006190,Esi_0005_0140,D8LNQ9,CBN78269.1
Ec-08_006180,Esi_0005_0142,D8LNR0,CBN78270.1
Ec-08_006170,Esi_0005_0143,D8LNR1,CBN78271.1
Ec-08_006160,Esi_0005_0144,D8LNR2,CBN78272.1
Ec-08_006150,Esi_0005_0147,D8LNR3,CBN78273.1
Ec-08_006140,Esi_0005_0149,D8LNR4,CBN78274.1
Ec-08_006120,Esi_0005_0150,D8LNR5,CBN78275.1
Ec-08_006110,Esi_0005_0151,D8LNR6,CBN78276.1
Ec-08_006100,Esi_0005_0152,D8LNR7,CBN78277.1
Ec-08_006090,Esi_0005_0153,D8LNR8,CBN78278.1
Ec-08_006080,Esi_0005_0154,D8LNR9,CBN78279.1
Ec-08_006070,Esi_0005_0155,D8LNS0,CBN78280.1
Ec-08_006060,Esi_0005_0156,D8LNS1,CBN78281.1
Ec-08_006050,Esi_0005_0160,D8LNS2,CBN78282.1
Ec-08_006040,Esi_0005_0161,D8LNS3,CBN78283.1
Ec-08_006020,Esi_0005_0163,D8LNS4,CBN78284.1
Ec-08_006010,Esi_0005_0164,D8LNS5,CBN78285.1
Ec-08_006000,Esi_0005_0166,D8LNS6,CBN78286.1
Ec-08_005990,Esi_0005_0168,D8LNS7,CBN78287.1
Ec-08_005960,Esi_0005_0172,D8LNS8,CBN78288.1
Ec-08_005950,Esi_0005_0173,D8LNS9,CBN78289.1
Ec-08_005940,Esi_0005_0174,D8LNT0,CBN78290.1
Ec-08_005930,Esi_0005_0175,D8LNT1,CBN78291.1
Ec-08_005920,Esi_0005_0179,D8LNT2,CBN78292.1
Ec-08_005910,Esi_0005_0181,D8LNT3,CBN78293.1
Ec-08_005880,Esi_0005_0185,D8LNT4,CBN78294.1
Ec-08_005870,Esi_0005_0190,D8LNT5,CBN78295.1
Ec-08_005860,Esi_0005_0193,D8LNT6,CBN78296.1
Ec-08_005850,Esi_0005_0195,D8LNT7,CBN78297.1
Ec-08_005840,Esi_0005_0196,D8LNT8,CBN78298.1
Ec-08_005830,Esi_0005_0197,D8LNT9,CBN78299.1
Ec-08_005820,Esi_0005_0198,D8LNU0,CBN78300.1
Ec-08_005810,Esi_0005_0202,D8LNU1,CBN78301.1
Ec-08_005800,Esi_0005_0203,D8LNU2,CBN78302.1
Ec-08_005790,Esi_0005_0206,D8LNU3,CBN78303.1
obsolete,Esi_0005_0207,D8LNU4,CBN78304.1
Ec-08_005780,Esi_0005_0215,D8LNU5,CBN78305.1
,Esi_0005_0216,D8LNU6,CBN78306.1
Ec-08_005770,Esi_0005_0217,D8LNU7,CBN78307.2
Ec-08_005760,Esi_0005_0219,D8LNU8,CBN78308.1
,Esi_0005_0221,D8LNU9,CBN78309.1
Ec-08_005750,Esi_0005_0222,D8LNV0,CBN78310.1
Ec-08_005740,Esi_0005_0223,D8LNV1,CBN78311.1
Ec-08_005720,Esi_0005_0224,D8LNV2,CBN78312.1
Ec-08_005710,Esi_0005_0229,D8LNV3,CBN78313.1
Ec-08_005700,Esi_0005_0232,D8LNV4,CBN78314.1
Ec-08_005700,Esi_0005_0234,D8LNV5,CBN78315.1
Ec-08_005680,Esi_0005_0239,D8LNV6,CBN78316.1
Ec-08_005670,Esi_0005_0240,D8LNV7,CBN78317.1
Ec-08_005660,Esi_0005_0241,D8LNV8,CBN78318.1
Ec-08_005640,Esi_0005_0242,D8LNV9,CBN78319.1
Ec-08_005620,Esi_0005_0243,D8LNW0,CBN78320.1
Ec-08_005610,Esi_0005_0245,D8LNW1,CBN78321.1
Ec-08_005600,Esi_0005_0246,D8LNW2,CBN78322.1
Ec-08_005590,Esi_0005_0248,D8LNW3,CBN78323.1
Ec-08_005580,Esi_0005_0249,D8LNW4,CBN78324.1
Ec-08_005570,Esi_0005_0252,D8LNW5,CBN78325.1
Ec-08_005560,Esi_0005_0253,D8LNW6,CBN78326.1
Ec-08_005550,Esi_0005_0254,D8LNW7,CBN78327.1
Ec-08_005530,Esi_0005_0255,D8LNW8,CBN78328.1
Ec-08_005520,Esi_0005_0256,D8LNW9,CBN78329.1
Ec-08_005510,Esi_0005_0257,D8LNX0,CBN78330.1
Ec-08_005500,Esi_0005_0259,D8LNX1,CBN78331.1
Ec-08_005490,Esi_0005_0261,D8LNX2,CBN78332.1
Ec-08_005480,Esi_0005_0262,D8LNX3,CBN78333.1
Ec-08_005470,Esi_0005_0263,D8LNX4,CBN78334.1
Ec-08_005460,Esi_0005_0267,D8LNX5,CBN78335.1
Ec-08_005450,Esi_0005_0270,D8LNX6,CBN78336.1
Ec-08_005440,Esi_0005_0273,D8LNX7,CBN78337.1
Ec-08_005420,Esi_0005_0275,D8LNX8,CBN78338.1
Ec-08_005410,Esi_0005_0277,D8LNX9,CBN78339.1
Ec-08_005400,Esi_0005_0280,D8LNY0,CBN78340.1
Ec-08_005390,Esi_0005_0282,D8LNY1,CBN78341.1
Ec-08_005380,Esi_0005_0287,D8LNY2,CBN78342.1
Ec-08_006130,Esi_0005_0314,,
Ec-08_005690,Esi_0005_0315,,
Ec-08_005900,Esi_0005_0322,,
Ec-08_005890,Esi_0005_0323,,
Ec-08_005730,Esi_0005_0324,,
Ec-08_005650,Esi_0005_0325,,
Ec-08_005630,Esi_0005_0326,,
Ec-08_005540,Esi_0005_0327,,
Ec-08_005430,Esi_0005_0328,,
Ec-08_006580,Esi_0005_0329,,
Ec-08_006720,Esi_0005_0330,,
Ec-08_006470,Esi_0005_0331,,
Ec-08_006460,Esi_0005_0332,,
Ec-08_006700,Esi_0005_0333,,
Ec-08_006310,Esi_0005_0334,,
Ec-08_006290,Esi_0005_0335,,
Ec-08_006280,Esi_0005_0336,,
Ec-08_006030,Esi_0005_0337,,
Ec-08_005980,Esi_0005_0338,,
Ec-08_005970,Esi_0005_0339,,
Ec-10_005020,Esi_0006_0001,D8LQB6,CBN78680.1
Ec-10_005030,Esi_0006_0009,D8LQB7,CBN78681.1
Ec-10_005050,Esi_0006_0012,D8LQB8,CBN78682.1
,Esi_0006_0015,D8LQB9,CBN78683.1
Ec-10_005070,Esi_0006_0016,D8LQC0,CBN78684.1
Ec-10_005080,Esi_0006_0018,D8LQC1,CBN78685.1
Ec-10_005090,Esi_0006_0019,D8LQC2,CBN78686.1
Ec-10_005100,Esi_0006_0020,D8LQC3,CBN78687.1
Ec-10_005110,Esi_0006_0021,D8LQC4,CBN78688.1
Ec-10_005120,Esi_0006_0022,D8LQC5,CBN78689.1
Ec-10_005130,Esi_0006_0024,D8LQC6,CBN78690.1
Ec-10_005140,Esi_0006_0025,D8LQC7,CBN78691.1
Ec-10_005150,Esi_0006_0027,D8LQC8,CBN78692.1
Ec-10_005160,Esi_0006_0028,D8LQC9,CBN78693.1
Ec-10_005170,Esi_0006_0030,D8LQD0,CBN78694.1
Ec-10_005180,Esi_0006_0031,D8LQD1,CBN78695.1
obsolete,Esi_0006_0033,D8LQD2,CBN78696.1
Ec-10_005190,Esi_0006_0034,D8LQD3,CBN78697.1
Ec-10_005200,Esi_0006_0035,D8LQD4,CBN78698.1
Ec-10_005240,Esi_0006_0038,D8LQD5,CBN78699.1
Ec-10_005250,Esi_0006_0040,D8LQD6,CBN78700.1
Ec-10_005260,Esi_0006_0044,D8LQD7,CBN78701.1
Ec-10_005270,Esi_0006_0045,D8LQD8,CBN78702.1
Ec-10_005280,Esi_0006_0046,D8LQD9,CBN78703.1
obsolete,Esi_0006_0048,D8LQE0,CBN78704.1
Ec-10_005300,Esi_0006_0051,D8LQE1,CBN78705.1
,Esi_0006_0052,D8LQE2,CBN78706.1
Ec-10_005320,Esi_0006_0055,D8LQE3,CBN78707.1
Ec-10_005330,Esi_0006_0056,D8LQE4,CBN78708.1
Ec-10_005340,Esi_0006_0058,D8LQE5,CBN78709.1
Ec-10_005350,Esi_0006_0062,D8LQE6,CBN78710.1
Ec-10_005360,Esi_0006_0063,D8LQE7,CBN78711.1
Ec-10_005370,Esi_0006_0068,D8LQE8,CBN78712.1
,Esi_0006_0069,D8LQE9,CBN78713.1
,Esi_0006_0070,D8LQF0,CBN78714.1
Ec-10_005390,Esi_0006_0071,D8LQF1,CBN78715.1
Ec-10_005400,Esi_0006_0074,D8LQF2,CBN78716.1
Ec-10_005410,Esi_0006_0075,D8LQF3,CBN78717.1
Ec-10_005420,Esi_0006_0076,D8LQF4,CBN78718.1
Ec-10_005430,Esi_0006_0077,D8LQF5,CBN78719.1
Ec-10_005470,Esi_0006_0078,D8LQF6,CBN78720.1
Ec-10_005480,Esi_0006_0079,D8LQF7,CBN78721.1
Ec-10_005490,Esi_0006_0085,D8LQF8,CBN78722.1
Ec-10_005500,Esi_0006_0086,D8LQF9,CBN78723.1
,Esi_0006_0088,D8LQG0,CBN78724.1
Ec-10_005520,Esi_0006_0090,D8LQG1,CBN78725.1
,Esi_0006_0091,D8LQG2,CBN78726.1
Ec-10_005530,Esi_0006_0092,D8LQG3,CBN78727.1
Ec-10_005540,Esi_0006_0093,D8LQG4,CBN78728.1
Ec-10_005550,Esi_0006_0094,D8LQG5,CBN78729.1
Ec-10_005560,Esi_0006_0095,D8LQG6,CBN78730.2
Ec-10_005570,Esi_0006_0097,D8LQG7,CBN78731.1
Ec-10_005590,Esi_0006_0099,D8LQG8,CBN78732.1
Ec-10_005610,Esi_0006_0100,D8LQG9,CBN78733.1
,Esi_0006_0103,D8LQH0,CBN78734.1
Ec-10_005620,Esi_0006_0106,D8LQH1,CBN78735.1
Ec-10_005630,Esi_0006_0107,D8LQH2,CBN78736.1
Ec-10_005640,Esi_0006_0109,D8LQH3,CBN78737.1
Ec-10_005650,Esi_0006_0111,D8LQH4,CBN78738.1
Ec-10_005660,Esi_0006_0112,D8LQH5,CBN78739.1
Ec-10_005670,Esi_0006_0114,D8LQH6,CBN78740.1
Ec-10_005680,Esi_0006_0115,D8LQH7,CBN78741.1
Ec-10_005690,Esi_0006_0117,D8LQH8,CBN78742.1
Ec-10_005710,Esi_0006_0120,D8LQH9,CBN78743.1
Ec-10_005720,Esi_0006_0121,D8LQI0,CBN78744.1
Ec-10_005730,Esi_0006_0123,D8LQI1,CBN78745.1
Ec-10_005740,Esi_0006_0124,D8LQI2,CBN78746.1
Ec-10_005770,Esi_0006_0125,D8LQI3,CBN78747.1
Ec-10_005770,Esi_0006_0126,D8LQI4,CBN78748.1
Ec-10_005780,Esi_0006_0130,D8LQI5,CBN78749.1
Ec-10_005790,Esi_0006_0131,D8LQI6,CBN78750.1
Ec-10_005800,Esi_0006_0132,D8LQI7,CBN78751.1
Ec-10_005810,Esi_0006_0133,D8LQI8,CBN78752.1
Ec-10_005820,Esi_0006_0134,D8LQI9,CBN78753.1
Ec-10_005840,Esi_0006_0136,D8LQJ0,CBN78754.1
Ec-10_005860,Esi_0006_0137,D8LQJ1,CBN78755.1
Ec-10_005870,Esi_0006_0139,D8LQJ2,CBN78756.1
Ec-10_005900,Esi_0006_0142,D8LQJ3,CBN78757.1
,Esi_0006_0145,D8LQJ4,CBN78758.1
Ec-10_005940,Esi_0006_0146,D8LQJ5,CBN78759.1
Ec-10_005950,Esi_0006_0147,D8LQJ6,CBN78760.1
Ec-10_005960,Esi_0006_0148,D8LQJ7,CBN78761.1
Ec-10_005970,Esi_0006_0149,D8LQJ8,CBN78762.1
Ec-10_005980,Esi_0006_0150,D8LQJ9,CBN78763.1
Ec-10_005990,Esi_0006_0151,D8LQK0,CBN78764.1
Ec-10_006000,Esi_0006_0152,D8LQK1,CBN78765.1
,Esi_0006_0159,D8LQK2,CBN78766.1
Ec-10_006010,Esi_0006_0161,D8LQK3,CBN78767.1
,Esi_0006_0162,D8LQK4,CBN78768.1
,Esi_0006_0165,D8LQK5,CBN78769.1
Ec-10_006020,Esi_0006_0171,D8LQK6,CBN78770.1
,Esi_0006_0172,D8LQK7,CBN78771.1
Ec-10_006030,Esi_0006_0173,D8LQK8,CBN78772.1
Ec-10_006050,Esi_0006_0175,D8LQK9,CBN78773.1
Ec-10_006070,Esi_0006_0178,D8LQL0,CBN78774.1
Ec-10_006080,Esi_0006_0179,D8LQL1,CBN78775.1
Ec-10_006090,Esi_0006_0180,D8LQL2,CBN78776.1
Ec-10_006100,Esi_0006_0181,D8LQL3,CBN78777.1
Ec-10_006110,Esi_0006_0183,D8LQL4,CBN78778.1
Ec-10_006120,Esi_0006_0184,D8LQL5,CBN78779.1
Ec-10_006130,Esi_0006_0185,D8LQL6,CBN78780.1
,Esi_0006_0186,D8LQL7,CBN78781.1
Ec-10_006140,Esi_0006_0187,D8LQL8,CBN78782.1
Ec-10_006150,Esi_0006_0189,D8LQL9,CBN78783.1
Ec-10_006160,Esi_0006_0190,D8LQM0,CBN78784.1
Ec-10_006180,Esi_0006_0192,D8LQM1,CBN78785.1
Ec-10_006190,Esi_0006_0194,D8LQM2,CBN78786.1
Ec-10_006200,Esi_0006_0195,D8LQM3,CBN78787.1
Ec-10_006220,Esi_0006_0196,D8LQM4,CBN78788.1
Ec-10_006230,Esi_0006_0198,D8LQM5,CBN78789.1
Ec-10_006240,Esi_0006_0200,D8LQM6,CBN78790.1
Ec-10_006250,Esi_0006_0201,D8LQM7,CBN78791.1
Ec-10_006260,Esi_0006_0202,D8LQM8,CBN78792.1
Ec-10_006280,Esi_0006_0203,D8LQM9,CBN78793.1
Ec-10_006300,Esi_0006_0204,D8LQN0,CBN78794.1
Ec-10_006310,Esi_0006_0205,D8LQN1,CBN78795.1
Ec-10_006320,Esi_0006_0206,D8LQN2,CBN78796.1
Ec-10_006330,Esi_0006_0207,D8LQN3,CBN78797.1
Ec-10_006340,Esi_0006_0211,D8LQN4,CBN78798.1
,Esi_0006_0213,D8LQN5,CBN78799.1
Ec-10_006360,Esi_0006_0214,D8LQN6,CBN78800.1
Ec-10_006370,Esi_0006_0215,D8LQN7,CBN78801.1
Ec-10_006380,Esi_0006_0216,D8LQN8,CBN78802.1
Ec-10_006390,Esi_0006_0218,D8LQN9,CBN78803.1
,Esi_0006_0220,D8LQP0,CBN78804.1
Ec-10_006400,Esi_0006_0221,D8LQP1,CBN78805.1
Ec-10_006410,Esi_0006_0225,D8LQP2,CBN78806.1
Ec-10_005040,Esi_0006_0246,,
Ec-10_005210,Esi_0006_0247,,
Ec-10_005220,Esi_0006_0248,,
Ec-10_005230,Esi_0006_0249,,
Ec-10_005440,Esi_0006_0250,,
Ec-10_005450,Esi_0006_0251,,
Ec-10_005460,Esi_0006_0252,,
Ec-10_005700,Esi_0006_0253,,
Ec-10_006040,Esi_0006_0254,,
Ec-10_006350,Esi_0006_0255,,
Ec-10_006420,Esi_0006_0256,,
Ec-10_005890,Esi_0006_0261,,
Ec-10_005290,Esi_0006_0262,,
Ec-10_006170,Esi_0006_0263,,
Ec-10_006210,Esi_0006_0264,,
Ec-10_005580,Esi_0006_0265,,
Ec-10_005600,Esi_0006_0266,,
Ec-10_005750,Esi_0006_0267,,
Ec-10_006060,Esi_0006_0268,,
Ec-10_006270,Esi_0006_0269,,
Ec-10_006290,Esi_0006_0270,,
Ec-10_005310,Esi_0006_0271,,
Ec-10_005380,Esi_0006_0272,,
Ec-10_005510,Esi_0006_0273,,
Ec-10_005060,Esi_0006_0274,,
Ec-10_005760,Esi_0006_0275,,
Ec-10_005830,Esi_0006_0276,,
Ec-10_005850,Esi_0006_0277,,
Ec-10_005880,Esi_0006_0278,,
Ec-10_005910,Esi_0006_0279,,
Ec-10_005920,Esi_0006_0280,,
Ec-10_005930,Esi_0006_0281,,
Ec-08_001230,Esi_0007_0001,D8LRY1,CBN73765.1
Ec-08_001250,Esi_0007_0003,D8LRY2,CBN73766.1
Ec-08_001270,Esi_0007_0007,D8LRY3,CBN73767.1
Ec-08_001280,Esi_0007_0008,D8LRY4,CBN73768.1
Ec-08_001300,Esi_0007_0011,D8LRY5,CBN73769.1
Ec-08_001320,Esi_0007_0013,D8LRY6,CBN73770.1
Ec-08_001330,Esi_0007_0014,D8LRY7,CBN73771.1
Ec-08_001330,Esi_0007_0016,D8LRY8,CBN73772.1
Ec-08_001340,Esi_0007_0018,D8LRY9,CBN73773.1
Ec-08_001370,Esi_0007_0019,D8LRZ0,CBN73774.1
Ec-08_001400,Esi_0007_0024,D8LRZ1,CBN73775.1
Ec-08_001410,Esi_0007_0027,D8LRZ2,CBN73776.1
Ec-08_001420,Esi_0007_0029,D8LRZ3,CBN73777.1
Ec-08_001430,Esi_0007_0030,D8LRZ4,CBN73778.1
Ec-08_001460,Esi_0007_0039,D8LRZ5,CBN73779.1
Ec-08_001470,Esi_0007_0040,D8LRZ6,CBN73780.1
Ec-08_001480,Esi_0007_0041,D8LRZ7,CBN73781.1
Ec-08_001490,Esi_0007_0046,D8LRZ8,CBN73782.1
Ec-08_001500,Esi_0007_0049,D8LRZ9,CBN73783.1
Ec-08_001530,Esi_0007_0051,D8LS00,CBN73784.1
Ec-08_001540,Esi_0007_0052,D8LS01,CBN73785.1
Ec-08_001560,Esi_0007_0055,D8LS02,CBN73786.1
Ec-08_001580,Esi_0007_0057,D8LS03,CBN73787.1
Ec-08_001600,Esi_0007_0058,D8LS04,CBN73788.1
Ec-08_001630,Esi_0007_0059,D8LS05,CBN73789.1
Ec-08_001650,Esi_0007_0060,D8LS06,CBN73790.1
Ec-08_001660,Esi_0007_0063,D8LS07,CBN73791.1
Ec-08_001670,Esi_0007_0065,D8LS08,CBN73792.1
Ec-08_001690,Esi_0007_0066,D8LS09,CBN73793.1
Ec-08_001700,Esi_0007_0067,D8LS10,CBN73794.1
Ec-08_001710,Esi_0007_0068,D8LS11,CBN73795.1
Ec-08_001720,Esi_0007_0072,D8LS12,CBN73796.1
Ec-08_001740,Esi_0007_0074,D8LS13,CBN73797.1
Ec-08_001750,Esi_0007_0077,D8LS14,CBN73798.1
Ec-08_001760,Esi_0007_0080,D8LS15,CBN73799.1
Ec-08_001770,Esi_0007_0081,D8LS16,CBN73800.1
,Esi_0007_0083,D8LS17,CBN73801.1
Ec-08_001780,Esi_0007_0084,D8LS18,CBN73802.1
Ec-08_001790,Esi_0007_0085,D8LS19,CBN73803.1
Ec-08_001800,Esi_0007_0086,D8LS20,CBN73804.1
Ec-08_001810,Esi_0007_0087,D8LS21,CBN73805.1
Ec-08_001820,Esi_0007_0088,D8LS22,CBN73806.1
Ec-08_001830,Esi_0007_0089,D8LS23,CBN73807.1
Ec-08_001840,Esi_0007_0090,D8LS24,CBN73808.1
Ec-08_001860,Esi_0007_0093,D8LS25,CBN73809.1
Ec-08_001880,Esi_0007_0094,D8LS26,CBN73810.1
Ec-08_001890,Esi_0007_0095,D8LS27,CBN73811.1
Ec-08_001900,Esi_0007_0098,D8LS28,CBN73812.1
Ec-08_001920,Esi_0007_0100,D8LS29,CBN73813.1
Ec-08_001940,Esi_0007_0101,D8LS30,CBN73814.1
Ec-08_001950,Esi_0007_0103,D8LS31,CBN73815.1
Ec-08_001960,Esi_0007_0104,D8LS32,CBN73816.1
Ec-08_001970,Esi_0007_0106,D8LS33,CBN73817.1
Ec-08_001990,Esi_0007_0107,D8LS34,CBN73818.1
Ec-08_002000,Esi_0007_0108,D8LS35,CBN73819.1
Ec-08_002010,Esi_0007_0110,D8LS36,CBN73820.1
Ec-08_002030,Esi_0007_0111,D8LRQ5,CBN73822.1
Ec-08_002020,Esi_0007_0112,D8LRQ4,CBN73821.1
Ec-08_002040,Esi_0007_0115,D8LRQ6,CBN73823.1
Ec-08_002050,Esi_0007_0116,D8LRQ7,CBN73824.1
Ec-08_002060,Esi_0007_0117,D8LRQ8,CBN73825.1
Ec-08_002070,Esi_0007_0118,D8LRQ9,CBN73826.1
Ec-08_002090,Esi_0007_0119,D8LRR0,CBN73827.1
Ec-08_002100,Esi_0007_0120,D8LRR1,CBN73828.1
Ec-08_002110,Esi_0007_0123,D8LRR2,CBN73829.1
Ec-08_002120,Esi_0007_0124,D8LRR3,CBN73830.1
Ec-08_002130,Esi_0007_0126,D8LRR4,CBN73831.1
Ec-08_002140,Esi_0007_0128,D8LRR5,CBN73832.1
Ec-08_002150,Esi_0007_0129,D8LRR6,CBN73833.1
Ec-08_002170,Esi_0007_0130,D8LRR7,CBN73834.1
Ec-08_002180,Esi_0007_0132,D8LRR8,CBN73835.1
Ec-08_002190,Esi_0007_0134,D8LRR9,CBN73836.1
Ec-08_002200,Esi_0007_0135,D8LRS0,CBN73837.1
Ec-08_002210,Esi_0007_0136,D8LRS1,CBN73838.1
Ec-08_002220,Esi_0007_0140,D8LRS2,CBN73839.1
Ec-08_002240,Esi_0007_0142,D8LRS3,CBN73840.1
Ec-08_002250,Esi_0007_0143,D8LRS4,CBN73841.1
Ec-08_002260,Esi_0007_0144,D8LRS5,CBN73842.1
Ec-08_002270,Esi_0007_0145,D8LRS6,CBN73843.1
Ec-08_002280,Esi_0007_0146,D8LRS7,CBN73844.1
Ec-08_002290,Esi_0007_0147,D8LRS8,CBN73845.1
Ec-08_002300,Esi_0007_0148,D8LRS9,CBN73846.1
Ec-08_002310,Esi_0007_0149,D8LRT0,CBN73847.1
Ec-08_002320,Esi_0007_0151,D8LRT1,CBN73848.1
Ec-08_002330,Esi_0007_0152,D8LRT2,CBN73849.1
Ec-08_002340,Esi_0007_0153,D8LRT3,CBN73850.1
Ec-08_002350,Esi_0007_0154,D8LRT4,CBN73851.1
Ec-08_002360,Esi_0007_0157,D8LRT5,CBN73852.1
Ec-08_002370,Esi_0007_0158,D8LRT6,CBN73853.1
Ec-08_002390,Esi_0007_0170,D8LRT7,CBN73854.1
Ec-08_002400,Esi_0007_0171,D8LRT8,CBN73855.1
Ec-08_002420,Esi_0007_0174,D8LRT9,CBN73856.1
Ec-08_002430,Esi_0007_0176,D8LRU0,CBN73857.1
Ec-08_002440,Esi_0007_0177,D8LRU1,CBN73858.1
Ec-08_002450,Esi_0007_0179,D8LRU2,CBN73859.1
Ec-08_002460,Esi_0007_0180,D8LRU3,CBN73860.1
Ec-08_002470,Esi_0007_0181,D8LRU4,CBN73861.1
Ec-08_002480,Esi_0007_0182,D8LRU5,CBN73862.1
Ec-08_002490,Esi_0007_0184,D8LRU6,CBN73863.1
Ec-08_002500,Esi_0007_0185,D8LRU7,CBN73864.1
Ec-08_002510,Esi_0007_0189,D8LRU8,CBN73865.1
Ec-08_002520,Esi_0007_0191,D8LRU9,CBN73866.1
Ec-08_002530,Esi_0007_0192,D8LRV0,CBN73867.1
Ec-08_002540,Esi_0007_0194,D8LRV1,CBN73868.1
Ec-08_002560,Esi_0007_0195,D8LRV2,CBN73869.1
Ec-08_002570,Esi_0007_0197,D8LRV3,CBN73870.1
Ec-08_002580,Esi_0007_0198,D8LRV4,CBN73871.1
,Esi_0007_0199,D8LRV5,CBN73872.1
Ec-08_002590,Esi_0007_0201,D8LRV6,CBN73873.1
Ec-08_002600,Esi_0007_0202,D8LRV7,CBN73874.1
Ec-08_002610,Esi_0007_0203,D8LRV8,CBN73875.1
Ec-08_002630,Esi_0007_0204,D8LRV9,CBN73876.1
Ec-08_002650,Esi_0007_0205,D8LRW0,CBN73877.1
Ec-08_002660,Esi_0007_0206,D8LRW1,CBN73878.1
,Esi_0007_0209,D8LRW2,CBN73879.1
Ec-08_002680,Esi_0007_0211,D8LRW3,CBN73880.1
,Esi_0007_0214,D8LRW4,CBN73881.1
,Esi_0007_0215,D8LRW5,CBN73882.1
Ec-08_002700,Esi_0007_0219,D8LRW6,CBN73883.1
Ec-08_002710,Esi_0007_0220,D8LRW7,CBN73884.1
Ec-08_002720,Esi_0007_0222,D8LRW8,CBN73885.1
Ec-08_002730,Esi_0007_0224,D8LRW9,CBN73886.1
Ec-08_002740,Esi_0007_0227,D8LRX0,CBN73887.1
Ec-08_002750,Esi_0007_0228,D8LRX1,CBN73888.1
Ec-08_002760,Esi_0007_0230,D8LRX2,CBN73889.1
Ec-08_002770,Esi_0007_0232,D8LRX3,CBN73890.1
Ec-08_002780,Esi_0007_0233,D8LRX4,CBN73891.1
Ec-08_002800,Esi_0007_0234,D8LRX5,CBN73892.1
Ec-08_002820,Esi_0007_0237,D8LRX6,CBN73893.1
Ec-08_002840,Esi_0007_0238,D8LRX7,CBN73894.1
Ec-08_002850,Esi_0007_0239,D8LRX8,CBN73895.1
Ec-08_002860,Esi_0007_0240,D8LRX9,CBN73896.1
Ec-08_002870,Esi_0007_0241,D8LRY0,CBN73897.1
Ec-08_001380,Esi_0007_0267,,
Ec-08_001390,Esi_0007_0268,,
Ec-08_001510,Esi_0007_0269,,
Ec-08_001680,Esi_0007_0270,,
Ec-08_001260,Esi_0007_0271,,
Ec-08_002550,Esi_0007_0276,,
Ec-08_002620,Esi_0007_0277,,
Ec-08_001350,Esi_0007_0278,,
Ec-08_001980,Esi_0007_0279,,
Ec-08_002160,Esi_0007_0280,,
Ec-08_002230,Esi_0007_0281,,
Ec-08_001310,Esi_0007_0282,,
Ec-08_002410,Esi_0007_0283,,
Ec-08_002380,Esi_0007_0284,,
Ec-08_002640,Esi_0007_0285,,
Ec-08_001360,Esi_0007_0286,,
Ec-08_002670,Esi_0007_0287,,
Ec-08_002690,Esi_0007_0288,,
Ec-08_002790,Esi_0007_0289,,
Ec-08_002810,Esi_0007_0290,,
Ec-08_002830,Esi_0007_0291,,
Ec-08_001440,Esi_0007_0292,,
Ec-08_001450,Esi_0007_0293,,
Ec-08_001520,Esi_0007_0294,,
Ec-08_001550,Esi_0007_0295,,
Ec-08_001570,Esi_0007_0296,,
Ec-08_001590,Esi_0007_0297,,
Ec-08_001240,Esi_0007_0298,,
Ec-08_001610,Esi_0007_0299,,
Ec-08_001620,Esi_0007_0300,,
Ec-08_001640,Esi_0007_0301,,
Ec-08_001730,Esi_0007_0302,,
Ec-08_001850,Esi_0007_0303,,
Ec-08_001870,Esi_0007_0304,,
Ec-08_001910,Esi_0007_0305,,
Ec-08_001930,Esi_0007_0306,,
Ec-08_001290,Esi_0007_0307,,
Ec-08_002080,Esi_0007_0308,,
Ec-01_012320,Esi_0008_0001,D7G6T5,CBJ25628.1
Ec-01_012310,Esi_0008_0002,D7G6T6,CBJ25629.1
Ec-01_012300,Esi_0008_0005,D7G6T7,CBJ25630.1
Ec-01_012290,Esi_0008_0007,D7G6T8,CBJ25631.1
Ec-01_012280,Esi_0008_0009,D7G6T9,CBJ25632.1
Ec-01_012270,Esi_0008_0013,D7G6U0,CBJ25633.1
Ec-01_012260,Esi_0008_0015,D7G6U1,CBJ25634.1
Ec-01_012250,Esi_0008_0016,D7G6U2,CBJ25635.1
Ec-01_012240,Esi_0008_0018,D7G6U3,CBJ25636.1
Ec-01_012230,Esi_0008_0020,D7G6U4,CBJ25637.1
Ec-01_012200,Esi_0008_0021,D7G6U5,CBJ25638.1
Ec-01_012190,Esi_0008_0023,D7G6U6,CBJ25639.1
Ec-01_012180,Esi_0008_0025,D7G6U7,CBJ25640.1
Ec-01_012170,Esi_0008_0027,D7G6U8,CBJ25641.1
Ec-01_012160,Esi_0008_0028,D7G6U9,CBJ25642.1
Ec-01_012150,Esi_0008_0029,D7G6V0,CBJ25643.1
Ec-01_012140,Esi_0008_0030,D7G6V1,CBJ25644.1
Ec-01_012130,Esi_0008_0031,D7G6V2,CBJ25645.1
Ec-01_012110,Esi_0008_0034,D7G6V3,CBJ25646.1
Ec-01_012100,Esi_0008_0036,D7G6V4,CBJ25647.1
Ec-01_012090,Esi_0008_0037,D7G6V5,CBJ25648.1
Ec-01_012080,Esi_0008_0039,D7G6V6,CBJ25649.1
Ec-01_012070,Esi_0008_0040,D7G6V7,CBJ25650.1
Ec-01_012060,Esi_0008_0042,D7G6V8,CBJ25651.1
Ec-01_012050,Esi_0008_0044,D7G6V9,CBJ25652.1
Ec-01_012040,Esi_0008_0045,D7G6W0,CBJ25653.1
Ec-01_012030,Esi_0008_0047,D7G6W1,CBJ25654.1
Ec-01_012020,Esi_0008_0050,D7G6W2,CBJ25655.1
Ec-01_012010,Esi_0008_0051,D7G6W3,CBJ25656.1
,Esi_0008_0057,D7G6W4,CBJ25657.1
Ec-01_011990,Esi_0008_0058,D7G6W5,CBJ25658.1
Ec-01_011980,Esi_0008_0060,D7G6W6,CBJ25659.1
Ec-01_011970,Esi_0008_0064,D7G6W7,CBJ25660.1
Ec-01_011960,Esi_0008_0065,D7G6W8,CBJ25661.1
Ec-01_011950,Esi_0008_0066,D7G6W9,CBJ25662.1
Ec-01_011940,Esi_0008_0068,D7G6X0,CBJ25663.1
Ec-01_011930,Esi_0008_0069,D7G6X1,CBJ25664.1
Ec-01_011920,Esi_0008_0070,D7G6X2,CBJ25665.1
Ec-01_011910,Esi_0008_0072,D7G6X3,CBJ25666.1
Ec-01_011900,Esi_0008_0073,D7G6X4,CBJ25667.1
Ec-01_011880,Esi_0008_0074,D7G6X5,CBJ25668.1
Ec-01_011870,Esi_0008_0075,D7G6X6,CBJ25669.1
Ec-01_011850,Esi_0008_0078,D7G6X7,CBJ25670.1
Ec-01_011840,Esi_0008_0079,D7G6X8,CBJ25671.1
Ec-01_011830,Esi_0008_0080,D7G6X9,CBJ25672.1
Ec-01_011820,Esi_0008_0081,D7G6Y0,CBJ25673.1
Ec-01_011810,Esi_0008_0083,D7G6Y1,CBJ25674.1
Ec-01_011800,Esi_0008_0088,D7G6Y2,CBJ25675.1
Ec-01_011790,Esi_0008_0090,D7G6Y3,CBJ25676.1
Ec-01_011770,Esi_0008_0091,D7G6Y4,CBJ25677.1
Ec-01_011760,Esi_0008_0092,D7G6Y5,CBJ25678.1
Ec-01_011750,Esi_0008_0093,D7G6Y6,CBJ25679.1
Ec-01_011740,Esi_0008_0095,D7G6Y7,CBJ25680.1
Ec-01_011730,Esi_0008_0099,D7G6Y8,CBJ25681.1
Ec-01_011720,Esi_0008_0101,D7G6Y9,CBJ25682.1
Ec-01_011710,Esi_0008_0102,D7G6Z0,CBJ25683.1
Ec-01_011700,Esi_0008_0104,D7G6Z1,CBJ25684.1
Ec-01_011690,Esi_0008_0105,D7G6Z2,CBJ25685.1
Ec-01_011680,Esi_0008_0107,D7G6Z3,CBJ25686.1
Ec-01_011670,Esi_0008_0109,D7G6Z4,CBJ25687.1
Ec-01_011660,Esi_0008_0112,D7G6Z5,CBJ25688.1
Ec-01_011640,Esi_0008_0113,D7G6Z6,CBJ25689.1
Ec-01_011630,Esi_0008_0114,D7G6Z7,CBJ25690.1
,Esi_0008_0115,D7G6Z8,CBJ25691.1
Ec-01_011620,Esi_0008_0116,D7G6Z9,CBJ25692.1
Ec-01_011610,Esi_0008_0117,D7G700,CBJ25693.1
Ec-01_011600,Esi_0008_0118,D7G701,CBJ25694.1
Ec-01_011590,Esi_0008_0121,D7G702,CBJ25695.1
Ec-01_011580,Esi_0008_0122,D7G703,CBJ25696.1
Ec-01_011570,Esi_0008_0123,D7G704,CBJ25697.1
Ec-01_011560,Esi_0008_0125,D7G705,CBJ25698.1
Ec-01_011550,Esi_0008_0128,D7G706,CBJ25699.1
Ec-01_011540,Esi_0008_0132,D7G707,CBJ25700.1
Ec-01_011530,Esi_0008_0134,D7G708,CBJ25701.1
Ec-01_011520,Esi_0008_0135,D7G709,CBJ25702.1
Ec-01_011510,Esi_0008_0137,D7G710,CBJ25703.1
Ec-01_011500,Esi_0008_0138,D7G711,CBJ25704.1
Ec-01_011480,Esi_0008_0141,D7G712,CBJ25705.1
Ec-01_011470,Esi_0008_0144,D7G713,CBJ25706.1
Ec-01_011460,Esi_0008_0145,D7G714,CBJ25707.1
Ec-01_011450,Esi_0008_0147,D7G715,CBJ25708.1
Ec-01_011430,Esi_0008_0148,D7G716,CBJ25709.1
Ec-01_011420,Esi_0008_0150,D7G717,CBJ25710.1
Ec-01_011410,Esi_0008_0151,D7G718,CBJ25711.1
Ec-01_011400,Esi_0008_0155,D7G719,CBJ25712.1
Ec-01_011390,Esi_0008_0157,D7G720,CBJ25713.1
Ec-01_011370,Esi_0008_0160,D7G721,CBJ25714.1
Ec-01_011350,Esi_0008_0162,D7G722,CBJ25715.1
Ec-01_011320,Esi_0008_0166,D7G723,CBJ25716.1
Ec-01_011310,Esi_0008_0167,D7G724,CBJ25717.1
Ec-01_011300,Esi_0008_0169,D7G725,CBJ25718.1
Ec-01_011280,Esi_0008_0175,,
Ec-01_011270,Esi_0008_0177,D7G727,CBJ25720.1
Ec-01_011260,Esi_0008_0180,D7G728,CBJ25721.1
Ec-01_011250,Esi_0008_0181,D7G729,CBJ25722.1
Ec-01_011240,Esi_0008_0182,D7G730,CBJ25723.1
Ec-01_011230,Esi_0008_0183,D7G731,CBJ25724.1
Ec-01_011220,Esi_0008_0186,D7G732,CBJ25725.1
Ec-01_011210,Esi_0008_0189,D7G733,CBJ25726.1
Ec-01_011200,Esi_0008_0190,D7G734,CBJ25727.1
Ec-01_011190,Esi_0008_0191,D7G735,CBJ25728.1
Ec-01_011180,Esi_0008_0193,D7G736,CBJ25729.1
Ec-01_011170,Esi_0008_0194,D7G737,CBJ25730.1
Ec-01_011160,Esi_0008_0196,D7G738,CBJ25731.1
Ec-01_011150,Esi_0008_0197,D7G739,CBJ25732.1
Ec-01_011140,Esi_0008_0198,D7G740,CBJ25733.1
Ec-01_011130,Esi_0008_0199,D7G741,CBJ25734.1
Ec-01_011120,Esi_0008_0201,D7G742,CBJ25735.1
Ec-01_011110,Esi_0008_0202,D7G743,CBJ25736.1
Ec-01_011100,Esi_0008_0203,D7G744,CBJ25737.1
Ec-01_011090,Esi_0008_0204,D7G745,CBJ25738.1
Ec-01_011080,Esi_0008_0205,D7G746,CBJ25739.1
Ec-01_011070,Esi_0008_0206,D7G747,CBJ25740.1
Ec-01_011060,Esi_0008_0207,D7G748,CBJ25741.1
Ec-01_011050,Esi_0008_0208,D7G749,CBJ25742.1
Ec-01_011040,Esi_0008_0209,D7G750,CBJ25743.1
Ec-01_011030,Esi_0008_0210,D7G751,CBJ25744.1
Ec-01_011020,Esi_0008_0212,D7G752,CBJ25745.1
Ec-01_011010,Esi_0008_0214,D7G753,CBJ25746.1
Ec-01_011000,Esi_0008_0215,D7G754,CBJ25747.1
Ec-01_010990,Esi_0008_0216,D7G755,CBJ25748.1
Ec-01_010970,Esi_0008_0217,D7G756,CBJ25749.1
Ec-01_010960,Esi_0008_0219,D7G757,CBJ25750.1
Ec-01_010950,Esi_0008_0222,D7G758,CBJ25751.1
Ec-01_010940,Esi_0008_0223,D7G759,CBJ25752.1
Ec-01_010930,Esi_0008_0224,D7G760,CBJ25753.1
Ec-01_010920,Esi_0008_0225,D7G761,CBJ25754.1
Ec-01_010910,Esi_0008_0226,D7G762,CBJ25755.1
Ec-01_010900,Esi_0008_0227,D7G763,CBJ25756.1
Ec-01_010890,Esi_0008_0228,D7G764,CBJ25757.1
Ec-01_010880,Esi_0008_0229,D7G765,CBJ25758.1
Ec-01_010870,Esi_0008_0230,D7G766,CBJ25759.1
Ec-01_010860,Esi_0008_0231,D7G767,CBJ25760.1
Ec-01_010850,Esi_0008_0232,D7G768,CBJ25761.1
Ec-01_010840,Esi_0008_0233,D7G769,CBJ25762.1
Ec-01_010830,Esi_0008_0234,D7G770,CBJ25763.1
Ec-01_010820,Esi_0008_0235,D7G771,CBJ25764.1
Ec-01_010800,Esi_0008_0236,D7G772,CBJ25765.1
,Esi_0008_0237,D7G773,CBJ25766.1
Ec-01_010790,Esi_0008_0238,D7G774,CBJ25767.1
,Esi_0008_0239,D7G775,CBJ25768.1
Ec-01_010780,Esi_0008_0240,D7G776,CBJ25769.1
Ec-01_010770,Esi_0008_0241,D7G777,CBJ25770.1
Ec-01_010760,Esi_0008_0242,D7G778,CBJ25771.1
Ec-01_010750,Esi_0008_0244,D7G779,CBJ25772.1
Ec-01_010740,Esi_0008_0245,D7G780,CBJ25773.1
Ec-01_010730,Esi_0008_0246,D7G781,CBJ25774.1
Ec-01_010720,Esi_0008_0247,D7G782,CBJ25775.1
Ec-01_010710,Esi_0008_0249,D7G783,CBJ25776.1
Ec-01_010700,Esi_0008_0250,D7G784,CBJ25777.1
Ec-01_010690,Esi_0008_0251,D7G785,CBJ25778.1
Ec-01_012210,Esi_0008_0268,,
Ec-01_011650,Esi_0008_0269,,
Ec-01_012220,Esi_0008_0270,,
Ec-01_011380,Esi_0008_0271,,
Ec-01_011360,Esi_0008_0272,,
Ec-01_011340,Esi_0008_0273,,
Ec-01_011330,Esi_0008_0274,,
Ec-01_011290,Esi_0008_0275,,
Ec-01_010980,Esi_0008_0276,,
Ec-01_010810,Esi_0008_0277,,
Ec-01_012120,Esi_0008_0278,,
Ec-01_012000,Esi_0008_0279,,
Ec-01_011890,Esi_0008_0280,,
Ec-01_011860,Esi_0008_0281,,
Ec-01_011780,Esi_0008_0282,,
Ec-01_011490,Esi_0008_0283,,
Ec-01_011440,Esi_0008_0284,,
Ec-28_003780,Esi_0009_0001,D8LTK1,CBN73898.1
Ec-28_003770,Esi_0009_0004,D8LTK2,CBN73899.1
Ec-28_003760,Esi_0009_0006,D8LTK3,CBN73900.1
Ec-28_003750,Esi_0009_0008,D8LTK4,CBN73901.1
Ec-28_003740,Esi_0009_0009,D8LTK5,CBN73902.1
Ec-28_003730,Esi_0009_0010,D8LTK6,CBN73903.1
Ec-28_003720,Esi_0009_0011,D8LTK7,CBN73904.1
Ec-28_003710,Esi_0009_0012,D8LTK8,CBN73905.1
Ec-28_003700,Esi_0009_0013,D8LTK9,CBN73906.1
,Esi_0009_0017,D8LTL0,CBN73907.1
,Esi_0009_0019,D8LTL1,CBN73908.1
Ec-28_003690,Esi_0009_0023,D8LTL2,CBN73909.1
Ec-28_003680,Esi_0009_0025,D8LTL3,CBN73910.1
Ec-28_003670,Esi_0009_0026,D8LTL4,CBN73911.1
Ec-28_003650,Esi_0009_0033,D8LTL5,CBN73912.1
Ec-28_003640,Esi_0009_0036,D8LTL6,CBN73913.1
Ec-28_003630,Esi_0009_0037,D8LTL7,CBN73914.1
Ec-28_003620,Esi_0009_0038,D8LTL8,CBN73915.1
Ec-28_003610,Esi_0009_0041,D8LTL9,CBN73916.1
Ec-28_003600,Esi_0009_0043,D8LTM0,CBN73917.1
Ec-28_003580,Esi_0009_0045,D8LTM1,CBN73918.1
Ec-28_003570,Esi_0009_0047,D8LTM2,CBN73919.1
Ec-28_003550,Esi_0009_0049,D8LTM3,CBN73920.1
Ec-28_003540,Esi_0009_0050,D8LTM4,CBN73921.1
Ec-28_003530,Esi_0009_0051,D8LTM5,CBN73922.1
Ec-28_003520,Esi_0009_0052,D8LTM6,CBN73923.1
Ec-28_003510,Esi_0009_0053,D8LTM7,CBN73924.1
Ec-28_003500,Esi_0009_0054,D8LTM8,CBN73925.1
Ec-28_003490,Esi_0009_0056,D8LTM9,CBN73926.1
Ec-28_003480,Esi_0009_0057,D8LTN0,CBN73927.1
Ec-28_003470,Esi_0009_0060,D8LTN1,CBN73928.1
Ec-28_003460,Esi_0009_0062,D8LTN2,CBN73929.1
Ec-28_003450,Esi_0009_0063,D8LTN3,CBN73930.1
Ec-28_003440,Esi_0009_0066,D8LTN4,CBN73931.1
Ec-28_003420,Esi_0009_0067,D8LTN5,CBN73932.1
Ec-28_003410,Esi_0009_0068,D8LTN6,CBN73933.1
Ec-28_003400,Esi_0009_0070,D8LTN7,CBN73934.1
Ec-28_003390,Esi_0009_0071,D8LTN8,CBN73935.1
Ec-28_003380,Esi_0009_0072,D8LTN9,CBN73936.1
Ec-28_003370,Esi_0009_0073,D8LTP0,CBN73937.1
Ec-28_003360,Esi_0009_0074,D8LTP1,CBN73938.1
,Esi_0009_0075,D8LTP2,CBN73939.1
Ec-28_003340,Esi_0009_0076,D8LTP3,CBN73940.1
Ec-28_003330,Esi_0009_0077,D8LTP4,CBN73941.1
Ec-28_003320,Esi_0009_0080,D8LTP5,CBN73942.1
Ec-28_003310,Esi_0009_0081,D8LTP6,CBN73943.1
Ec-28_003290,Esi_0009_0083,D8LTP7,CBN73944.1
Ec-28_003280,Esi_0009_0084,D8LTP8,CBN73945.1
Ec-28_003270,Esi_0009_0085,D8LTP9,CBN73946.1
Ec-28_003260,Esi_0009_0086,D8LTQ0,CBN73947.1
Ec-28_003250,Esi_0009_0087,D8LTQ1,CBN73948.1
Ec-28_003240,Esi_0009_0089,D8LTQ2,CBN73949.1
Ec-28_003220,Esi_0009_0090,D8LTQ3,CBN73950.1
Ec-28_003210,Esi_0009_0092,D8LTQ4,CBN73951.1
Ec-28_003200,Esi_0009_0093,D8LTQ5,CBN73952.1
Ec-28_003190,Esi_0009_0096,D8LTQ6,CBN73953.1
Ec-28_003180,Esi_0009_0099,D8LTQ7,CBN73954.1
Ec-28_003170,Esi_0009_0101,D8LTQ8,CBN73955.1
Ec-28_003160,Esi_0009_0102,D8LTQ9,CBN73956.1
,Esi_0009_0103,D8LTR0,CBN73957.1
Ec-28_003150,Esi_0009_0104,D8LTR1,CBN73958.1
Ec-28_003140,Esi_0009_0105,D8LTR2,CBN73959.1
Ec-28_003130,Esi_0009_0106,D8LTR3,CBN73960.1
Ec-28_003120,Esi_0009_0107,D8LTR4,CBN73961.1
Ec-28_003110,Esi_0009_0109,D8LTR5,CBN73962.1
Ec-28_003100,Esi_0009_0111,D8LTR6,CBN73963.1
Ec-28_003080,Esi_0009_0115,D8LTR7,CBN73964.1
Ec-28_003070,Esi_0009_0117,D8LTR8,CBN73965.1
Ec-28_003060,Esi_0009_0118,D8LTR9,CBN73966.1
Ec-28_003050,Esi_0009_0122,D8LTS0,CBN73967.1
Ec-28_003040,Esi_0009_0126,D8LTS1,CBN73968.1
Ec-28_003030,Esi_0009_0133,D8LTS2,CBN73969.1
Ec-28_003020,Esi_0009_0136,D8LTS3,CBN73970.1
Ec-28_003000,Esi_0009_0139,D8LTS4,CBN73971.1
Ec-28_002990,Esi_0009_0142,D8LTS5,CBN73972.1
Ec-28_002970,Esi_0009_0143,D8LTS6,CBN73973.1
Ec-28_002960,Esi_0009_0144,D8LTS7,CBN73974.1
Ec-28_002950,Esi_0009_0145,D8LTS8,CBN73975.1
Ec-28_002940,Esi_0009_0146,D8LTS9,CBN73976.1
Ec-28_002930,Esi_0009_0147,D8LTT0,CBN73977.1
Ec-28_002920,Esi_0009_0148,D8LTT1,CBN73978.1
Ec-28_002910,Esi_0009_0152,D8LTT2,CBN73979.1
Ec-28_002900,Esi_0009_0153,D8LTT3,CBN73980.1
Ec-28_002890,Esi_0009_0154,D8LTT4,CBN73981.1
Ec-28_002880,Esi_0009_0155,D8LTT5,CBN73982.1
Ec-28_002840,Esi_0009_0158,D8LTT6,CBN73983.1
Ec-28_002820,Esi_0009_0162,D8LTT7,CBN73984.1
Ec-28_002810,Esi_0009_0163,D8LTT8,CBN73985.1
Ec-28_002800,Esi_0009_0164,D8LTT9,CBN73986.1
Ec-28_002790,Esi_0009_0168,D8LTU0,CBN73987.1
Ec-28_002770,Esi_0009_0170,D8LTU1,CBN73988.1
Ec-28_002760,Esi_0009_0172,D8LTU2,CBN73989.1
Ec-28_002750,Esi_0009_0173,D8LTU3,CBN73990.1
Ec-28_002730,Esi_0009_0176,D8LTU4,CBN73991.1
Ec-28_002720,Esi_0009_0177,D8LTU5,CBN73992.1
Ec-28_002710,Esi_0009_0179,D8LTU6,CBN73993.1
Ec-28_002700,Esi_0009_0185,D8LTU7,CBN73994.1
Ec-28_002690,Esi_0009_0186,D8LTU8,CBN73995.1
Ec-28_002680,Esi_0009_0188,D8LTU9,CBN73996.1
Ec-28_002660,Esi_0009_0196,D8LTV0,CBN73997.1
Ec-28_002650,Esi_0009_0199,D8LTV1,CBN73998.1
Ec-28_002630,Esi_0009_0202,D8LTV2,CBN73999.1
Ec-28_002620,Esi_0009_0203,D8LTV3,CBN74000.1
Ec-28_002610,Esi_0009_0204,D8LTV4,CBN74001.1
Ec-28_002600,Esi_0009_0205,D8LTV5,CBN74002.1
Ec-28_002580,Esi_0009_0207,D8LTV6,CBN74003.1
Ec-28_002570,Esi_0009_0210,D8LTV7,CBN74004.1
Ec-28_002560,Esi_0009_0211,D8LTV8,CBN74005.1
Ec-28_002520,Esi_0009_0212,D8LTV9,CBN74006.1
Ec-28_003350,Esi_0009_0233,,
Ec-28_003090,Esi_0009_0234,,
Ec-28_002540,Esi_0009_0235,,
Ec-28_002530,Esi_0009_0236,,
Ec-28_003010,Esi_0009_0237,,
Ec-28_002590,Esi_0009_0240,,
Ec-28_002870,Esi_0009_0241,,
Ec-28_002860,Esi_0009_0242,,
Ec-28_002850,Esi_0009_0243,,
Ec-28_003300,Esi_0009_0244,,
Ec-28_002830,Esi_0009_0245,,
Ec-28_002780,Esi_0009_0246,,
Ec-28_002740,Esi_0009_0247,,
Ec-28_002670,Esi_0009_0248,,
Ec-28_002640,Esi_0009_0249,,
Ec-28_002550,Esi_0009_0250,,
Ec-28_003660,Esi_0009_0251,,
Ec-28_003590,Esi_0009_0252,,
Ec-28_003560,Esi_0009_0253,,
Ec-28_003430,Esi_0009_0254,,
Ec-28_003230,Esi_0009_0255,,
Ec-28_002980,Esi_0009_0256,,
Ec-20_003410,Esi_0010_0001,D8LBV4,CBN79137.1
Ec-20_003420,Esi_0010_0002,D8LBV5,CBN79138.1
Ec-20_003430,Esi_0010_0004,D8LBV6,CBN79139.1
Ec-20_003440,Esi_0010_0005,D8LBV7,CBN79140.1
Ec-20_003450,Esi_0010_0008,D8LBV8,CBN79141.1
Ec-20_003460,Esi_0010_0009,D8LBV9,CBN79142.1
Ec-20_003470,Esi_0010_0010,D8LBW0,CBN79143.1
Ec-20_003480,Esi_0010_0017,D8LBW1,CBN79144.1
Ec-20_003490,Esi_0010_0018,D8LBW2,CBN79145.1
Ec-20_003500,Esi_0010_0019,D8LBW3,CBN79146.1
Ec-20_003510,Esi_0010_0020,D8LBW4,CBN79147.1
Ec-20_003520,Esi_0010_0022,D8LBW5,CBN79148.1
Ec-20_003540,Esi_0010_0023,D8LBW6,CBN79149.1
Ec-20_003550,Esi_0010_0024,D8LBW7,CBN79150.1
Ec-20_003560,Esi_0010_0025,D8LBW8,CBN79151.1
Ec-20_003570,Esi_0010_0026,D8LBW9,CBN79152.1
Ec-20_003580,Esi_0010_0028,D8LBX0,CBN79153.1
Ec-20_003590,Esi_0010_0029,D8LBX1,CBN79154.1
Ec-20_003600,Esi_0010_0030,D8LBX2,CBN79155.1
Ec-20_003620,Esi_0010_0039,D8LBX3,CBN79156.1
Ec-20_003630,Esi_0010_0044,D8LBX4,CBN79157.1
Ec-20_003640,Esi_0010_0046,D8LBX5,CBN79158.1
Ec-20_003650,Esi_0010_0047,D8LBX6,CBN79159.1
Ec-20_003670,Esi_0010_0048,D8LBX7,CBN79160.1
Ec-20_003680,Esi_0010_0049,D8LBX8,CBN79161.1
Ec-20_003690,Esi_0010_0050,D8LBX9,CBN79162.1
Ec-20_003700,Esi_0010_0057,D8LBY0,CBN79163.1
Ec-20_003710,Esi_0010_0058,D8LBY1,CBN79164.1
Ec-20_003720,Esi_0010_0059,D8LBY2,CBN79165.1
Ec-20_003730,Esi_0010_0060,D8LBY3,CBN79166.1
Ec-20_003750,Esi_0010_0063,D8LBY5,CBN79168.1
Ec-20_003760,Esi_0010_0064,D8LBY6,CBN79169.1
Ec-20_003770,Esi_0010_0066,D8LBY7,CBN79170.1
Ec-20_003790,Esi_0010_0069,D8LBY8,CBN79171.1
Ec-20_003810,Esi_0010_0071,D8LBY9,CBN79172.1
Ec-20_003820,Esi_0010_0072,D8LBZ0,CBN79173.1
Ec-20_003830,Esi_0010_0075,D8LBZ1,CBN79174.1
Ec-20_003840,Esi_0010_0078,D8LBZ2,CBN79175.2
Ec-20_003850,Esi_0010_0080,D8LBZ3,CBN79176.1
Ec-20_003860,Esi_0010_0081,D8LBZ4,CBN79177.1
Ec-20_003870,Esi_0010_0082,D8LBZ5,CBN79178.1
Ec-20_003880,Esi_0010_0084,D8LBZ6,CBN79179.1
Ec-20_003890,Esi_0010_0086,D8LBZ7,CBN79180.1
Ec-20_003900,Esi_0010_0087,D8LBZ8,CBN79181.1
Ec-20_003910,Esi_0010_0088,D8LBZ9,CBN79182.1
Ec-20_003920,Esi_0010_0089,D8LC00,CBN79183.1
Ec-20_003930,Esi_0010_0091,D8LC01,CBN79184.1
Ec-20_003940,Esi_0010_0092,D8LC02,CBN79185.1
Ec-20_003950,Esi_0010_0093,D8LC03,CBN79186.1
Ec-20_003960,Esi_0010_0095,D8LC04,CBN79187.1
Ec-20_003970,Esi_0010_0097,D8LC05,CBN79188.1
Ec-20_003980,Esi_0010_0099,D8LC06,CBN79189.1
Ec-20_003990,Esi_0010_0100,D8LC07,CBN79190.1
Ec-20_004000,Esi_0010_0102,D8LC08,CBN79191.1
Ec-20_004010,Esi_0010_0104,D8LC09,CBN79192.1
Ec-20_004020,Esi_0010_0105,D8LC10,CBN79193.1
Ec-20_004030,Esi_0010_0106,D8LC11,CBN79194.1
Ec-20_004040,Esi_0010_0108,D8LC12,CBN79195.1
Ec-20_004050,Esi_0010_0111,D8LC13,CBN79196.1
Ec-20_004060,Esi_0010_0112,D8LC14,CBN79197.1
Ec-20_004070,Esi_0010_0114,D8LC15,CBN79198.1
Ec-20_004090,Esi_0010_0115,D8LC16,CBN79199.1
Ec-20_004100,Esi_0010_0116,D8LC17,CBN79200.1
Ec-20_004110,Esi_0010_0117,D8LC18,CBN79201.1
Ec-20_004110,Esi_0010_0119,D8LC19,CBN79202.1
Ec-20_004120,Esi_0010_0121,D8LC20,CBN79203.1
Ec-20_004140,Esi_0010_0123,D8LC21,CBN79204.1
Ec-20_004160,Esi_0010_0129,D8LC22,CBN79205.1
Ec-20_004160,Esi_0010_0131,D8LC23,CBN79206.1
Ec-20_004170,Esi_0010_0133,D8LC24,CBN79207.1
Ec-20_004180,Esi_0010_0135,D8LC25,CBN79208.1
Ec-20_004190,Esi_0010_0136,D8LC26,CBN79209.1
Ec-20_004200,Esi_0010_0137,D8LC27,CBN79210.1
Ec-20_004210,Esi_0010_0138,D8LC28,CBN79211.1
Ec-20_004220,Esi_0010_0140,D8LC29,CBN79212.1
Ec-20_004230,Esi_0010_0141,D8LC30,CBN79213.1
Ec-20_004240,Esi_0010_0142,D8LC31,CBN79214.1
Ec-20_004250,Esi_0010_0143,D8LC32,CBN79215.1
Ec-20_004260,Esi_0010_0144,D8LC33,CBN79216.1
Ec-20_004270,Esi_0010_0146,D8LC34,CBN79217.1
Ec-20_004280,Esi_0010_0147,D8LC35,CBN79218.1
Ec-20_004290,Esi_0010_0150,D8LC36,CBN79219.1
Ec-20_004310,Esi_0010_0151,D8LC37,CBN79220.1
Ec-20_004320,Esi_0010_0153,D8LC38,CBN79221.1
Ec-20_004340,Esi_0010_0155,D8LC39,CBN79222.1
Ec-20_004350,Esi_0010_0156,D8LC40,CBN79223.1
Ec-20_004360,Esi_0010_0158,D8LC41,CBN79224.1
Ec-20_004370,Esi_0010_0159,D8LC42,CBN79225.1
Ec-20_004380,Esi_0010_0161,D8LC43,CBN79226.1
Ec-20_004390,Esi_0010_0163,D8LC44,CBN79227.1
Ec-20_004400,Esi_0010_0165,D8LC45,CBN79228.1
Ec-20_004410,Esi_0010_0167,D8LC46,CBN79229.1
Ec-20_004420,Esi_0010_0168,D8LC47,CBN79230.1
Ec-20_004450,Esi_0010_0169,D8LC48,CBN79231.1
Ec-20_004460,Esi_0010_0170,D8LC49,CBN79232.1
Ec-20_004470,Esi_0010_0172,D8LC50,CBN79233.1
Ec-20_004480,Esi_0010_0177,D8LC51,CBN79234.1
Ec-20_004500,Esi_0010_0178,D8LC52,CBN79235.1
Ec-20_004510,Esi_0010_0180,D8LC53,CBN79236.1
Ec-20_004520,Esi_0010_0181,D8LC54,CBN79237.1
Ec-20_004530,Esi_0010_0183,D8LC55,CBN79238.1
Ec-20_004540,Esi_0010_0184,D8LC56,CBN79239.1
Ec-20_004540,Esi_0010_0186,D8LC57,CBN79240.1
Ec-20_004550,Esi_0010_0187,D8LC58,CBN79241.1
,Esi_0010_0188,D8LC59,CBN79242.1
Ec-20_004560,Esi_0010_0189,D8LC60,CBN79243.1
Ec-20_004580,Esi_0010_0190,D8LC61,CBN79244.1
Ec-20_004590,Esi_0010_0193,D8LC62,CBN79245.1
Ec-20_004600,Esi_0010_0194,D8LC63,CBN79246.1
Ec-20_004610,Esi_0010_0195,D8LC64,CBN79247.1
Ec-20_004620,Esi_0010_0196,D8LC65,CBN79248.1
Ec-20_004630,Esi_0010_0199,D8LC66,CBN79249.1
Ec-20_004640,Esi_0010_0200,D8LC67,CBN79250.1
Ec-20_004650,Esi_0010_0201,D8LC68,CBN79251.1
Ec-20_004660,Esi_0010_0203,D8LC69,CBN79252.1
Ec-20_004670,Esi_0010_0205,D8LC70,CBN79253.1
Ec-20_004680,Esi_0010_0207,D8LC71,CBN79254.1
Ec-20_004690,Esi_0010_0208,D8LC72,CBN79255.1
Ec-20_004700,Esi_0010_0210,D8LC73,CBN79256.1
Ec-20_004710,Esi_0010_0211,D8LC74,CBN79257.1
Ec-20_004720,Esi_0010_0212,D8LC75,CBN79258.1
Ec-20_004730,Esi_0010_0215,D8LC76,CBN79259.1
,Esi_0010_0216,D8LC77,CBN79260.1
Ec-20_004740,Esi_0010_0217,D8LC78,CBN79261.1
Ec-20_004750,Esi_0010_0218,D8LC79,CBN79262.1
Ec-20_004760,Esi_0010_0220,D8LC80,CBN79263.1
Ec-20_004770,Esi_0010_0222,D8LC81,CBN79264.1
Ec-20_004780,Esi_0010_0223,D8LC82,CBN79265.1
Ec-20_004800,Esi_0010_0226,D8LC83,CBN79266.1
Ec-20_004810,Esi_0010_0227,D8LC84,CBN79267.1
Ec-20_004490,Esi_0010_0239,,
Ec-20_003740,Esi_0010_0240,D8LBY4,CBN79167.1
Ec-20_004570,Esi_0010_0244,,
Ec-20_003780,Esi_0010_0245,,
Ec-20_003800,Esi_0010_0246,,
Ec-20_004430,Esi_0010_0247,,
Ec-20_004440,Esi_0010_0248,,
Ec-20_004790,Esi_0010_0249,,
Ec-20_004820,Esi_0010_0250,,
Ec-20_003530,Esi_0010_0251,,
Ec-20_003610,Esi_0010_0252,,
Ec-20_003660,Esi_0010_0253,,
Ec-20_004080,Esi_0010_0254,,
Ec-20_004130,Esi_0010_0255,,
Ec-20_004150,Esi_0010_0256,,
Ec-20_004300,Esi_0010_0257,,
Ec-20_004330,Esi_0010_0258,,
Ec-03_002770,Esi_0011_0001,D8LCI6,CBN79499.1
Ec-03_002760,Esi_0011_0004,D8LCI7,CBN79500.1
Ec-03_002750,Esi_0011_0005,D8LCI8,CBN79501.1
Ec-03_002740,Esi_0011_0007,D8LCI9,CBN79502.1
,Esi_0011_0011,D8LCJ0,CBN79503.1
Ec-03_002730,Esi_0011_0012,D8LCJ1,CBN79504.1
Ec-03_002720,Esi_0011_0013,D8LCJ2,CBN79505.1
Ec-03_002700,Esi_0011_0015,D8LCJ3,CBN79506.1
Ec-03_002690,Esi_0011_0016,D8LCJ4,CBN79507.1
Ec-03_002680,Esi_0011_0019,D8LCJ5,CBN79508.1
Ec-03_002670,Esi_0011_0020,D8LCJ6,CBN79509.1
Ec-03_002650,Esi_0011_0023,D8LCJ7,CBN79510.1
Ec-03_002640,Esi_0011_0026,D8LCJ8,CBN79511.1
Ec-03_002630,Esi_0011_0028,D8LCJ9,CBN79512.1
Ec-03_002620,Esi_0011_0031,D8LCK0,CBN79513.1
Ec-03_002600,Esi_0011_0032,D8LCK1,CBN79514.1
Ec-03_002580,Esi_0011_0035,D8LCK2,CBN79515.2
Ec-03_002570,Esi_0011_0036,D8LCK3,CBN79516.1
Ec-03_002560,Esi_0011_0039,D8LCK4,CBN79517.1
Ec-03_002550,Esi_0011_0042,D8LCK5,CBN79518.1
Ec-03_002540,Esi_0011_0044,D8LCK6,CBN79519.1
Ec-03_002530,Esi_0011_0046,D8LCK7,CBN79520.1
Ec-03_002510,Esi_0011_0047,D8LCK8,CBN79521.1
Ec-03_002500,Esi_0011_0048,D8LCK9,CBN79522.1
Ec-03_002480,Esi_0011_0051,D8LCL0,CBN79523.1
Ec-03_002470,Esi_0011_0054,D8LCL1,CBN79524.1
Ec-03_002460,Esi_0011_0056,D8LCL2,CBN79525.1
Ec-03_002450,Esi_0011_0058,D8LCL3,CBN79526.1
Ec-03_002440,Esi_0011_0063,D8LCL4,CBN79527.1
Ec-03_002430,Esi_0011_0065,D8LCL5,CBN79528.1
Ec-03_002420,Esi_0011_0067,D8LCL6,CBN79529.1
Ec-03_002410,Esi_0011_0069,D8LCL7,CBN79530.1
Ec-03_002400,Esi_0011_0074,D8LCL8,CBN79531.1
Ec-03_002390,Esi_0011_0075,D8LCL9,CBN79532.1
Ec-03_002380,Esi_0011_0076,D8LCM0,CBN79533.1
Ec-03_002370,Esi_0011_0078,D8LCM1,CBN79534.1
Ec-03_002360,Esi_0011_0080,D8LCM2,CBN79535.1
Ec-03_002350,Esi_0011_0081,D8LCM3,CBN79536.1
Ec-03_002340,Esi_0011_0083,D8LCM4,CBN79537.1
Ec-03_002330,Esi_0011_0084,D8LCM5,CBN79538.1
Ec-03_002320,Esi_0011_0085,D8LCM6,CBN79539.1
Ec-03_002300,Esi_0011_0088,D8LCM7,CBN79540.1
Ec-03_002290,Esi_0011_0089,D8LCM8,CBN79541.1
Ec-03_002280,Esi_0011_0091,D8LCM9,CBN79542.1
Ec-03_002270,Esi_0011_0092,D8LCN0,CBN79543.1
Ec-03_002260,Esi_0011_0093,D8LCN1,CBN79544.1
Ec-03_002250,Esi_0011_0095,D8LCN2,CBN79545.1
Ec-03_002240,Esi_0011_0097,D8LCN3,CBN79546.1
Ec-03_002230,Esi_0011_0099,D8LCN4,CBN79547.1
Ec-03_002220,Esi_0011_0100,D8LCN5,CBN79548.1
Ec-03_002210,Esi_0011_0103,D8LCN6,CBN79549.1
Ec-03_002200,Esi_0011_0105,D8LCN7,CBN79550.1
Ec-03_002190,Esi_0011_0106,D8LCN8,CBN79551.1
Ec-03_002180,Esi_0011_0107,D8LCN9,CBN79552.1
Ec-03_002170,Esi_0011_0111,D8LCP0,CBN79553.1
Ec-03_002160,Esi_0011_0114,D8LCP1,CBN79554.1
Ec-03_002150,Esi_0011_0115,D8LCP2,CBN79555.1
Ec-03_002140,Esi_0011_0116,D8LCP3,CBN79556.1
Ec-03_002130,Esi_0011_0120,D8LCP4,CBN79557.1
Ec-03_002120,Esi_0011_0122,D8LCP5,CBN79558.1
Ec-03_002100,Esi_0011_0125,D8LCP6,CBN79559.1
Ec-03_002090,Esi_0011_0127,D8LCP7,CBN79560.1
Ec-03_002080,Esi_0011_0128,D8LCP8,CBN79561.1
Ec-03_002070,Esi_0011_0129,D8LCP9,CBN79562.1
Ec-03_002060,Esi_0011_0147,D8LCQ0,CBN79563.1
Ec-03_002040,Esi_0011_0149,D8LCQ1,CBN79564.1
Ec-03_002030,Esi_0011_0150,D8LCQ2,CBN79565.1
Ec-03_002020,Esi_0011_0151,D8LCQ3,CBN79566.1
Ec-03_002010,Esi_0011_0154,D8LCQ4,CBN79567.1
Ec-03_002000,Esi_0011_0155,D8LCQ5,CBN79568.1
Ec-03_001980,Esi_0011_0161,D8LCQ6,CBN79569.1
Ec-03_001970,Esi_0011_0162,D8LCQ7,CBN79570.1
Ec-03_001960,Esi_0011_0163,D8LCQ8,CBN79571.1
Ec-03_001950,Esi_0011_0164,D8LCQ9,CBN79572.1
Ec-03_001940,Esi_0011_0165,D8LCR0,CBN79573.1
Ec-03_001930,Esi_0011_0166,D8LCR1,CBN79574.1
Ec-03_001920,Esi_0011_0168,D8LCR2,CBN79575.1
,Esi_0011_0169,D8LCR3,CBN79576.1
,Esi_0011_0172,D8LCR4,CBN79577.1
,Esi_0011_0176,D8LCR5,CBN79578.1
Ec-03_001910,Esi_0011_0179,D8LCR6,CBN79579.1
Ec-03_001900,Esi_0011_0180,D8LCR7,CBN79580.1
Ec-03_001890,Esi_0011_0185,D8LCR8,CBN79581.1
Ec-03_001880,Esi_0011_0190,D8LCR9,CBN79582.1
Ec-03_001870,Esi_0011_0193,D8LCS0,CBN79583.1
Ec-03_001860,Esi_0011_0194,D8LCS1,CBN79584.1
Ec-03_001850,Esi_0011_0199,D8LCS2,CBN79585.1
Ec-03_001840,Esi_0011_0201,D8LCS3,CBN79586.1
Ec-03_001830,Esi_0011_0202,D8LCS4,CBN79587.1
Ec-03_001820,Esi_0011_0203,D8LCS5,CBN79588.1
Ec-03_001810,Esi_0011_0204,D8LCS6,CBN79589.1
Ec-03_001790,Esi_0011_0207,D8LCS7,CBN79590.1
Ec-03_001780,Esi_0011_0210,D8LCS9,CBN79592.1
Ec-03_001760,Esi_0011_0211,D8LCT0,CBN79593.1
Ec-03_001750,Esi_0011_0215,D8LCT1,CBN79594.1
Ec-03_001740,Esi_0011_0217,D8LCT2,CBN79595.1
Ec-03_001800,Esi_0011_0242,D8LCS8,CBN79591.1
Ec-03_002490,Esi_0011_0246,,
Ec-03_001770,Esi_0011_0247,,
Ec-03_001730,Esi_0011_0248,,
Ec-03_002660,Esi_0011_0249,,
Ec-03_002610,Esi_0011_0250,,
Ec-03_002590,Esi_0011_0251,,
Ec-03_002520,Esi_0011_0252,,
Ec-03_002310,Esi_0011_0253,,
Ec-03_002110,Esi_0011_0254,,
Ec-03_002050,Esi_0011_0255,,
Ec-03_002710,Esi_0011_0256,,
Ec-03_001990,Esi_0011_0257,,
Ec-15_000950,Esi_0012_0001,D8LDE2,CBN74007.1
Ec-15_000940,Esi_0012_0004,D8LDE3,CBN74008.1
Ec-15_000930,Esi_0012_0017,D8LDE4,CBN74009.1
Ec-15_000920,Esi_0012_0020,D8LDE5,CBN74010.1
Ec-15_000910,Esi_0012_0021,D8LDE6,CBN74011.1
Ec-15_000900,Esi_0012_0022,D8LDE7,CBN74012.1
Ec-15_000880,Esi_0012_0023,D8LDE8,CBN74013.1
Ec-15_000870,Esi_0012_0025,D8LDE9,CBN74014.1
Ec-15_000860,Esi_0012_0026,D8LDF0,CBN74015.1
Ec-15_000850,Esi_0012_0027,D8LDF1,CBN74016.1
Ec-15_000840,Esi_0012_0029,D8LDF2,CBN74017.1
Ec-15_000830,Esi_0012_0030,D8LDF3,CBN74018.1
Ec-15_000820,Esi_0012_0032,D8LDF4,CBN74019.1
Ec-15_000810,Esi_0012_0033,D8LDF5,CBN74020.1
Ec-15_000800,Esi_0012_0035,D8LDF6,CBN74021.1
Ec-15_000790,Esi_0012_0036,D8LDF7,CBN74022.1
Ec-15_000780,Esi_0012_0037,D8LDF8,CBN74023.1
Ec-15_000770,Esi_0012_0039,D8LDF9,CBN74024.1
Ec-15_000760,Esi_0012_0040,D8LDG0,CBN74025.1
Ec-15_000750,Esi_0012_0041,D8LDG1,CBN74026.1
Ec-15_000740,Esi_0012_0044,D8LDG2,CBN74027.1
Ec-15_000730,Esi_0012_0045,D8LDG3,CBN74028.1
Ec-15_000720,Esi_0012_0046,D8LDG4,CBN74029.1
Ec-15_000700,Esi_0012_0049,D8LDG5,CBN74030.1
Ec-15_000690,Esi_0012_0052,D8LDG6,CBN74031.1
Ec-15_000680,Esi_0012_0055,D8LDG7,CBN74032.1
Ec-15_000670,Esi_0012_0056,D8LDG8,CBN74033.1
Ec-15_000660,Esi_0012_0057,D8LDG9,CBN74034.1
Ec-15_000650,Esi_0012_0063,D8LDH0,CBN74035.1
Ec-15_000640,Esi_0012_0064,D8LDH1,CBN74036.1
Ec-15_000630,Esi_0012_0075,D8LDH2,CBN74037.1
Ec-15_000620,Esi_0012_0076,D8LDH3,CBN74038.1
Ec-15_000600,Esi_0012_0078,D8LDH4,CBN74039.1
Ec-15_000590,Esi_0012_0081,D8LDH5,CBN74040.1
Ec-15_000580,Esi_0012_0083,D8LDH6,CBN74041.1
Ec-15_000570,Esi_0012_0084,D8LDH7,CBN74042.1
Ec-15_000550,Esi_0012_0086,D8LDH8,CBN74044.1
Ec-15_000530,Esi_0012_0087,D8LDH9,CBN74045.1
Ec-15_000520,Esi_0012_0092,D8LDI0,CBN74047.1
Ec-15_000510,Esi_0012_0096,D8LDI1,CBN74048.1
Ec-15_000500,Esi_0012_0098,D8LDI2,CBN74049.1
Ec-15_000490,Esi_0012_0099,D8LDI3,CBN74050.1
Ec-15_000480,Esi_0012_0100,D8LDI4,CBN74051.1
Ec-15_000470,Esi_0012_0102,D8LDI5,CBN74052.1
Ec-15_000450,Esi_0012_0104,D8LDI6,CBN74053.1
Ec-15_000440,Esi_0012_0106,D8LDI7,CBN74055.1
Ec-15_000420,Esi_0012_0107,D8LDI8,CBN74056.1
Ec-15_000410,Esi_0012_0109,D8LDI9,CBN74057.1
,Esi_0012_0110,D8LDJ0,CBN74058.1
Ec-15_000400,Esi_0012_0111,D8LDJ1,CBN74059.1
Ec-15_000360,Esi_0012_0115,D8LDJ2,CBN74060.1
Ec-15_000350,Esi_0012_0116,D8LDJ3,CBN74062.1
Ec-15_000340,Esi_0012_0117,D8LDJ4,CBN74063.1
Ec-15_000320,Esi_0012_0122,D8LDJ5,CBN74064.1
Ec-15_000310,Esi_0012_0124,D8LDJ6,CBN74065.1
Ec-15_000300,Esi_0012_0126,D8LDJ7,CBN74067.1
Ec-15_000290,Esi_0012_0127,D8LDJ8,CBN74070.1
Ec-15_000280,Esi_0012_0128,D8LDJ9,CBN74071.1
Ec-15_000270,Esi_0012_0131,D8LDK0,CBN74073.1
Ec-15_000260,Esi_0012_0132,D8LDK1,CBN74074.1
Ec-15_000250,Esi_0012_0133,D8LDK2,CBN74075.1
Ec-15_000240,Esi_0012_0136,D8LDK3,CBN74077.1
Ec-15_000230,Esi_0012_0137,D8LDK4,CBN74078.1
Ec-15_000210,Esi_0012_0144,D8LDK5,CBN74079.1
,Esi_0012_0149,D8LDK6,CBN74080.1
Ec-15_000200,Esi_0012_0156,D8LDK7,CBN74081.1
Ec-15_000190,Esi_0012_0160,D8LDK8,CBN74082.1
Ec-15_000180,Esi_0012_0161,D8LDK9,CBN74083.1
Ec-15_000170,Esi_0012_0167,D8LDL0,CBN74084.1
Ec-15_000160,Esi_0012_0169,D8LDL1,CBN74085.1
Ec-15_000150,Esi_0012_0170,D8LDL2,CBN74086.1
Ec-15_000140,Esi_0012_0171,D8LDL3,CBN74088.1
,Esi_0012_0172,D8LDL4,CBN74089.1
Ec-15_000130,Esi_0012_0173,D8LDL5,CBN74090.1
Ec-15_000120,Esi_0012_0174,D8LDL6,CBN74091.1
Ec-15_000110,Esi_0012_0175,D8LDL7,CBN74092.1
Ec-15_000100,Esi_0012_0176,D8LDL8,CBN74093.1
Ec-15_000090,Esi_0012_0177,D8LDL9,CBN74095.1
Ec-15_000070,Esi_0012_0179,D8LDM0,CBN74096.1
Ec-15_000060,Esi_0012_0180,D8LDM1,CBN74097.1
Ec-15_000050,Esi_0012_0182,D8LDM2,CBN74099.1
Ec-15_000040,Esi_0012_0184,D8LDM3,CBN74100.1
Ec-15_000020,Esi_0012_0192,D8LDM4,CBN74101.1
Ec-15_000460,Esi_0012_0205,,
Ec-15_000080,Esi_0012_0210,,
Ec-15_000610,Esi_0012_0211,,
Ec-15_000560,Esi_0012_0212,,
Ec-15_000430,Esi_0012_0213,,
Ec-15_000030,Esi_0012_0214,,
Ec-15_000890,Esi_0012_0215,,
Ec-15_000710,Esi_0012_0216,,
Ec-15_000960,Esi_0012_0217,,
Ec-15_000540,Esi_0012_0218,,
Ec-15_000390,Esi_0012_0219,,
Ec-15_000380,Esi_0012_0220,,
Ec-15_000370,Esi_0012_0221,,
Ec-15_000330,Esi_0012_0222,,
Ec-15_000220,Esi_0012_0223,,
Ec-00_000930,Esi_0013_0004,D8LE48,CBN74120.1
Ec-00_000940,Esi_0013_0010,D8LE49,CBN74121.1
Ec-00_000950,Esi_0013_0012,D8LE50,CBN74122.1
Ec-00_000970,Esi_0013_0013,D8LE51,CBN74123.1
,Esi_0013_0014,D8LE52,CBN74124.1
Ec-00_000980,Esi_0013_0015,D8LE53,CBN74125.1
Ec-00_000990,Esi_0013_0016,D8LE54,CBN74126.1
Ec-00_001000,Esi_0013_0017,D8LE55,CBN74127.1
Ec-00_001020,Esi_0013_0022,D8LE56,CBN74128.1
Ec-00_001030,Esi_0013_0025,D8LE57,CBN74129.1
Ec-00_001040,Esi_0013_0026,D8LE58,CBN74130.1
Ec-00_001050,Esi_0013_0027,D8LE59,CBN74131.1
Ec-00_001060,Esi_0013_0028,D8LE60,CBN74132.1
Ec-00_001070,Esi_0013_0030,D8LE61,CBN74133.1
Ec-00_001080,Esi_0013_0033,D8LE62,CBN74134.1
Ec-00_001090,Esi_0013_0034,D8LE63,CBN74135.1
Ec-00_001100,Esi_0013_0035,D8LE64,CBN74136.1
Ec-00_001110,Esi_0013_0036,D8LE65,CBN74137.1
Ec-00_001120,Esi_0013_0037,D8LE66,CBN74139.1
Ec-00_001130,Esi_0013_0038,D8LE67,CBN74140.1
,Esi_0013_0040,D8LE68,CBN74141.1
Ec-00_001140,Esi_0013_0043,D8LE69,CBN74142.1
,Esi_0013_0045,D8LE70,CBN74143.1
Ec-00_001150,Esi_0013_0047,D8LE71,CBN74144.1
Ec-00_001160,Esi_0013_0049,D8LE72,CBN74145.1
Ec-00_001170,Esi_0013_0050,D8LE73,CBN74146.1
Ec-00_001180,Esi_0013_0057,D8LE74,CBN74147.1
Ec-00_001190,Esi_0013_0059,D8LE75,CBN74149.1
Ec-00_001200,Esi_0013_0065,D8LE76,CBN74150.1
,Esi_0013_0067,D8LE77,CBN74151.1
Ec-00_001220,Esi_0013_0069,D8LE78,CBN74153.1
Ec-00_001230,Esi_0013_0070,D8LE79,CBN74154.1
Ec-00_001240,Esi_0013_0071,D8LE80,CBN74156.1
Ec-00_001250,Esi_0013_0072,D8LE81,CBN74157.1
Ec-00_001260,Esi_0013_0073,D8LE82,CBN74158.1
Ec-00_001270,Esi_0013_0074,D8LE83,CBN74159.1
Ec-00_001280,Esi_0013_0075,D8LE84,CBN74160.1
Ec-00_001290,Esi_0013_0076,D8LE85,CBN74161.1
Ec-00_001300,Esi_0013_0077,D8LE86,CBN74162.1
Ec-00_001310,Esi_0013_0081,D8LE87,CBN74163.1
Ec-00_001320,Esi_0013_0082,D8LE88,CBN74164.1
Ec-00_001340,Esi_0013_0083,D8LE89,CBN74165.1
Ec-00_001350,Esi_0013_0084,D8LE90,CBN74166.1
Ec-00_001360,Esi_0013_0086,D8LE91,CBN74167.1
Ec-00_001370,Esi_0013_0087,D8LE92,CBN74169.1
Ec-00_001380,Esi_0013_0091,D8LE93,CBN74170.1
Ec-00_001390,Esi_0013_0092,D8LE94,CBN74171.1
Ec-00_001400,Esi_0013_0093,D8LE95,CBN74172.1
Ec-00_001410,Esi_0013_0097,D8LE96,CBN74174.1
Ec-00_001420,Esi_0013_0099,D8LE97,CBN74177.1
Ec-00_001430,Esi_0013_0100,D8LE98,CBN74178.1
Ec-00_001440,Esi_0013_0102,D8LE99,CBN74180.1
Ec-00_001450,Esi_0013_0103,D8LEA0,CBN74181.1
Ec-00_001460,Esi_0013_0104,D8LEA1,CBN74182.1
Ec-00_001480,Esi_0013_0105,D8LEA2,CBN74184.1
Ec-00_001490,Esi_0013_0107,D8LEA3,CBN74185.1
Ec-00_001500,Esi_0013_0108,D8LEA4,CBN74187.1
Ec-00_001510,Esi_0013_0109,D8LEA5,CBN74188.1
Ec-00_001520,Esi_0013_0110,D8LEA6,CBN74189.1
Ec-00_001530,Esi_0013_0113,D8LEA7,CBN74191.1
Ec-00_001540,Esi_0013_0114,D8LEA8,CBN74192.1
Ec-00_001550,Esi_0013_0115,D8LEA9,CBN74194.1
Ec-00_001570,Esi_0013_0117,D8LEB0,CBN74195.1
Ec-00_001580,Esi_0013_0118,D8LEB1,CBN74196.1
Ec-00_001590,Esi_0013_0119,D8LEB2,CBN74197.1
Ec-00_001600,Esi_0013_0122,D8LEB3,CBN74198.1
Ec-00_001610,Esi_0013_0127,D8LEB4,CBN74199.1
Ec-00_001620,Esi_0013_0129,D8LEB5,CBN74200.1
Ec-00_001630,Esi_0013_0130,D8LEB6,CBN74201.1
,Esi_0013_0131,D8LEB7,CBN74202.1
Ec-00_001640,Esi_0013_0133,D8LEB8,CBN74203.1
Ec-00_001650,Esi_0013_0134,D8LEB9,CBN74204.1
Ec-00_001670,Esi_0013_0136,D8LEC0,CBN74205.1
Ec-00_001690,Esi_0013_0137,D8LEC1,CBN74206.1
Ec-00_001700,Esi_0013_0140,D8LEC2,CBN74207.1
Ec-00_001710,Esi_0013_0141,D8LEC3,CBN74208.1
Ec-00_001720,Esi_0013_0142,D8LEC4,CBN74209.1
Ec-00_001730,Esi_0013_0143,D8LEC5,CBN74210.1
Ec-00_001740,Esi_0013_0145,D8LEC6,CBN74211.1
Ec-00_001750,Esi_0013_0146,D8LEC7,CBN74212.1
Ec-00_001760,Esi_0013_0147,D8LEC8,CBN74213.1
Ec-00_001770,Esi_0013_0148,D8LEC9,CBN74214.1
Ec-00_001790,Esi_0013_0153,D8LED0,CBN74215.1
Ec-00_001800,Esi_0013_0157,D8LED1,CBN74216.1
Ec-00_001810,Esi_0013_0159,D8LED2,CBN74217.1
Ec-00_001850,Esi_0013_0166,D8LED3,CBN74218.1
Ec-00_001860,Esi_0013_0168,D8LED4,CBN74219.1
Ec-00_001870,Esi_0013_0178,D8LED5,CBN74220.1
Ec-00_001890,Esi_0013_0182,D8LED6,CBN74221.1
Ec-00_001900,Esi_0013_0183,D8LED7,CBN74223.1
Ec-00_001910,Esi_0013_0184,D8LED8,CBN74224.1
Ec-00_001920,Esi_0013_0185,D8LED9,CBN74225.1
Ec-00_001930,Esi_0013_0186,D8LEE0,CBN74226.1
Ec-00_001940,Esi_0013_0187,D8LEE1,CBN74227.1
Ec-00_001950,Esi_0013_0189,D8LEE2,CBN74228.1
Ec-00_001960,Esi_0013_0190,D8LEE3,CBN74229.1
Ec-00_001990,Esi_0013_0192,D8LEE4,CBN74231.1
Ec-00_002000,Esi_0013_0194,D8LEE5,CBN74232.1
Ec-00_002010,Esi_0013_0196,D8LEE6,CBN74233.1
Ec-00_002020,Esi_0013_0197,D8LEE7,CBN74234.1
Ec-00_002030,Esi_0013_0199,D8LEE8,CBN74235.1
Ec-00_002040,Esi_0013_0200,D8LEE9,CBN74236.1
Ec-00_002050,Esi_0013_0201,D8LEF0,CBN74237.1
Ec-00_002060,Esi_0013_0206,D8LEF1,CBN74238.1
,Esi_0013_0207,D8LEF2,CBN74239.1
Ec-00_002070,Esi_0013_0208,D8LEF3,CBN74240.1
Ec-00_002080,Esi_0013_0211,D8LEF4,CBN74241.1
Ec-00_002090,Esi_0013_0217,D8LEF5,CBN74242.1
Ec-00_002100,Esi_0013_0218,D8LEF6,CBN74243.1
Ec-00_001010,Esi_0013_0236,,
Ec-00_001470,Esi_0013_0241,,
Ec-00_000960,Esi_0013_0242,,
Ec-00_001840,Esi_0013_0243,,
Ec-00_001880,Esi_0013_0244,,
Ec-00_001820,Esi_0013_0245,,
Ec-00_001830,Esi_0013_0246,,
Ec-00_001970,Esi_0013_0247,,
Ec-00_001980,Esi_0013_0248,,
Ec-00_001210,Esi_0013_0249,,
Ec-00_001330,Esi_0013_0250,,
Ec-00_001560,Esi_0013_0251,,
Ec-00_001660,Esi_0013_0252,,
Ec-00_001680,Esi_0013_0253,,
Ec-00_001780,Esi_0013_0254,,
Ec-21_005320,Esi_0014_0002,D8LER9,CBN79739.1
Ec-21_005340,Esi_0014_0006,D8LES0,CBN79740.1
Ec-21_005350,Esi_0014_0008,D8LES1,CBN79741.1
Ec-21_005360,Esi_0014_0010,D8LES2,CBN79742.1
Ec-21_005370,Esi_0014_0012,D8LES3,CBN79743.1
Ec-21_005380,Esi_0014_0013,D8LES4,CBN79744.1
Ec-21_005390,Esi_0014_0018,D8LES5,CBN79745.1
Ec-21_005410,Esi_0014_0020,D8LES6,CBN79746.1
Ec-21_005420,Esi_0014_0022,D8LES7,CBN79747.1
Ec-21_005430,Esi_0014_0023,D8LES8,CBN79748.1
Ec-21_005440,Esi_0014_0027,D8LES9,CBN79749.1
Ec-21_005480,Esi_0014_0036,D8LET0,CBN79750.1
Ec-21_005490,Esi_0014_0037,D8LET1,CBN79751.1
Ec-21_005500,Esi_0014_0042,D8LET2,CBN79752.1
,Esi_0014_0044,D8LET3,CBN79753.1
Ec-21_005510,Esi_0014_0047,D8LET4,CBN79754.1
Ec-21_005520,Esi_0014_0048,D8LET5,CBN79755.1
Ec-21_005530,Esi_0014_0050,D8LET6,CBN79756.1
Ec-21_005540,Esi_0014_0051,D8LET7,CBN79757.1
Ec-21_005550,Esi_0014_0052,D8LET8,CBN79758.1
Ec-21_005560,Esi_0014_0053,D8LET9,CBN79759.1
Ec-21_005570,Esi_0014_0054,D8LEU0,CBN79760.1
Ec-21_005580,Esi_0014_0056,D8LEU1,CBN79761.1
Ec-21_005590,Esi_0014_0057,D8LEU2,CBN79762.1
Ec-21_005600,Esi_0014_0058,D8LEU3,CBN79763.1
Ec-21_005610,Esi_0014_0059,D8LEU4,CBN79764.1
Ec-21_005620,Esi_0014_0060,D8LEU5,CBN79765.1
Ec-21_005630,Esi_0014_0062,D8LEU6,CBN79766.1
Ec-21_005640,Esi_0014_0064,D8LEU7,CBN79767.1
Ec-21_005650,Esi_0014_0065,D8LEU8,CBN79768.1
Ec-21_005660,Esi_0014_0066,D8LEU9,CBN79769.1
Ec-21_005670,Esi_0014_0067,D8LEV0,CBN79770.1
Ec-21_005680,Esi_0014_0068,D8LEV1,CBN79771.1
Ec-21_005690,Esi_0014_0069,D8LEV2,CBN79772.1
,Esi_0014_0070,D8LEV3,CBN79773.1
Ec-21_005700,Esi_0014_0073,D8LEV4,CBN79774.1
Ec-21_005710,Esi_0014_0076,D8LEV5,CBN79775.1
Ec-21_005720,Esi_0014_0077,D8LEV6,CBN79776.1
Ec-21_005730,Esi_0014_0080,D8LEV7,CBN79777.1
Ec-21_005740,Esi_0014_0084,,
Ec-21_005750,Esi_0014_0085,D8LEV9,CBN79779.1
Ec-21_005760,Esi_0014_0089,D8LEW0,CBN79780.1
Ec-21_005770,Esi_0014_0090,D8LEW1,CBN79781.1
Ec-21_005780,Esi_0014_0091,D8LEW2,CBN79782.1
,Esi_0014_0092,D8LEW3,CBN79783.1
Ec-21_005790,Esi_0014_0093,D8LEW4,CBN79784.1
Ec-21_005800,Esi_0014_0095,D8LEW5,CBN79785.1
Ec-21_005810,Esi_0014_0098,D8LEW6,CBN79786.1
Ec-21_005820,Esi_0014_0099,D8LEW7,CBN79787.1
Ec-21_005830,Esi_0014_0101,D8LEW8,CBN79788.1
Ec-21_005840,Esi_0014_0102,D8LEW9,CBN79789.1
Ec-21_005850,Esi_0014_0106,D8LEX0,CBN79790.1
Ec-21_005870,Esi_0014_0108,D8LEX1,CBN79791.1
Ec-21_005890,Esi_0014_0112,D8LEX2,CBN79792.1
Ec-21_005900,Esi_0014_0114,D8LEX3,CBN79793.1
Ec-21_005910,Esi_0014_0115,D8LEX4,CBN79794.1
Ec-21_005920,Esi_0014_0116,D8LEX5,CBN79795.1
Ec-21_005930,Esi_0014_0117,D8LEX6,CBN79796.1
Ec-21_005940,Esi_0014_0125,D8LEX7,CBN79797.1
Ec-21_005960,Esi_0014_0130,D8LEX8,CBN79798.1
Ec-21_005970,Esi_0014_0133,D8LEX9,CBN79799.1
Ec-21_005980,Esi_0014_0135,D8LEY0,CBN79800.1
Ec-21_005990,Esi_0014_0136,D8LEY1,CBN79801.1
Ec-21_006000,Esi_0014_0137,D8LEY2,CBN79802.1
Ec-21_006010,Esi_0014_0139,D8LEY3,CBN79803.1
Ec-21_006020,Esi_0014_0141,D8LEY4,CBN79804.1
Ec-21_006030,Esi_0014_0142,D8LEY5,CBN79805.1
Ec-21_006040,Esi_0014_0143,D8LEY6,CBN79806.1
Ec-21_006050,Esi_0014_0145,D8LEY7,CBN79807.1
Ec-21_006060,Esi_0014_0146,D8LEY8,CBN79808.1
,Esi_0014_0147,D8LEY9,CBN79809.1
Ec-21_006070,Esi_0014_0148,D8LEZ0,CBN79810.1
Ec-21_006080,Esi_0014_0149,D8LEZ1,CBN79811.1
Ec-21_006100,Esi_0014_0150,D8LEZ2,CBN79812.1
Ec-21_006110,Esi_0014_0153,D8LEZ3,CBN79813.1
Ec-21_006120,Esi_0014_0154,D8LEZ4,CBN79814.1
Ec-21_006130,Esi_0014_0155,D8LEZ5,CBN79815.1
Ec-21_006140,Esi_0014_0157,D8LEZ6,CBN79816.1
Ec-21_006150,Esi_0014_0159,D8LEZ7,CBN79817.1
Ec-21_006160,Esi_0014_0160,D8LEZ8,CBN79818.1
Ec-21_006170,Esi_0014_0161,D8LEZ9,CBN79819.1
Ec-21_006180,Esi_0014_0162,D8LF00,CBN79820.1
Ec-21_006190,Esi_0014_0163,D8LF01,CBN79821.1
Ec-21_006200,Esi_0014_0165,D8LF02,CBN79822.1
Ec-21_006210,Esi_0014_0168,D8LF03,CBN79823.1
,Esi_0014_0170,D8LF04,CBN79824.1
Ec-21_006220,Esi_0014_0172,D8LF05,CBN79825.1
Ec-21_006230,Esi_0014_0173,D8LF06,CBN79826.1
Ec-21_006250,Esi_0014_0174,D8LF07,CBN79827.1
Ec-21_006260,Esi_0014_0175,D8LF08,CBN79828.1
Ec-21_006270,Esi_0014_0176,D8LF09,CBN79829.1
Ec-21_006280,Esi_0014_0178,D8LF10,CBN79830.1
Ec-21_006290,Esi_0014_0179,D8LF11,CBN79831.1
Ec-21_006300,Esi_0014_0180,D8LF12,CBN79832.1
Ec-21_006310,Esi_0014_0181,D8LF13,CBN79833.1
Ec-21_006320,Esi_0014_0183,D8LF14,CBN79834.1
Ec-21_006340,Esi_0014_0184,D8LF15,CBN79835.1
Ec-21_006350,Esi_0014_0186,D8LF16,CBN79836.1
Ec-21_006370,Esi_0014_0187,D8LF17,CBN79837.2
Ec-21_006380,Esi_0014_0188,D8LF18,CBN79838.1
Ec-21_006390,Esi_0014_0190,D8LF19,CBN79839.1
Ec-21_006400,Esi_0014_0194,D8LF20,CBN79840.1
Ec-21_006410,Esi_0014_0195,D8LF21,CBN79841.1
Ec-21_006430,Esi_0014_0196,D8LF22,CBN79842.1
Ec-21_006440,Esi_0014_0199,D8LF23,CBN79843.1
Ec-21_006450,Esi_0014_0201,D8LF24,CBN79844.1
Ec-21_006460,Esi_0014_0215,D8LF25,CBN79845.1
Ec-21_006470,Esi_0014_0216,D8LF26,CBN79846.1
Ec-21_006480,Esi_0014_0217,D8LF27,CBN79847.1
Ec-21_006490,Esi_0014_0222,D8LF28,CBN79848.1
Ec-21_006500,Esi_0014_0223,D8LF29,CBN79849.1
Ec-21_006510,Esi_0014_0225,D8LF30,CBN79850.1
Ec-21_006520,Esi_0014_0227,D8LF31,CBN79851.1
Ec-21_006530,Esi_0014_0228,D8LF32,CBN79852.1
Ec-21_006540,Esi_0014_0231,D8LF33,CBN79853.1
Ec-21_005860,Esi_0014_0249,,
Ec-21_005950,Esi_0014_0250,,
Ec-21_006240,Esi_0014_0254,,
Ec-21_006330,Esi_0014_0255,,
Ec-21_006360,Esi_0014_0256,,
Ec-21_006420,Esi_0014_0257,,
Ec-21_005450,Esi_0014_0258,,
Ec-21_005460,Esi_0014_0259,,
Ec-21_005470,Esi_0014_0260,,
Ec-21_005330,Esi_0014_0261,,
Ec-21_005880,Esi_0014_0262,,
Ec-21_005400,Esi_0014_0263,,
Ec-21_006090,Esi_0014_0264,,
Ec-04_002330,Esi_0015_0001,D8LFG0,CBN79880.1
Ec-04_002300,Esi_0015_0011,D8LFG1,CBN79881.1
Ec-04_002290,Esi_0015_0014,D8LFG2,CBN79882.1
,Esi_0015_0017,D8LFG3,CBN79883.1
Ec-04_002280,Esi_0015_0018,D8LFG4,CBN79884.1
Ec-04_002260,Esi_0015_0023,D8LFG5,CBN79885.1
Ec-04_002250,Esi_0015_0024,D8LFG6,CBN79886.1
Ec-04_002240,Esi_0015_0026,D8LFG7,CBN79887.1
Ec-04_002230,Esi_0015_0028,D8LFG8,CBN79888.1
Ec-04_002220,Esi_0015_0030,D8LFG9,CBN79889.1
Ec-04_002210,Esi_0015_0031,D8LFH0,CBN79890.1
,Esi_0015_0033,D8LFH1,CBN79891.1
Ec-04_002200,Esi_0015_0035,D8LFH2,CBN79892.1
Ec-04_002190,Esi_0015_0036,D8LFH3,CBN79893.1
Ec-04_002180,Esi_0015_0037,D8LFH4,CBN79894.1
Ec-04_002170,Esi_0015_0038,D8LFH5,CBN79895.1
Ec-04_002160,Esi_0015_0039,D8LFH6,CBN79896.1
Ec-04_002150,Esi_0015_0045,D8LFH7,CBN79897.1
Ec-04_002140,Esi_0015_0046,D8LFH8,CBN79898.1
Ec-04_002130,Esi_0015_0055,D8LFH9,CBN79899.1
Ec-04_002110,Esi_0015_0059,D8LFI0,CBN79900.1
Ec-04_002100,Esi_0015_0061,D8LFI1,CBN79901.1
Ec-04_002090,Esi_0015_0064,D8LFI2,CBN79902.1
Ec-04_002080,Esi_0015_0065,D8LFI3,CBN79903.1
Ec-04_002070,Esi_0015_0066,D8LFI4,CBN79904.1
Ec-04_002060,Esi_0015_0067,D8LFI5,CBN79905.1
Ec-04_002050,Esi_0015_0069,D8LFI6,CBN79906.1
Ec-04_002040,Esi_0015_0073,D8LFI7,CBN79907.1
Ec-04_002030,Esi_0015_0076,D8LFI8,CBN79908.1
Ec-04_002020,Esi_0015_0077,D8LFI9,CBN79909.1
Ec-04_002010,Esi_0015_0078,D8LFJ0,CBN79910.1
Ec-04_002000,Esi_0015_0081,D8LFJ1,CBN79911.1
,Esi_0015_0082,D8LFJ2,CBN79912.1
,Esi_0015_0083,D8LFJ3,CBN79913.1
Ec-04_001990,Esi_0015_0085,D8LFJ4,CBN79914.1
Ec-04_001980,Esi_0015_0086,D8LFJ5,CBN79915.1
Ec-04_001970,Esi_0015_0087,D8LFJ6,CBN79916.1
Ec-04_001960,Esi_0015_0088,D8LFJ7,CBN79917.1
Ec-04_001950,Esi_0015_0089,D8LFJ8,CBN79918.1
Ec-04_001940,Esi_0015_0090,D8LFJ9,CBN79919.1
Ec-04_001930,Esi_0015_0093,D8LFK0,CBN79920.1
Ec-04_001920,Esi_0015_0094,D8LFK1,CBN79921.1
Ec-04_001900,Esi_0015_0096,D8LFK3,CBN79923.1
Ec-04_001890,Esi_0015_0097,D8LFK2,CBN79922.1
Ec-04_001880,Esi_0015_0103,D8LFK4,CBN79924.1
Ec-04_001870,Esi_0015_0106,D8LFK5,CBN79925.1
Ec-04_001860,Esi_0015_0108,D8LFK6,CBN79926.1
Ec-04_001850,Esi_0015_0111,D8LFK7,CBN79927.1
Ec-04_001840,Esi_0015_0112,D8LFK8,CBN79928.1
Ec-04_001830,Esi_0015_0113,D8LFK9,CBN79929.1
Ec-04_001820,Esi_0015_0114,D8LFL0,CBN79930.1
Ec-04_001810,Esi_0015_0117,D8LFL1,CBN79931.1
Ec-04_001800,Esi_0015_0119,D8LFL2,CBN79932.1
Ec-04_001790,Esi_0015_0120,D8LFL3,CBN79933.1
Ec-04_001780,Esi_0015_0122,D8LFL4,CBN79934.1
Ec-04_001770,Esi_0015_0123,D8LFL5,CBN79935.1
Ec-04_001760,Esi_0015_0124,D8LFL6,CBN79936.1
Ec-04_001750,Esi_0015_0125,D8LFL7,CBN79937.2
Ec-04_001740,Esi_0015_0126,D8LFL8,CBN79938.1
Ec-04_001730,Esi_0015_0131,D8LFL9,CBN79939.1
Ec-04_001720,Esi_0015_0132,D8LFM0,CBN79940.1
Ec-04_001710,Esi_0015_0133,D8LFM1,CBN79941.1
Ec-04_001700,Esi_0015_0135,D8LFM2,CBN79942.2
Ec-04_001690,Esi_0015_0138,D8LFM3,CBN79943.1
Ec-04_001620,Esi_0015_0142,D8LFM4,CBN79944.1
Ec-04_001610,Esi_0015_0145,D8LFM5,CBN79945.1
Ec-04_001590,Esi_0015_0147,D8LFM6,CBN79946.1
Ec-04_001580,Esi_0015_0149,D8LFM7,CBN79947.1
Ec-04_001540,Esi_0015_0151,D8LFM8,CBN79948.1
Ec-04_001520,Esi_0015_0158,D8LFM9,CBN79949.1
Ec-04_001500,Esi_0015_0160,D8LFN1,CBN79951.1
Ec-04_001490,Esi_0015_0161,D8LFN2,CBN79952.1
Ec-04_001480,Esi_0015_0162,D8LFN3,CBN79953.1
Ec-04_001470,Esi_0015_0164,D8LFN4,CBN79954.1
,Esi_0015_0166,D8LFN5,CBN79955.1
Ec-04_001450,Esi_0015_0171,D8LFN6,CBN79956.1
Ec-04_001430,Esi_0015_0176,D8LFN7,CBN79957.1
Ec-04_001400,Esi_0015_0185,D8LFN8,CBN79958.1
Ec-04_001390,Esi_0015_0186,D8LFN9,CBN79959.1
Ec-04_001380,Esi_0015_0187,D8LFP0,CBN79960.1
Ec-04_001370,Esi_0015_0189,D8LFP1,CBN79961.1
Ec-04_001360,Esi_0015_0194,D8LFP2,CBN79962.1
,Esi_0015_0195,D8LFP3,CBN79963.1
Ec-04_001350,Esi_0015_0197,D8LFP4,CBN79964.1
Ec-04_001330,Esi_0015_0198,D8LFP5,CBN79965.1
Ec-04_001680,Esi_0015_0213,,
Ec-04_001670,Esi_0015_0214,,
Ec-04_001660,Esi_0015_0215,,
Ec-04_001650,Esi_0015_0216,,
Ec-04_001640,Esi_0015_0217,,
Ec-04_001630,Esi_0015_0218,,
Ec-04_001510,Esi_0015_0219,D8LFN0,CBN79950.1
Ec-04_002320,Esi_0015_0220,,
Ec-04_002270,Esi_0015_0221,,
Ec-04_001340,Esi_0015_0226,,
Ec-04_001550,Esi_0015_0227,,
Ec-04_001460,Esi_0015_0228,,
Ec-04_001440,Esi_0015_0229,,
Ec-04_001420,Esi_0015_0230,,
Ec-04_001410,Esi_0015_0231,,
Ec-04_002120,Esi_0015_0232,,
Ec-04_002310,Esi_0015_0233,,
Ec-04_001910,Esi_0015_0234,,
Ec-04_001600,Esi_0015_0235,,
Ec-04_001570,Esi_0015_0236,,
Ec-04_001560,Esi_0015_0237,,
Ec-04_001530,Esi_0015_0238,,
Ec-17_001280,Esi_0016_0003,D7FLG3,CBJ25779.1
Ec-17_001270,Esi_0016_0005,D7FLG4,CBJ25780.1
Ec-17_001260,Esi_0016_0008,D7FLG5,CBJ25781.1
,Esi_0016_0009,D7FLG6,CBJ25782.1
Ec-17_001250,Esi_0016_0010,D7FLG7,CBJ25783.1
Ec-17_001240,Esi_0016_0014,D7FLG8,CBJ25784.1
Ec-17_001230,Esi_0016_0015,D7FLG9,CBJ25785.1
Ec-17_001210,Esi_0016_0019,D7FLH0,CBJ25786.1
Ec-17_001200,Esi_0016_0020,D7FLH1,CBJ25787.1
Ec-17_001190,Esi_0016_0022,D7FLH2,CBJ25788.1
Ec-17_001180,Esi_0016_0024,D7FLH3,CBJ25789.1
Ec-17_001170,Esi_0016_0027,D7FLH4,CBJ25790.1
Ec-17_001160,Esi_0016_0029,D7FLH5,CBJ25791.1
Ec-17_001150,Esi_0016_0031,D7FLH6,CBJ25792.1
Ec-17_001140,Esi_0016_0032,D7FLH7,CBJ25793.1
Ec-17_001130,Esi_0016_0038,D7FLH8,CBJ25794.1
Ec-17_001120,Esi_0016_0039,D7FLH9,CBJ25795.1
Ec-17_001110,Esi_0016_0043,D7FLI0,CBJ25796.1
Ec-17_001100,Esi_0016_0044,D7FLI1,CBJ25797.1
Ec-17_001090,Esi_0016_0045,D7FLI2,CBJ25798.1
Ec-17_001080,Esi_0016_0047,D7FLI3,CBJ25799.1
Ec-17_001070,Esi_0016_0048,D7FLI4,CBJ25800.1
Ec-17_001050,Esi_0016_0050,D7FLI5,CBJ25801.1
Ec-17_001040,Esi_0016_0055,D7FLI6,CBJ25802.1
Ec-17_001020,Esi_0016_0057,D7FLI7,CBJ25803.1
Ec-17_001010,Esi_0016_0060,D7FLI8,CBJ25804.1
Ec-17_001000,Esi_0016_0062,D7FLI9,CBJ25805.1
,Esi_0016_0063,D7FLJ0,CBJ25806.1
Ec-17_000990,Esi_0016_0065,D7FLJ1,CBJ25807.1
Ec-17_000980,Esi_0016_0068,D7FLJ2,CBJ25808.1
Ec-17_000970,Esi_0016_0071,D7FLJ3,CBJ25809.1
Ec-17_000960,Esi_0016_0074,D7FLJ4,CBJ25810.1
Ec-17_000950,Esi_0016_0077,D7FLJ5,CBJ25811.1
Ec-17_000940,Esi_0016_0081,D7FLJ6,CBJ25812.1
Ec-17_000930,Esi_0016_0084,D7FLJ7,CBJ25813.1
Ec-17_000920,Esi_0016_0091,D7FLJ8,CBJ25814.1
Ec-17_000910,Esi_0016_0092,D7FLJ9,CBJ25815.1
Ec-17_000900,Esi_0016_0097,D7FLK0,CBJ25816.1
Ec-17_000890,Esi_0016_0102,D7FLK1,CBJ25817.1
Ec-17_000880,Esi_0016_0104,D7FLK2,CBJ25818.1
Ec-17_000870,Esi_0016_0105,D7FLK3,CBJ25819.1
Ec-17_000850,Esi_0016_0106,D7FLK4,CBJ25820.1
Ec-17_000840,Esi_0016_0108,D7FLK5,CBJ25821.1
,Esi_0016_0109,D7FLK6,CBJ25822.1
Ec-17_000820,Esi_0016_0114,D7FLK7,CBJ25823.1
Ec-17_000810,Esi_0016_0115,D7FLK8,CBJ25824.1
Ec-17_000760,Esi_0016_0123,D7FLK9,CBJ25825.1
Ec-17_000750,Esi_0016_0124,D7FLL0,CBJ25826.1
Ec-17_000730,Esi_0016_0125,D7FLL1,CBJ25827.1
Ec-17_000720,Esi_0016_0126,D7FLL2,CBJ25828.1
Ec-17_000710,Esi_0016_0127,D7FLL3,CBJ25829.1
Ec-17_000690,Esi_0016_0129,D7FLL4,CBJ25830.1
Ec-17_000680,Esi_0016_0132,D7FLL5,CBJ25831.1
,Esi_0016_0133,D7FLL6,CBJ25832.1
Ec-17_000670,Esi_0016_0136,D7FLL7,CBJ25833.1
Ec-17_000660,Esi_0016_0138,D7FLL8,CBJ25834.1
Ec-17_000640,Esi_0016_0144,D7FLL9,CBJ25835.1
Ec-17_000630,Esi_0016_0146,D7FLM0,CBJ25836.1
Ec-17_000620,Esi_0016_0147,D7FLM1,CBJ25837.1
Ec-17_000610,Esi_0016_0150,D7FLM2,CBJ25838.1
Ec-17_000600,Esi_0016_0153,D7FLM3,CBJ25839.1
Ec-17_000590,Esi_0016_0154,D7FLM4,CBJ25840.1
Ec-17_000580,Esi_0016_0158,D7FLM5,CBJ25841.1
Ec-17_000570,Esi_0016_0160,D7FLM6,CBJ25842.1
Ec-17_000560,Esi_0016_0161,D7FLM7,CBJ25843.1
Ec-17_000550,Esi_0016_0165,D7FLM8,CBJ25844.1
Ec-17_000540,Esi_0016_0166,D7FLM9,CBJ25845.1
Ec-17_000530,Esi_0016_0168,D7FLN0,CBJ25846.1
Ec-17_000510,Esi_0016_0169,D7FLN1,CBJ25847.1
Ec-17_000500,Esi_0016_0171,D7FLN2,CBJ25848.1
Ec-17_000480,Esi_0016_0173,D7FLN3,CBJ25849.1
Ec-17_000470,Esi_0016_0174,D7FLN4,CBJ25850.1
Ec-17_000460,Esi_0016_0175,D7FLN5,CBJ25851.1
Ec-17_000450,Esi_0016_0176,D7FLN6,CBJ25852.1
Ec-17_000440,Esi_0016_0179,D7FLN7,CBJ25853.1
Ec-17_000430,Esi_0016_0180,D7FLN8,CBJ25854.1
Ec-17_000410,Esi_0016_0182,D7FLN9,CBJ25855.1
Ec-17_000400,Esi_0016_0184,D7FLP0,CBJ25856.1
Ec-17_000380,Esi_0016_0186,D7FLP1,CBJ25857.1
Ec-17_000370,Esi_0016_0188,D7FLP2,CBJ25858.1
Ec-17_000360,Esi_0016_0190,D7FLP3,CBJ25859.1
Ec-17_000350,Esi_0016_0192,D7FLP4,CBJ25860.1
Ec-17_000340,Esi_0016_0193,D7FLP5,CBJ25861.1
Ec-17_000330,Esi_0016_0197,D7FLP6,CBJ25862.1
Ec-17_000320,Esi_0016_0199,D7FLP7,CBJ25863.1
Ec-17_000310,Esi_0016_0201,D7FLP8,CBJ25864.1
Ec-17_000390,Esi_0016_0219,,
Ec-17_001060,Esi_0016_0225,,
Ec-17_000830,Esi_0016_0226,,
Ec-17_000780,Esi_0016_0227,,
Ec-17_000700,Esi_0016_0228,,
Ec-17_000650,Esi_0016_0229,,
Ec-17_000520,Esi_0016_0230,,
Ec-17_000490,Esi_0016_0231,,
Ec-17_001220,Esi_0016_0232,,
Ec-17_000420,Esi_0016_0233,,
Ec-17_001030,Esi_0016_0234,,
Ec-17_000860,Esi_0016_0235,,
Ec-17_000800,Esi_0016_0236,,
Ec-17_000790,Esi_0016_0237,,
Ec-17_000770,Esi_0016_0238,,
Ec-17_000740,Esi_0016_0239,,
Ec-23_000240,Esi_0017_0002,D7FMG8,CBJ25865.1
Ec-23_000250,Esi_0017_0003,D7FMG9,CBJ25866.1
Ec-23_000260,Esi_0017_0005,D7FMH0,CBJ25867.1
,Esi_0017_0008,D7FMH1,CBJ25868.1
Ec-23_000290,Esi_0017_0009,D7FMH2,CBJ25869.1
Ec-23_000300,Esi_0017_0010,D7FMH3,CBJ25870.1
Ec-23_000310,Esi_0017_0011,D7FMH4,CBJ25871.1
Ec-23_000320,Esi_0017_0013,D7FMH5,CBJ25872.1
Ec-23_000330,Esi_0017_0015,D7FMH6,CBJ25873.1
Ec-23_000340,Esi_0017_0024,D7FMH7,CBJ25874.1
Ec-23_000360,Esi_0017_0027,D7FMH8,CBJ25875.1
Ec-23_000370,Esi_0017_0029,D7FMH9,CBJ25876.1
,Esi_0017_0030,D7FMI0,CBJ25877.1
Ec-23_000380,Esi_0017_0031,D7FMI1,CBJ25878.1
Ec-23_000390,Esi_0017_0032,D7FMI2,CBJ25879.1
Ec-23_000410,Esi_0017_0035,D7FMI3,CBJ25880.1
Ec-23_000420,Esi_0017_0036,D7FMI4,CBJ25881.1
Ec-23_000440,Esi_0017_0037,D7FMI5,CBJ25882.1
Ec-23_000450,Esi_0017_0039,D7FMI6,CBJ25883.1
Ec-23_000460,Esi_0017_0040,D7FMI7,CBJ25884.1
Ec-23_000470,Esi_0017_0041,D7FMI8,CBJ25885.1
Ec-23_000480,Esi_0017_0042,D7FMI9,CBJ25886.1
Ec-23_000490,Esi_0017_0043,D7FMJ0,CBJ25887.1
Ec-23_000500,Esi_0017_0045,D7FMJ1,CBJ25888.1
Ec-23_000510,Esi_0017_0046,D7FMJ2,CBJ25889.1
Ec-23_000520,Esi_0017_0049,D7FMJ3,CBJ25890.1
Ec-23_000530,Esi_0017_0054,D7FMJ4,CBJ25891.1
Ec-23_000540,Esi_0017_0056,D7FMJ5,CBJ25892.1
Ec-23_000550,Esi_0017_0058,D7FMJ6,CBJ25893.1
Ec-23_000560,Esi_0017_0059,D7FMJ7,CBJ25894.1
Ec-23_000570,Esi_0017_0062,D7FMJ8,CBJ25895.1
Ec-23_000590,Esi_0017_0063,D7FMJ9,CBJ25896.1
Ec-23_000600,Esi_0017_0065,D7FMK0,CBJ25897.1
Ec-23_000610,Esi_0017_0075,D7FMK1,CBJ25898.1
Ec-23_000620,Esi_0017_0076,D7FMK2,CBJ25899.1
Ec-23_000630,Esi_0017_0077,D7FMK3,CBJ25900.1
Ec-23_000640,Esi_0017_0079,D7FMK4,CBJ25901.1
Ec-23_000650,Esi_0017_0080,D7FMK5,CBJ25902.1
Ec-23_000660,Esi_0017_0095,D7FMK6,CBJ25903.1
Ec-23_000670,Esi_0017_0096,D7FMK7,CBJ25904.1
Ec-23_000680,Esi_0017_0099,D7FMK8,CBJ25905.1
Ec-23_000690,Esi_0017_0100,D7FMK9,CBJ25906.1
Ec-23_000700,Esi_0017_0101,D7FML0,CBJ25907.1
Ec-23_000710,Esi_0017_0102,D7FML1,CBJ25908.1
Ec-23_000720,Esi_0017_0105,D7FML2,CBJ25909.1
Ec-23_000730,Esi_0017_0107,D7FML3,CBJ25910.1
Ec-23_000740,Esi_0017_0108,D7FML4,CBJ25911.1
Ec-23_000750,Esi_0017_0111,D7FML5,CBJ25912.1
Ec-23_000760,Esi_0017_0113,D7FML6,CBJ25913.1
Ec-23_000810,Esi_0017_0116,D7FML7,CBJ25914.1
Ec-23_000820,Esi_0017_0119,D7FML8,CBJ25915.1
Ec-23_000830,Esi_0017_0120,D7FML9,CBJ25916.1
Ec-23_000840,Esi_0017_0126,D7FMM0,CBJ25917.1
Ec-23_000850,Esi_0017_0127,D7FMM1,CBJ25918.1
Ec-23_000860,Esi_0017_0128,D7FMM2,CBJ25919.1
Ec-23_000870,Esi_0017_0130,D7FMM3,CBJ25920.1
Ec-23_000880,Esi_0017_0134,D7FMM4,CBJ25921.1
Ec-23_000890,Esi_0017_0135,D7FMM5,CBJ25922.1
Ec-23_000900,Esi_0017_0136,D7FMM6,CBJ25923.1
Ec-23_000910,Esi_0017_0138,D7FMM7,CBJ25924.1
Ec-23_000920,Esi_0017_0140,D7FMM8,CBJ25925.1
Ec-23_000930,Esi_0017_0142,D7FMM9,CBJ25926.1
Ec-23_000940,Esi_0017_0145,D7FMN0,CBJ25927.1
Ec-23_000950,Esi_0017_0146,D7FMN1,CBJ25928.1
Ec-23_000960,Esi_0017_0147,D7FMN2,CBJ25929.1
Ec-23_000970,Esi_0017_0148,D7FMN3,CBJ25930.1
Ec-23_000980,Esi_0017_0149,D7FMN4,CBJ25931.1
Ec-23_000990,Esi_0017_0151,D7FMN5,CBJ25932.1
Ec-23_001000,Esi_0017_0154,D7FMN6,CBJ25933.1
,Esi_0017_0155,D7FMN7,CBJ25934.1
Ec-23_001010,Esi_0017_0158,D7FMN8,CBJ25935.1
Ec-23_001020,Esi_0017_0159,D7FMN9,CBJ25936.1
Ec-23_001030,Esi_0017_0162,D7FMP0,CBJ25937.1
Ec-23_001040,Esi_0017_0168,D7FMP1,CBJ25938.1
Ec-23_001060,Esi_0017_0169,D7FMP2,CBJ25939.1
Ec-23_001080,Esi_0017_0171,D7FMP3,CBJ25940.1
Ec-23_001090,Esi_0017_0172,D7FMP4,CBJ25941.1
Ec-23_001100,Esi_0017_0174,D7FMP5,CBJ25942.1
Ec-23_001110,Esi_0017_0175,D7FMP6,CBJ25943.1
Ec-23_001120,Esi_0017_0177,D7FMP7,CBJ25944.1
Ec-23_001140,Esi_0017_0179,D7FMP8,CBJ25945.1
Ec-23_001150,Esi_0017_0180,D7FMP9,CBJ25946.1
,Esi_0017_0181,D7FMQ0,CBJ25947.1
Ec-23_001160,Esi_0017_0182,D7FMQ1,CBJ25948.1
Ec-23_001170,Esi_0017_0186,D7FMQ2,CBJ25949.1
Ec-23_001180,Esi_0017_0187,D7FMQ3,CBJ25950.1
Ec-23_001190,Esi_0017_0189,D7FMQ4,CBJ25951.1
Ec-23_001210,Esi_0017_0192,D7FMQ5,CBJ25952.1
Ec-23_001220,Esi_0017_0193,D7FMQ6,CBJ25953.1
Ec-23_001230,Esi_0017_0195,D7FMQ7,CBJ25954.1
Ec-23_001240,Esi_0017_0197,D7FMQ8,CBJ25955.1
Ec-23_001250,Esi_0017_0201,D7FMQ9,CBJ25956.1
Ec-23_001260,Esi_0017_0203,D7FMR0,CBJ25957.1
Ec-23_001270,Esi_0017_0207,D7FMR1,CBJ25958.1
Ec-23_001280,Esi_0017_0209,D7FMR2,CBJ25959.1
Ec-23_001290,Esi_0017_0212,D7FMR3,CBJ25960.1
Ec-23_001300,Esi_0017_0213,D7FMR4,CBJ25961.1
Ec-23_000270,Esi_0017_0221,,
Ec-23_001130,Esi_0017_0222,,
Ec-23_000430,Esi_0017_0227,,
Ec-23_000580,Esi_0017_0228,,
Ec-23_000770,Esi_0017_0229,,
Ec-23_000780,Esi_0017_0230,,
Ec-23_000790,Esi_0017_0231,,
Ec-23_000800,Esi_0017_0232,,
Ec-23_000350,Esi_0017_0233,,
Ec-23_000400,Esi_0017_0234,,
Ec-23_000280,Esi_0017_0235,,
Ec-23_001050,Esi_0017_0236,,
Ec-23_001070,Esi_0017_0237,,
Ec-23_001200,Esi_0017_0238,,
Ec-01_005670,Esi_0018_0007,D7FNF1,CBJ25962.1
Ec-01_005660,Esi_0018_0008,D7FNF2,CBJ25963.1
Ec-01_005650,Esi_0018_0010,D7FNF3,CBJ25964.1
Ec-01_005640,Esi_0018_0015,D7FNF4,CBJ25965.1
Ec-01_005630,Esi_0018_0016,D7FNF5,CBJ25966.1
Ec-01_005620,Esi_0018_0017,D7FNF6,CBJ25967.1
Ec-01_005610,Esi_0018_0018,D7FNF7,CBJ25968.1
,Esi_0018_0019,D7FNF8,CBJ25969.1
Ec-01_005600,Esi_0018_0020,D7FNF9,CBJ25970.1
Ec-01_005590,Esi_0018_0021,D7FNG0,CBJ25971.1
Ec-01_005580,Esi_0018_0022,D7FNG1,CBJ25972.1
Ec-01_005570,Esi_0018_0024,D7FNG2,CBJ25973.1
Ec-01_005560,Esi_0018_0025,D7FNG3,CBJ25974.1
Ec-01_005550,Esi_0018_0028,D7FNG4,CBJ25975.1
Ec-01_005540,Esi_0018_0032,D7FNG5,CBJ25976.1
Ec-01_005530,Esi_0018_0034,D7FNG6,CBJ25977.1
Ec-01_005520,Esi_0018_0035,D7FNG7,CBJ25978.1
Ec-01_005510,Esi_0018_0039,D7FNG8,CBJ25979.1
Ec-01_005500,Esi_0018_0040,D7FNG9,CBJ25980.1
Ec-01_005490,Esi_0018_0041,D7FNH0,CBJ25981.1
Ec-01_005480,Esi_0018_0042,D7FNH1,CBJ25982.1
Ec-01_005470,Esi_0018_0043,D7FNH2,CBJ25983.1
Ec-01_005460,Esi_0018_0044,D7FNH3,CBJ25984.1
Ec-01_005450,Esi_0018_0045,D7FNH4,CBJ25985.1
Ec-01_005440,Esi_0018_0046,D7FNH5,CBJ25986.1
Ec-01_005430,Esi_0018_0048,D7FNH6,CBJ25987.1
Ec-01_005420,Esi_0018_0050,D7FNH7,CBJ25988.1
Ec-01_005400,Esi_0018_0054,D7FNH8,CBJ25989.1
Ec-01_005390,Esi_0018_0055,D7FNH9,CBJ25990.1
Ec-01_005380,Esi_0018_0057,D7FNI0,CBJ25991.1
Ec-01_005360,Esi_0018_0060,D7FNI1,CBJ25992.1
Ec-01_005350,Esi_0018_0061,D7FNI2,CBJ25993.1
Ec-01_005340,Esi_0018_0062,D7FNI3,CBJ25994.1
Ec-01_005320,Esi_0018_0064,D7FNI4,CBJ25995.1
Ec-01_005310,Esi_0018_0065,D7FNI5,CBJ25996.1
Ec-01_005300,Esi_0018_0066,D7FNI6,CBJ25997.1
Ec-01_005290,Esi_0018_0067,D7FNI7,CBJ25998.1
Ec-01_005280,Esi_0018_0069,D7FNI8,CBJ25999.1
Ec-01_005270,Esi_0018_0070,D7FNI9,CBJ26000.1
Ec-01_005260,Esi_0018_0071,D7FNJ0,CBJ26001.1
Ec-01_005250,Esi_0018_0073,D7FNJ1,CBJ26002.1
Ec-01_005240,Esi_0018_0075,D7FNJ2,CBJ26003.1
Ec-01_005230,Esi_0018_0077,D7FNJ3,CBJ26004.1
Ec-01_005220,Esi_0018_0080,D7FNJ4,CBJ26005.1
Ec-01_005210,Esi_0018_0082,D7FNJ5,CBJ26006.1
Ec-01_005200,Esi_0018_0083,D7FNJ6,CBJ26007.1
Ec-01_005190,Esi_0018_0084,D7FNJ7,CBJ26008.1
Ec-01_005180,Esi_0018_0086,D7FNJ8,CBJ26009.1
Ec-01_005160,Esi_0018_0089,D7FNJ9,CBJ26010.1
Ec-01_005150,Esi_0018_0090,D7FNK0,CBJ26011.1
Ec-01_005140,Esi_0018_0092,D7FNK1,CBJ26012.1
Ec-01_005130,Esi_0018_0093,D7FNK2,CBJ26013.1
,Esi_0018_0094,D7FNK3,CBJ26014.1
Ec-01_005120,Esi_0018_0095,D7FNK4,CBJ26015.1
Ec-01_005110,Esi_0018_0096,D7FNK5,CBJ26016.1
Ec-01_005100,Esi_0018_0097,D7FNK6,CBJ26017.1
,Esi_0018_0098,D7FNK7,CBJ26018.1
,Esi_0018_0099,D7FNK8,CBJ26019.1
Ec-01_005090,Esi_0018_0100,D7FNK9,CBJ26020.1
Ec-01_005080,Esi_0018_0101,D7FNL0,CBJ26021.1
Ec-01_005070,Esi_0018_0102,D7FNL1,CBJ26022.1
Ec-01_005060,Esi_0018_0103,D7FNL2,CBJ26023.1
Ec-01_005050,Esi_0018_0105,D7FNL3,CBJ26024.1
Ec-01_005040,Esi_0018_0107,D7FNL4,CBJ26025.1
Ec-01_005030,Esi_0018_0108,D7FNL5,CBJ26026.1
Ec-01_005020,Esi_0018_0109,D7FNL6,CBJ26027.1
Ec-01_005010,Esi_0018_0110,D7FNL7,CBJ26028.1
Ec-01_005000,Esi_0018_0111,D7FNL8,CBJ26029.1
Ec-01_004990,Esi_0018_0112,D7FNL9,CBJ26030.1
Ec-01_004980,Esi_0018_0114,D7FNM0,CBJ26031.1
Ec-01_004970,Esi_0018_0116,D7FNM1,CBJ26032.1
Ec-01_004960,Esi_0018_0117,D7FNM2,CBJ26033.1
Ec-01_004950,Esi_0018_0118,D7FNM3,CBJ26034.1
Ec-01_004940,Esi_0018_0120,D7FNM4,CBJ26035.1
Ec-01_004930,Esi_0018_0122,D7FNM5,CBJ26036.1
Ec-01_004920,Esi_0018_0124,D7FNM6,CBJ26037.1
,Esi_0018_0129,D7FNM7,CBJ26038.1
Ec-01_004910,Esi_0018_0131,D7FNM8,CBJ26039.1
Ec-01_004900,Esi_0018_0132,D7FNM9,CBJ26040.1
Ec-01_004890,Esi_0018_0133,D7FNN0,CBJ26041.1
Ec-01_004880,Esi_0018_0135,D7FNN1,CBJ26042.1
,Esi_0018_0136,D7FNN2,CBJ26043.1
Ec-01_004870,Esi_0018_0138,D7FNN3,CBJ26044.1
Ec-01_004860,Esi_0018_0139,D7FNN4,CBJ26045.1
Ec-01_004850,Esi_0018_0141,D7FNN5,CBJ26046.1
Ec-01_004840,Esi_0018_0142,D7FNN6,CBJ26047.1
,Esi_0018_0143,D7FNN7,CBJ26048.1
Ec-01_004830,Esi_0018_0144,D7FNN8,CBJ26049.1
Ec-01_004820,Esi_0018_0145,D7FNN9,CBJ26050.1
Ec-01_004810,Esi_0018_0146,D7FNP0,CBJ26051.1
Ec-01_004800,Esi_0018_0147,D7FNP1,CBJ26052.1
Ec-01_004790,Esi_0018_0150,D7FNP2,CBJ26053.1
Ec-01_004780,Esi_0018_0154,D7FNP3,CBJ26054.1
Ec-01_004760,Esi_0018_0155,D7FNP4,CBJ26055.1
,Esi_0018_0157,D7FNP5,CBJ26056.1
Ec-01_004730,Esi_0018_0164,D7FNP6,CBJ26057.1
Ec-01_004720,Esi_0018_0166,D7FNP7,CBJ26058.1
Ec-01_004710,Esi_0018_0167,D7FNP8,CBJ26059.1
Ec-01_004700,Esi_0018_0168,D7FNP9,CBJ26060.1
Ec-01_004690,Esi_0018_0169,D7FNQ0,CBJ26061.1
Ec-01_004680,Esi_0018_0170,D7FNQ1,CBJ26062.1
Ec-01_004670,Esi_0018_0177,D7FNQ2,CBJ26063.1
Ec-01_004660,Esi_0018_0179,D7FNQ3,CBJ26064.1
Ec-01_004650,Esi_0018_0180,D7FNQ4,CBJ26065.1
Ec-01_004640,Esi_0018_0181,D7FNQ5,CBJ26066.1
Ec-01_004630,Esi_0018_0182,D7FNQ6,CBJ26067.1
Ec-01_004620,Esi_0018_0183,D7FNQ7,CBJ26068.1
Ec-01_004610,Esi_0018_0186,D7FNQ8,CBJ26069.1
Ec-01_004600,Esi_0018_0187,D7FNQ9,CBJ26070.1
Ec-01_004580,Esi_0018_0189,D7FNR0,CBJ26071.1
Ec-01_004570,Esi_0018_0190,D7FNR1,CBJ26072.1
Ec-01_004560,Esi_0018_0191,D7FNR2,CBJ26073.1
Ec-01_004550,Esi_0018_0193,D7FNR3,CBJ26074.1
Ec-01_004540,Esi_0018_0194,D7FNR4,CBJ26075.1
Ec-01_004530,Esi_0018_0196,D7FNR5,CBJ26076.1
,Esi_0018_0197,D7FNR6,CBJ26077.1
Ec-01_004520,Esi_0018_0199,D7FNR7,CBJ26078.1
Ec-01_004510,Esi_0018_0200,D7FNR8,CBJ26079.1
Ec-01_004500,Esi_0018_0201,D7FNR9,CBJ26080.1
Ec-01_004490,Esi_0018_0202,D7FNS0,CBJ26081.1
Ec-01_004480,Esi_0018_0204,D7FNS1,CBJ26082.1
Ec-01_004460,Esi_0018_0205,D7FNS2,CBJ26083.1
Ec-01_004440,Esi_0018_0206,D7FNS3,CBJ26084.1
Ec-01_004430,Esi_0018_0207,D7FNS4,CBJ26085.1
Ec-01_004420,Esi_0018_0209,D7FNS5,CBJ26086.1
,Esi_0018_0210,D7FNS6,CBJ26087.1
Ec-01_004410,Esi_0018_0211,D7FNS7,CBJ26088.1
Ec-01_004590,Esi_0018_0224,,
Ec-01_004770,Esi_0018_0225,,
Ec-01_004750,Esi_0018_0226,,
Ec-01_004740,Esi_0018_0227,,
Ec-01_004470,Esi_0018_0228,,
Ec-01_004450,Esi_0018_0229,,
Ec-01_005410,Esi_0018_0230,,
Ec-01_005370,Esi_0018_0231,,
Ec-01_005330,Esi_0018_0232,,
Ec-01_005170,Esi_0018_0233,,
Ec-24_000410,Esi_0019_0001,D8LH38,CBN74257.1
Ec-24_000420,Esi_0019_0003,D8LH39,CBN74258.1
Ec-24_000430,Esi_0019_0004,D8LH40,CBN74259.1
Ec-24_000450,Esi_0019_0005,D8LH41,CBN74260.1
Ec-24_000460,Esi_0019_0007,D8LH42,CBN74261.1
Ec-24_000470,Esi_0019_0008,D8LH43,CBN74262.1
Ec-24_000480,Esi_0019_0011,D8LH44,CBN74263.1
Ec-24_000500,Esi_0019_0012,D8LH45,CBN74264.1
Ec-24_000510,Esi_0019_0013,D8LH46,CBN74265.1
Ec-24_000520,Esi_0019_0014,D8LH47,CBN74266.1
Ec-24_000530,Esi_0019_0015,D8LH48,CBN74267.1
Ec-24_000540,Esi_0019_0016,D8LH49,CBN74268.1
Ec-24_000550,Esi_0019_0018,D8LH50,CBN74269.1
Ec-24_000570,Esi_0019_0019,D8LH51,CBN74270.1
Ec-24_000580,Esi_0019_0020,D8LH52,CBN74271.1
Ec-24_000590,Esi_0019_0023,D8LH53,CBN74272.1
Ec-24_000600,Esi_0019_0026,D8LH54,CBN74273.1
Ec-24_000610,Esi_0019_0029,D8LH55,CBN74274.1
Ec-24_000620,Esi_0019_0030,D8LH56,CBN74275.1
Ec-24_000630,Esi_0019_0031,D8LH57,CBN74276.1
Ec-24_000640,Esi_0019_0032,D8LH58,CBN74277.1
Ec-24_000650,Esi_0019_0033,D8LH59,CBN74278.1
Ec-24_000660,Esi_0019_0034,D8LH60,CBN74279.1
Ec-24_000670,Esi_0019_0037,D8LH61,CBN74280.1
Ec-24_000680,Esi_0019_0039,D8LH62,CBN74281.1
Ec-24_000690,Esi_0019_0040,D8LH63,CBN74282.1
Ec-24_000700,Esi_0019_0049,D8LH64,CBN74283.1
Ec-24_000710,Esi_0019_0050,D8LH65,CBN74284.1
Ec-24_000720,Esi_0019_0051,D8LH66,CBN74285.1
Ec-24_000730,Esi_0019_0052,D8LH67,CBN74286.1
Ec-24_000760,Esi_0019_0058,D8LH68,CBN74287.1
Ec-24_000770,Esi_0019_0059,D8LH69,CBN74288.1
Ec-24_000780,Esi_0019_0061,D8LH70,CBN74289.1
Ec-24_000790,Esi_0019_0062,D8LH71,CBN74290.1
Ec-24_000800,Esi_0019_0063,D8LH72,CBN74291.1
Ec-24_000810,Esi_0019_0064,D8LH73,CBN74292.1
Ec-24_000820,Esi_0019_0065,D8LH74,CBN74293.1
Ec-24_000830,Esi_0019_0066,D8LH75,CBN74294.1
,Esi_0019_0067,D8LH76,CBN74295.1
Ec-24_000840,Esi_0019_0068,D8LH77,CBN74296.1
Ec-24_000850,Esi_0019_0070,D8LH78,CBN74297.1
Ec-24_000860,Esi_0019_0071,D8LH79,CBN74298.1
Ec-24_000870,Esi_0019_0073,D8LH80,CBN74299.1
Ec-24_000920,Esi_0019_0075,D8LH81,CBN74300.1
Ec-24_000930,Esi_0019_0077,D8LH82,CBN74301.1
Ec-24_000940,Esi_0019_0079,D8LH83,CBN74302.1
Ec-24_000950,Esi_0019_0082,D8LH84,CBN74303.1
Ec-24_000960,Esi_0019_0084,D8LH85,CBN74304.1
Ec-24_000970,Esi_0019_0085,D8LH86,CBN74305.1
Ec-24_000980,Esi_0019_0088,D8LH87,CBN74306.1
Ec-24_000990,Esi_0019_0089,D8LH88,CBN74307.1
Ec-24_001000,Esi_0019_0090,D8LH89,CBN74308.1
Ec-24_001010,Esi_0019_0094,D8LH90,CBN74309.1
Ec-24_001030,Esi_0019_0095,D8LH91,CBN74310.1
Ec-24_001040,Esi_0019_0096,D8LH92,CBN74311.1
Ec-24_001050,Esi_0019_0097,D8LH93,CBN74312.1
Ec-24_001060,Esi_0019_0100,D8LH94,CBN74313.1
Ec-24_001070,Esi_0019_0103,D8LH95,CBN74314.1
Ec-24_001080,Esi_0019_0106,D8LH96,CBN74315.1
Ec-24_001090,Esi_0019_0113,D8LH97,CBN74316.1
,Esi_0019_0114,D8LH98,CBN74317.1
Ec-24_001100,Esi_0019_0117,D8LH99,CBN74318.1
Ec-24_001110,Esi_0019_0120,D8LHA0,CBN74319.1
Ec-24_001120,Esi_0019_0124,D8LHA1,CBN74320.1
Ec-24_001130,Esi_0019_0126,D8LHA2,CBN74321.1
Ec-24_001140,Esi_0019_0127,D8LHA3,CBN74322.1
Ec-24_001160,Esi_0019_0132,D8LHA4,CBN74323.1
Ec-24_001170,Esi_0019_0134,D8LHA5,CBN74324.1
obsolete,Esi_0019_0136,D8LHA6,CBN74325.1
Ec-24_001190,Esi_0019_0139,D8LHA7,CBN74326.1
Ec-24_001200,Esi_0019_0144,D8LHA8,CBN74327.1
Ec-24_001210,Esi_0019_0147,D8LHA9,CBN74328.1
Ec-24_001230,Esi_0019_0148,D8LHB0,CBN74329.1
Ec-24_001240,Esi_0019_0149,D8LHB1,CBN74330.1
Ec-24_001250,Esi_0019_0152,D8LHB2,CBN74331.1
Ec-24_001260,Esi_0019_0153,D8LHB3,CBN74332.1
,Esi_0019_0155,D8LHB4,CBN74333.1
Ec-24_001270,Esi_0019_0156,D8LHB5,CBN74334.1
Ec-24_001290,Esi_0019_0169,D8LHB6,CBN74335.1
Ec-24_001300,Esi_0019_0171,D8LHB7,CBN74336.1
Ec-24_001310,Esi_0019_0172,D8LHB8,CBN74337.1
,Esi_0019_0173,D8LHB9,CBN74338.1
Ec-24_001320,Esi_0019_0174,D8LHC0,CBN74339.1
Ec-24_001330,Esi_0019_0176,D8LHC1,CBN74340.1
Ec-24_001340,Esi_0019_0178,D8LHC2,CBN74341.1
Ec-24_001350,Esi_0019_0180,D8LHC3,CBN74342.1
Ec-24_001360,Esi_0019_0182,D8LHC4,CBN74343.1
Ec-24_001370,Esi_0019_0186,D8LHC5,CBN74344.1
Ec-24_001380,Esi_0019_0188,D8LHC6,CBN74345.1
Ec-24_001390,Esi_0019_0190,D8LHC7,CBN74346.1
Ec-24_000880,Esi_0019_0210,,
Ec-24_000890,Esi_0019_0211,,
Ec-24_000900,Esi_0019_0212,,
Ec-24_000910,Esi_0019_0213,,
Ec-24_000750,Esi_0019_0217,,
Ec-24_001180,Esi_0019_0218,,
Ec-24_001220,Esi_0019_0219,,
Ec-24_001280,Esi_0019_0220,,
Ec-24_000490,Esi_0019_0221,,
Ec-24_000380,Esi_0019_0222,,
Ec-24_000560,Esi_0019_0223,,
Ec-24_000390,Esi_0019_0224,,
Ec-24_000400,Esi_0019_0225,,
Ec-24_000740,Esi_0019_0226,,
Ec-24_001020,Esi_0019_0227,,
Ec-24_000440,Esi_0019_0228,,
Ec-24_001150,Esi_0019_0229,,
Ec-18_000160,Esi_0020_0001,D8LHR6,CBN74347.1
Ec-18_000170,Esi_0020_0002,D8LHR7,CBN74348.1
Ec-18_000180,Esi_0020_0003,D8LHR8,CBN74349.1
Ec-18_000200,Esi_0020_0005,D8LHR9,CBN74350.1
Ec-18_000210,Esi_0020_0006,D8LHS0,CBN74351.1
Ec-18_000220,Esi_0020_0008,D8LHS1,CBN74352.1
Ec-18_000250,Esi_0020_0015,D8LHS2,CBN74353.1
Ec-18_000260,Esi_0020_0018,D8LHS3,CBN74354.1
Ec-18_000270,Esi_0020_0019,D8LHS4,CBN74355.1
Ec-18_000280,Esi_0020_0020,D8LHS5,CBN74356.1
Ec-18_000290,Esi_0020_0021,D8LHS6,CBN74357.1
Ec-18_000300,Esi_0020_0022,D8LHS7,CBN74358.1
Ec-18_000310,Esi_0020_0024,D8LHS8,CBN74359.1
Ec-18_000320,Esi_0020_0025,D8LHS9,CBN74360.1
Ec-18_000330,Esi_0020_0026,D8LHT0,CBN74361.1
Ec-18_000340,Esi_0020_0029,D8LHT1,CBN74362.1
Ec-18_000350,Esi_0020_0030,D8LHT2,CBN74363.1
Ec-18_000360,Esi_0020_0031,D8LHT3,CBN74364.1
Ec-18_000370,Esi_0020_0033,D8LHT4,CBN74365.1
Ec-18_000380,Esi_0020_0038,D8LHT5,CBN74366.1
Ec-18_000390,Esi_0020_0039,D8LHT6,CBN74367.1
Ec-18_000400,Esi_0020_0041,D8LHT7,CBN74368.1
Ec-18_000410,Esi_0020_0042,D8LHT8,CBN74369.1
Ec-18_000430,Esi_0020_0043,D8LHT9,CBN74370.1
Ec-18_000440,Esi_0020_0045,D8LHU0,CBN74371.1
Ec-18_000450,Esi_0020_0047,D8LHU1,CBN74372.1
Ec-18_000460,Esi_0020_0048,D8LHU2,CBN74373.1
Ec-18_000480,Esi_0020_0054,D8LHU3,CBN74374.1
Ec-18_000490,Esi_0020_0055,D8LHU4,CBN74375.1
Ec-18_000500,Esi_0020_0056,D8LHU5,CBN74376.1
Ec-18_000510,Esi_0020_0060,D8LHU6,CBN74377.1
Ec-18_000530,Esi_0020_0064,D8LHU7,CBN74378.1
Ec-18_000540,Esi_0020_0065,D8LHU8,CBN74379.1
Ec-18_000550,Esi_0020_0066,D8LHU9,CBN74380.1
Ec-18_000560,Esi_0020_0067,D8LHV0,CBN74381.1
Ec-18_000580,Esi_0020_0071,D8LHV1,CBN74382.1
Ec-18_000600,Esi_0020_0072,D8LHV2,CBN74383.1
Ec-18_000610,Esi_0020_0074,D8LHV3,CBN74384.1
Ec-18_000620,Esi_0020_0075,D8LHV4,CBN74385.1
Ec-18_000630,Esi_0020_0077,D8LHV5,CBN74386.1
Ec-18_000640,Esi_0020_0078,D8LHV6,CBN74387.1
Ec-18_000650,Esi_0020_0081,D8LHV7,CBN74388.1
Ec-18_000660,Esi_0020_0082,D8LHV8,CBN74389.1
Ec-18_000680,Esi_0020_0083,D8LHV9,CBN74390.1
Ec-18_000700,Esi_0020_0086,D8LHW0,CBN74391.1
Ec-18_000710,Esi_0020_0088,D8LHW1,CBN74392.1
Ec-18_000720,Esi_0020_0090,D8LHW2,CBN74393.1
Ec-18_000730,Esi_0020_0092,D8LHW3,CBN74394.1
Ec-18_000740,Esi_0020_0094,D8LHW4,CBN74395.1
Ec-18_000750,Esi_0020_0098,D8LHW5,CBN74396.1
,Esi_0020_0099,D8LHW6,CBN74397.1
Ec-18_000760,Esi_0020_0100,D8LHW7,CBN74398.1
Ec-18_000770,Esi_0020_0103,D8LHW8,CBN74399.1
Ec-18_000780,Esi_0020_0104,D8LHW9,CBN74400.1
Ec-18_000790,Esi_0020_0105,D8LHX0,CBN74401.1
Ec-18_000800,Esi_0020_0108,D8LHX1,CBN74402.1
Ec-18_000810,Esi_0020_0111,D8LHX2,CBN74403.1
Ec-18_000830,Esi_0020_0116,D8LHX3,CBN74404.1
Ec-18_000840,Esi_0020_0117,D8LHX4,CBN74405.1
Ec-18_000850,Esi_0020_0119,D8LHX5,CBN74406.1
Ec-18_000860,Esi_0020_0121,D8LHX6,CBN74407.1
Ec-18_000870,Esi_0020_0123,D8LHX7,CBN74408.1
Ec-18_000880,Esi_0020_0124,D8LHX8,CBN74409.1
Ec-18_000890,Esi_0020_0125,D8LHX9,CBN74410.1
Ec-18_000910,Esi_0020_0126,D8LHY0,CBN74411.1
Ec-18_000920,Esi_0020_0128,D8LHY1,CBN74412.1
Ec-18_000930,Esi_0020_0129,D8LHY2,CBN74413.1
Ec-18_000940,Esi_0020_0130,D8LHY3,CBN74414.1
Ec-18_000990,Esi_0020_0133,D8LHY4,CBN74415.1
Ec-18_001010,Esi_0020_0134,D8LHY5,CBN74416.1
Ec-18_001030,Esi_0020_0136,D8LHY6,CBN74417.1
Ec-18_001040,Esi_0020_0138,D8LHY7,CBN74418.1
Ec-18_001050,Esi_0020_0139,D8LHY8,CBN74419.1
Ec-18_001060,Esi_0020_0141,D8LHY9,CBN74420.1
Ec-18_001070,Esi_0020_0144,D8LHZ0,CBN74421.1
Ec-18_001100,Esi_0020_0146,D8LHZ1,CBN74422.1
Ec-18_001110,Esi_0020_0148,D8LHZ2,CBN74423.1
Ec-18_001120,Esi_0020_0149,D8LHZ3,CBN74424.1
Ec-18_001140,Esi_0020_0151,D8LHZ4,CBN74425.1
Ec-18_001150,Esi_0020_0157,D8LHZ5,CBN74426.1
,Esi_0020_0159,D8LHZ6,CBN74427.1
Ec-18_001160,Esi_0020_0160,D8LHZ7,CBN74428.1
Ec-18_001170,Esi_0020_0162,D8LHZ8,CBN74429.1
Ec-18_001180,Esi_0020_0163,D8LHZ9,CBN74430.1
Ec-18_001190,Esi_0020_0165,D8LI00,CBN74431.1
Ec-18_001200,Esi_0020_0166,D8LI01,CBN74432.1
Ec-18_001210,Esi_0020_0170,D8LI02,CBN74433.1
Ec-18_001220,Esi_0020_0173,D8LI03,CBN74434.1
Ec-18_001230,Esi_0020_0174,D8LI04,CBN74435.1
Ec-18_001240,Esi_0020_0175,D8LI05,CBN74436.1
Ec-18_001250,Esi_0020_0177,D8LI06,CBN74437.1
Ec-18_001270,Esi_0020_0178,D8LI07,CBN74438.1
Ec-18_001280,Esi_0020_0180,D8LI08,CBN74439.1
Ec-18_001290,Esi_0020_0181,D8LI09,CBN74440.1
Ec-18_001300,Esi_0020_0182,D8LI10,CBN74441.1
Ec-18_001310,Esi_0020_0183,D8LI11,CBN74442.1
Ec-18_000590,Esi_0020_0201,,
Ec-18_001090,Esi_0020_0202,,
Ec-18_000690,Esi_0020_0203,,
Ec-18_000470,Esi_0020_0205,,
Ec-18_000670,Esi_0020_0206,,
Ec-18_000950,Esi_0020_0207,,
Ec-18_000240,Esi_0020_0208,,
Ec-18_001130,Esi_0020_0209,,
Ec-18_001260,Esi_0020_0210,,
Ec-18_000420,Esi_0020_0211,,
Ec-18_000520,Esi_0020_0212,,
Ec-18_000570,Esi_0020_0213,,
Ec-18_000190,Esi_0020_0214,,
Ec-18_000820,Esi_0020_0215,,
Ec-18_000900,Esi_0020_0216,,
Ec-18_000960,Esi_0020_0217,,
Ec-18_000970,Esi_0020_0218,,
Ec-18_000980,Esi_0020_0219,,
Ec-18_001000,Esi_0020_0220,,
Ec-18_000230,Esi_0020_0221,,
Ec-18_001020,Esi_0020_0222,,
Ec-18_001080,Esi_0020_0223,,
Ec-09_003800,Esi_0021_0003,D7FR22,CBJ26089.1
Ec-09_003790,Esi_0021_0005,D7FR23,CBJ26090.1
Ec-09_003780,Esi_0021_0008,D7FR24,CBJ26091.1
Ec-09_003770,Esi_0021_0009,D7FR25,CBJ26092.1
Ec-09_003760,Esi_0021_0014,D7FR26,CBJ26093.1
Ec-09_003750,Esi_0021_0015,D7FR27,CBJ26094.1
Ec-09_003740,Esi_0021_0019,D7FR28,CBJ26095.1
Ec-09_003730,Esi_0021_0023,D7FR29,CBJ26096.1
Ec-09_003710,Esi_0021_0024,D7FR30,CBJ26097.1
Ec-09_003690,Esi_0021_0025,D7FR31,CBJ26098.1
Ec-09_003680,Esi_0021_0026,D7FR32,CBJ26099.1
Ec-09_003670,Esi_0021_0028,D7FR33,CBJ26100.1
Ec-09_003660,Esi_0021_0030,D7FR34,CBJ26101.1
Ec-09_003650,Esi_0021_0031,D7FR35,CBJ26102.1
Ec-09_003640,Esi_0021_0038,D7FR36,CBJ26103.1
obsolete,Esi_0021_0039,D7FR37,CBJ26104.1
Ec-09_003630,Esi_0021_0040,D7FR38,CBJ26105.1
Ec-09_003610,Esi_0021_0042,D7FR39,CBJ26106.1
Ec-09_003600,Esi_0021_0044,D7FR40,CBJ26107.1
Ec-09_003590,Esi_0021_0051,D7FR41,CBJ26108.1
Ec-09_003580,Esi_0021_0052,D7FR42,CBJ26109.1
Ec-09_003560,Esi_0021_0053,D7FR43,CBJ26110.1
Ec-09_003540,Esi_0021_0055,D7FR44,CBJ26111.1
,Esi_0021_0056,D7FR45,CBJ26112.1
Ec-09_003530,Esi_0021_0057,D7FR46,CBJ26113.1
Ec-09_003520,Esi_0021_0059,D7FR47,CBJ26114.1
Ec-09_003510,Esi_0021_0060,D7FR48,CBJ26115.1
Ec-09_003500,Esi_0021_0061,D7FR49,CBJ26116.1
Ec-09_003490,Esi_0021_0062,D7FR50,CBJ26117.1
Ec-09_003480,Esi_0021_0066,D7FR51,CBJ26118.1
Ec-09_003470,Esi_0021_0069,D7FR52,CBJ26119.1
Ec-09_003460,Esi_0021_0072,D7FR53,CBJ26120.1
Ec-09_003450,Esi_0021_0079,D7FR54,CBJ26121.1
Ec-09_003440,Esi_0021_0080,D7FR55,CBJ26122.1
Ec-09_003430,Esi_0021_0081,D7FR56,CBJ26123.1
Ec-09_003420,Esi_0021_0082,D7FR57,CBJ26124.1
Ec-09_003410,Esi_0021_0083,D7FR58,CBJ26125.1
Ec-09_003400,Esi_0021_0090,D7FR59,CBJ26126.1
Ec-09_003390,Esi_0021_0093,D7FR60,CBJ26127.1
Ec-09_003380,Esi_0021_0094,D7FR61,CBJ26128.1
,Esi_0021_0095,D7FQX5,CBJ26129.1
Ec-09_003370,Esi_0021_0097,D7FQX6,CBJ26130.1
Ec-09_003360,Esi_0021_0098,D7FQX7,CBJ26131.1
Ec-09_003350,Esi_0021_0099,D7FQX8,CBJ26132.1
Ec-09_003340,Esi_0021_0101,D7FQX9,CBJ26133.1
Ec-09_003330,Esi_0021_0103,D7FQY0,CBJ26134.1
Ec-09_003320,Esi_0021_0105,D7FQY1,CBJ26135.1
Ec-09_003310,Esi_0021_0106,D7FQY2,CBJ26136.1
Ec-09_003300,Esi_0021_0107,D7FQY3,CBJ26137.1
Ec-09_003290,Esi_0021_0108,D7FQY4,CBJ26138.1
Ec-09_003280,Esi_0021_0109,D7FQY5,CBJ26139.1
Ec-09_003270,Esi_0021_0110,D7FQY6,CBJ26140.1
Ec-09_003260,Esi_0021_0112,D7FQY7,CBJ26141.1
Ec-09_003230,Esi_0021_0116,D7FQY8,CBJ26142.1
Ec-09_003220,Esi_0021_0117,D7FQY9,CBJ26143.1
Ec-09_003210,Esi_0021_0121,D7FQZ0,CBJ26144.1
Ec-09_003200,Esi_0021_0125,D7FQZ1,CBJ26145.1
Ec-09_003190,Esi_0021_0131,D7FQZ2,CBJ26146.1
Ec-09_003180,Esi_0021_0133,D7FQZ3,CBJ26147.1
Ec-09_003170,Esi_0021_0135,D7FQZ4,CBJ26148.1
Ec-09_003160,Esi_0021_0136,D7FQZ5,CBJ26149.1
Ec-09_003150,Esi_0021_0137,D7FQZ6,CBJ26150.1
Ec-09_003130,Esi_0021_0139,D7FQZ7,CBJ26151.1
Ec-09_003120,Esi_0021_0140,D7FQZ8,CBJ26152.1
Ec-09_003100,Esi_0021_0141,D7FQZ9,CBJ26153.1
Ec-09_003090,Esi_0021_0144,D7FR00,CBJ26154.1
Ec-09_003070,Esi_0021_0145,D7FR01,CBJ26155.1
Ec-09_003060,Esi_0021_0146,D7FR02,CBJ26156.1
Ec-09_003050,Esi_0021_0147,D7FR03,CBJ26157.1
Ec-09_003040,Esi_0021_0148,D7FR04,CBJ26158.1
Ec-09_003030,Esi_0021_0150,D7FR05,CBJ26159.1
Ec-09_003010,Esi_0021_0151,D7FR06,CBJ26160.1
Ec-09_003000,Esi_0021_0152,D7FR07,CBJ26161.1
Ec-09_002990,Esi_0021_0156,D7FR08,CBJ26162.1
Ec-09_002980,Esi_0021_0157,D7FR09,CBJ26163.1
Ec-09_002970,Esi_0021_0158,D7FR10,CBJ26164.1
Ec-09_002960,Esi_0021_0161,D7FR11,CBJ26165.1
Ec-09_002950,Esi_0021_0162,D7FR12,CBJ26166.1
Ec-09_002940,Esi_0021_0163,D7FR13,CBJ26167.1
Ec-09_002930,Esi_0021_0166,D7FR14,CBJ26168.1
Ec-09_002910,Esi_0021_0167,D7FR15,CBJ26169.1
Ec-09_002900,Esi_0021_0169,D7FR16,CBJ26170.1
Ec-09_002890,Esi_0021_0170,D7FR17,CBJ26171.1
Ec-09_002880,Esi_0021_0171,D7FR18,CBJ26172.1
Ec-09_002870,Esi_0021_0173,D7FR19,CBJ26173.1
Ec-09_002840,Esi_0021_0174,D7FR20,CBJ26174.1
Ec-09_002830,Esi_0021_0178,D7FR21,CBJ26175.1
Ec-09_003240,Esi_0021_0190,,
Ec-09_003140,Esi_0021_0191,,
Ec-09_002860,Esi_0021_0192,,
Ec-09_002850,Esi_0021_0197,,
Ec-09_003570,Esi_0021_0198,,
Ec-09_003080,Esi_0021_0199,,
Ec-09_002920,Esi_0021_0200,,
Ec-09_003550,Esi_0021_0201,,
Ec-09_003720,Esi_0021_0202,,
Ec-09_003700,Esi_0021_0203,,
Ec-09_003620,Esi_0021_0204,,
Ec-09_003250,Esi_0021_0205,,
Ec-09_003110,Esi_0021_0206,,
Ec-09_003020,Esi_0021_0207,,
Ec-18_004200,Esi_0022_0029,D8LIC7,CBN79966.1
Ec-18_004190,Esi_0022_0032,D8LIC8,CBN79967.1
Ec-18_004180,Esi_0022_0034,D8LIC9,CBN79968.1
Ec-18_004170,Esi_0022_0037,D8LID0,CBN79969.1
Ec-18_004150,Esi_0022_0038,D8LID1,CBN79970.1
Ec-18_004120,Esi_0022_0043,D8LID2,CBN79971.1
Ec-18_004090,Esi_0022_0045,D8LID3,CBN79972.1
Ec-18_004080,Esi_0022_0046,D8LID4,CBN79973.1
Ec-18_004070,Esi_0022_0047,D8LID5,CBN79974.1
Ec-18_004060,Esi_0022_0049,D8LID6,CBN79975.1
Ec-18_004050,Esi_0022_0050,D8LID7,CBN79976.1
Ec-18_004040,Esi_0022_0051,D8LID8,CBN79977.1
Ec-18_004030,Esi_0022_0053,D8LID9,CBN79978.1
Ec-18_004020,Esi_0022_0054,D8LIE0,CBN79979.1
Ec-18_004000,Esi_0022_0060,D8LIE1,CBN79980.1
Ec-18_003990,Esi_0022_0063,D8LIE2,CBN79981.1
Ec-18_003980,Esi_0022_0065,D8LIE3,CBN79982.1
,Esi_0022_0067,D8LIE4,CBN79983.1
Ec-18_003970,Esi_0022_0068,D8LIE5,CBN79984.1
Ec-18_003960,Esi_0022_0070,D8LIE6,CBN79985.1
Ec-18_003940,Esi_0022_0071,D8LIE7,CBN79986.1
Ec-18_003930,Esi_0022_0072,D8LIE8,CBN79987.1
Ec-18_003920,Esi_0022_0075,D8LIE9,CBN79988.1
Ec-18_003910,Esi_0022_0077,D8LIF0,CBN79989.1
Ec-18_003900,Esi_0022_0078,D8LIF1,CBN79990.1
Ec-18_003880,Esi_0022_0079,D8LIF2,CBN79991.1
Ec-18_003870,Esi_0022_0080,D8LIF3,CBN79992.1
Ec-18_003860,Esi_0022_0081,D8LIF4,CBN79993.1
Ec-18_003850,Esi_0022_0083,D8LIF5,CBN79994.1
,Esi_0022_0085,D8LIF6,CBN79995.1
Ec-18_003840,Esi_0022_0086,D8LIF7,CBN79996.1
Ec-18_003840,Esi_0022_0088,D8LIF8,CBN79997.1
Ec-18_003830,Esi_0022_0092,D8LIF9,CBN79998.1
Ec-18_003820,Esi_0022_0095,D8LIG0,CBN79999.1
Ec-18_003810,Esi_0022_0096,D8LIG1,CBN80000.1
Ec-18_003790,Esi_0022_0097,D8LIG2,CBN80001.1
Ec-18_003780,Esi_0022_0098,D8LIG3,CBN80002.1
Ec-18_003770,Esi_0022_0099,D8LIG4,CBN80003.1
Ec-18_003760,Esi_0022_0100,D8LIG5,CBN80004.1
Ec-18_003740,Esi_0022_0102,D8LIG6,CBN80005.1
Ec-18_003730,Esi_0022_0103,D8LIG7,CBN80006.1
Ec-18_003720,Esi_0022_0104,D8LIG8,CBN80007.1
Ec-18_003710,Esi_0022_0105,D8LIG9,CBN80008.1
Ec-18_003700,Esi_0022_0107,D8LIH0,CBN80009.1
Ec-18_003690,Esi_0022_0109,D8LIH1,CBN80010.1
Ec-18_003680,Esi_0022_0112,D8LIH2,CBN80011.1
Ec-18_003670,Esi_0022_0113,D8LIH3,CBN80012.1
Ec-18_003660,Esi_0022_0114,D8LIH4,CBN80013.1
Ec-18_003640,Esi_0022_0115,D8LIH5,CBN80014.1
Ec-18_003630,Esi_0022_0117,D8LIH6,CBN80015.1
Ec-18_003620,Esi_0022_0118,D8LIH7,CBN80016.1
Ec-18_003610,Esi_0022_0119,D8LIH8,CBN80017.1
Ec-18_003590,Esi_0022_0120,D8LIH9,CBN80018.1
Ec-18_003560,Esi_0022_0123,D8LII0,CBN80019.1
Ec-18_003550,Esi_0022_0125,D8LII1,CBN80020.1
Ec-18_003540,Esi_0022_0126,D8LII2,CBN80021.1
Ec-18_003530,Esi_0022_0127,D8LII3,CBN80022.1
Ec-18_003520,Esi_0022_0128,D8LII4,CBN80023.1
Ec-18_003510,Esi_0022_0130,D8LII5,CBN80024.1
Ec-18_003500,Esi_0022_0133,D8LII6,CBN80025.1
Ec-18_003490,Esi_0022_0134,D8LII7,CBN80026.1
Ec-18_003480,Esi_0022_0135,D8LII8,CBN80027.1
Ec-18_003470,Esi_0022_0136,D8LII9,CBN80028.1
Ec-18_003460,Esi_0022_0137,D8LIJ0,CBN80029.1
Ec-18_003450,Esi_0022_0138,D8LIJ1,CBN80030.1
Ec-18_003440,Esi_0022_0139,D8LIJ2,CBN80031.1
Ec-18_003430,Esi_0022_0140,D8LIJ3,CBN80032.1
Ec-18_003420,Esi_0022_0141,D8LIJ4,CBN80033.1
Ec-18_003410,Esi_0022_0142,D8LIJ5,CBN80034.1
Ec-18_003390,Esi_0022_0146,D8LIJ6,CBN80035.1
Ec-18_003370,Esi_0022_0149,D8LIJ7,CBN80036.1
Ec-18_003360,Esi_0022_0151,D8LIJ8,CBN80037.1
Ec-18_003350,Esi_0022_0153,D8LIJ9,CBN80038.1
Ec-18_003330,Esi_0022_0154,D8LIK0,CBN80039.1
Ec-18_003320,Esi_0022_0155,D8LIK1,CBN80040.1
Ec-18_003310,Esi_0022_0156,D8LIK2,CBN80041.1
Ec-18_003300,Esi_0022_0157,D8LIK3,CBN80042.1
Ec-18_003290,Esi_0022_0160,D8LIK4,CBN80043.1
Ec-18_003280,Esi_0022_0161,D8LIK5,CBN80044.1
Ec-18_003270,Esi_0022_0162,D8LIK6,CBN80045.1
Ec-18_003250,Esi_0022_0166,D8LIK7,CBN80046.1
Ec-18_003230,Esi_0022_0171,D8LIK8,CBN80047.1
Ec-18_003210,Esi_0022_0173,D8LIK9,CBN80048.1
Ec-18_003200,Esi_0022_0175,D8LIL0,CBN80049.1
Ec-18_003190,Esi_0022_0177,D8LIL1,CBN80050.1
Ec-18_003180,Esi_0022_0178,D8LIL2,CBN80051.2
Ec-18_003170,Esi_0022_0182,D8LIL3,CBN80052.1
Ec-18_003260,Esi_0022_0200,,
Ec-18_004230,Esi_0022_0209,,
Ec-18_003890,Esi_0022_0210,,
Ec-18_003340,Esi_0022_0211,,
Ec-18_003240,Esi_0022_0212,,
Ec-18_003220,Esi_0022_0213,,
Ec-18_004160,Esi_0022_0214,,
Ec-18_004140,Esi_0022_0215,,
Ec-18_004130,Esi_0022_0216,,
Ec-18_004110,Esi_0022_0217,,
Ec-18_004100,Esi_0022_0218,,
Ec-18_004010,Esi_0022_0219,,
Ec-18_003950,Esi_0022_0220,,
Ec-18_003800,Esi_0022_0221,,
Ec-18_003750,Esi_0022_0222,,
Ec-18_003650,Esi_0022_0223,,
Ec-18_004220,Esi_0022_0224,,
Ec-18_003600,Esi_0022_0225,,
Ec-18_003580,Esi_0022_0226,,
Ec-18_003570,Esi_0022_0227,,
Ec-18_004210,Esi_0022_0228,,
Ec-18_003400,Esi_0022_0229,,
Ec-18_003380,Esi_0022_0230,,
Ec-20_001390,Esi_0023_0001,D8LIS9,CBN76813.1
Ec-20_001400,Esi_0023_0005,D8LIT0,CBN76814.1
,Esi_0023_0008,D8LIT1,CBN76815.1
Ec-20_001410,Esi_0023_0010,D8LIT2,CBN76816.1
Ec-20_001420,Esi_0023_0013,D8LIT3,CBN76817.1
Ec-20_001430,Esi_0023_0016,D8LIT4,CBN76818.1
Ec-20_001440,Esi_0023_0017,D8LIT5,CBN76819.1
Ec-20_001450,Esi_0023_0022,D8LIT6,CBN76820.1
Ec-20_001460,Esi_0023_0023,D8LIT7,CBN76821.1
Ec-20_001490,Esi_0023_0024,D8LIT8,CBN76822.1
Ec-20_001500,Esi_0023_0025,D8LIT9,CBN76823.1
Ec-20_001520,Esi_0023_0027,D8LIU0,CBN76824.1
Ec-20_001530,Esi_0023_0030,D8LIU1,CBN76825.1
Ec-20_001540,Esi_0023_0031,D8LIU2,CBN76826.1
Ec-20_001560,Esi_0023_0032,D8LIU3,CBN76827.1
Ec-20_001580,Esi_0023_0034,D8LIU4,CBN76828.1
Ec-20_001590,Esi_0023_0036,D8LIU5,CBN76829.1
Ec-20_001600,Esi_0023_0038,D8LIU6,CBN76830.1
Ec-20_001610,Esi_0023_0039,D8LIU7,CBN76831.1
,Esi_0023_0040,D8LIU8,CBN76832.1
Ec-20_001620,Esi_0023_0041,D8LIU9,CBN76833.1
Ec-20_001630,Esi_0023_0042,D8LIV0,CBN76834.1
Ec-20_001660,Esi_0023_0045,D8LIV1,CBN76835.1
Ec-20_001680,Esi_0023_0048,D8LIV2,CBN76836.1
Ec-20_001690,Esi_0023_0054,D8LIV3,CBN76837.1
Ec-20_001700,Esi_0023_0055,D8LIV4,CBN76838.1
,Esi_0023_0057,D8LIV5,CBN76839.1
Ec-20_001720,Esi_0023_0058,D8LIV6,CBN76840.1
Ec-20_001730,Esi_0023_0062,D8LIV7,CBN76841.1
Ec-20_001740,Esi_0023_0063,D8LIV8,CBN76842.1
Ec-20_001750,Esi_0023_0064,D8LIV9,CBN76843.1
Ec-20_001760,Esi_0023_0067,D8LIW0,CBN76844.1
,Esi_0023_0068,D8LIW1,CBN76845.1
Ec-20_001780,Esi_0023_0071,D8LIW2,CBN76846.1
Ec-20_001790,Esi_0023_0072,D8LIW3,CBN76847.1
Ec-20_001800,Esi_0023_0076,D8LIW4,CBN76848.1
Ec-20_001810,Esi_0023_0078,D8LIW5,CBN76849.1
Ec-20_001820,Esi_0023_0082,D8LIW6,CBN76850.1
Ec-20_001840,Esi_0023_0084,D8LIW7,CBN76851.1
,Esi_0023_0085,D8LIW8,CBN76852.1
Ec-20_001870,Esi_0023_0086,D8LIW9,CBN76853.1
Ec-20_001890,Esi_0023_0088,D8LIX0,CBN76854.1
Ec-20_001900,Esi_0023_0089,D8LIX1,CBN76855.1
Ec-20_001910,Esi_0023_0091,D8LIX2,CBN76856.1
Ec-20_001920,Esi_0023_0094,D8LIX3,CBN76857.1
Ec-20_001930,Esi_0023_0095,D8LIX4,CBN76858.1
Ec-20_001940,Esi_0023_0098,D8LIX5,CBN76859.1
,Esi_0023_0099,D8LIX6,CBN76860.1
Ec-20_001950,Esi_0023_0101,D8LIX7,CBN76861.1
Ec-20_001960,Esi_0023_0103,D8LIX8,CBN76862.1
Ec-20_001970,Esi_0023_0105,D8LIX9,CBN76863.1
Ec-20_001980,Esi_0023_0114,D8LIY0,CBN76864.1
Ec-20_001990,Esi_0023_0115,D8LIY1,CBN76865.1
Ec-20_002000,Esi_0023_0116,D8LIY2,CBN76866.1
Ec-20_002010,Esi_0023_0117,D8LIY3,CBN76867.1
Ec-20_002020,Esi_0023_0118,D8LIY4,CBN76868.1
Ec-20_002030,Esi_0023_0119,D8LIY5,CBN76869.1
Ec-20_002040,Esi_0023_0124,D8LIY6,CBN76870.1
Ec-20_002050,Esi_0023_0125,D8LIY7,CBN76871.1
Ec-20_002060,Esi_0023_0126,D8LIY8,CBN76872.1
Ec-20_002070,Esi_0023_0128,D8LIY9,CBN76873.2
Ec-20_002080,Esi_0023_0133,D8LIZ0,CBN76874.1
,Esi_0023_0134,D8LIZ1,CBN76875.1
Ec-20_002090,Esi_0023_0135,D8LIZ2,CBN76876.1
Ec-20_002100,Esi_0023_0139,D8LIZ3,CBN76877.1
Ec-20_002110,Esi_0023_0143,D8LIZ4,CBN76878.1
,Esi_0023_0144,D8LIZ5,CBN76879.1
Ec-20_002120,Esi_0023_0145,D8LIZ6,CBN76880.1
Ec-20_002130,Esi_0023_0146,D8LIZ7,CBN76881.1
Ec-20_002140,Esi_0023_0147,D8LIZ8,CBN76882.1
Ec-20_002150,Esi_0023_0149,D8LIZ9,CBN76883.1
Ec-20_002160,Esi_0023_0150,D8LJ00,CBN76884.1
Ec-20_002170,Esi_0023_0152,D8LJ01,CBN76885.1
Ec-20_002180,Esi_0023_0153,D8LJ02,CBN76886.1
Ec-20_002190,Esi_0023_0154,D8LJ03,CBN76887.1
Ec-20_002200,Esi_0023_0155,D8LJ04,CBN76888.1
Ec-20_002210,Esi_0023_0158,D8LJ05,CBN76889.1
Ec-20_002230,Esi_0023_0162,D8LJ06,CBN76890.1
Ec-20_002240,Esi_0023_0163,D8LJ07,CBN76891.1
Ec-20_002250,Esi_0023_0168,D8LJ08,CBN76892.1
Ec-20_002260,Esi_0023_0170,D8LJ09,CBN76893.1
,Esi_0023_0173,D8LJ10,CBN76894.1
Ec-20_002270,Esi_0023_0175,D8LJ11,CBN76895.1
Ec-20_002280,Esi_0023_0177,D8LJ12,CBN76896.1
,Esi_0023_0178,D8LJ13,CBN76897.1
Ec-20_002290,Esi_0023_0179,D8LJ14,CBN76898.1
Ec-20_002300,Esi_0023_0180,D8LJ15,CBN76899.1
,Esi_0023_0181,D8LJ16,CBN76900.1
Ec-20_002310,Esi_0023_0183,D8LJ17,CBN76901.1
Ec-20_002320,Esi_0023_0184,D8LJ18,CBN76902.1
Ec-20_002330,Esi_0023_0185,D8LJ19,CBN76903.1
Ec-20_002340,Esi_0023_0186,D8LJ20,CBN76904.1
Ec-20_002350,Esi_0023_0187,D8LJ21,CBN76905.1
Ec-20_001770,Esi_0023_0203,,
Ec-20_001470,Esi_0023_0207,,
Ec-20_001480,Esi_0023_0208,,
Ec-20_001650,Esi_0023_0209,,
Ec-20_001860,Esi_0023_0210,,
Ec-20_001510,Esi_0023_0211,,
Ec-20_001550,Esi_0023_0212,,
Ec-20_001570,Esi_0023_0213,,
Ec-20_001640,Esi_0023_0214,,
Ec-20_001670,Esi_0023_0215,,
Ec-20_001710,Esi_0023_0216,,
Ec-20_001830,Esi_0023_0217,,
Ec-20_001850,Esi_0023_0218,,
Ec-20_001880,Esi_0023_0219,,
Ec-20_002220,Esi_0023_0220,,
Ec-02_004430,Esi_0024_0001,D8LJ22,CBN76906.1
Ec-02_004440,Esi_0024_0005,D8LJ23,CBN76907.1
Ec-02_004450,Esi_0024_0008,D8LJ24,CBN76908.1
Ec-02_004460,Esi_0024_0011,D8LJ25,CBN76909.1
Ec-02_004470,Esi_0024_0016,D8LJ26,CBN76910.1
Ec-02_004480,Esi_0024_0017,D8LJ27,CBN76911.1
Ec-02_004490,Esi_0024_0019,D8LJ28,CBN76912.1
Ec-02_004500,Esi_0024_0022,D8LJ29,CBN76913.1
Ec-02_004520,Esi_0024_0023,D8LJ30,CBN76914.1
Ec-02_004530,Esi_0024_0024,D8LJ31,CBN76915.1
Ec-02_004550,Esi_0024_0025,D8LJ32,CBN76916.1
Ec-02_004560,Esi_0024_0029,D8LJ33,CBN76917.1
Ec-02_004570,Esi_0024_0031,D8LJ34,CBN76918.1
Ec-02_004580,Esi_0024_0032,D8LJ35,CBN76919.1
Ec-02_004590,Esi_0024_0033,D8LJ36,CBN76920.1
Ec-02_004600,Esi_0024_0034,D8LJ37,CBN76921.1
Ec-02_004620,Esi_0024_0035,D8LJ38,CBN76922.1
Ec-02_004650,Esi_0024_0036,D8LJ39,CBN76923.1
Ec-02_004660,Esi_0024_0038,D8LJ40,CBN76924.1
Ec-02_004670,Esi_0024_0042,D8LJ41,CBN76925.1
Ec-02_004690,Esi_0024_0045,D8LJ42,CBN76926.1
,Esi_0024_0048,D8LJ43,CBN76927.1
Ec-02_004700,Esi_0024_0055,D8LJ44,CBN76928.1
Ec-02_004720,Esi_0024_0056,D8LJ45,CBN76929.1
Ec-02_004730,Esi_0024_0057,D8LJ46,CBN76930.1
Ec-02_004740,Esi_0024_0059,D8LJ47,CBN76931.1
Ec-02_004750,Esi_0024_0061,D8LJ48,CBN76932.1
Ec-02_004760,Esi_0024_0063,D8LJ49,CBN76933.1
Ec-02_004770,Esi_0024_0065,D8LJ50,CBN76934.1
Ec-02_004780,Esi_0024_0066,D8LJ51,CBN76935.1
Ec-02_004790,Esi_0024_0069,D8LJ52,CBN76936.1
Ec-02_004800,Esi_0024_0070,D8LJ53,CBN76937.1
Ec-02_004810,Esi_0024_0071,D8LJ54,CBN76938.1
Ec-02_004820,Esi_0024_0072,D8LJ55,CBN76939.1
Ec-02_004830,Esi_0024_0073,D8LJ56,CBN76940.1
Ec-02_004850,Esi_0024_0074,D8LJ57,CBN76941.1
Ec-02_004860,Esi_0024_0075,D8LJ58,CBN76942.1
Ec-02_004870,Esi_0024_0077,D8LJ59,CBN76943.1
Ec-02_004880,Esi_0024_0079,D8LJ60,CBN76944.1
Ec-02_004890,Esi_0024_0081,D8LJ61,CBN76945.1
Ec-02_004900,Esi_0024_0082,D8LJ62,CBN76946.1
Ec-02_004910,Esi_0024_0087,D8LJ63,CBN76947.1
Ec-02_004920,Esi_0024_0088,D8LJ64,CBN76948.1
Ec-02_004930,Esi_0024_0090,D8LJ65,CBN76949.1
Ec-02_004940,Esi_0024_0091,D8LJ66,CBN76950.1
Ec-02_004950,Esi_0024_0097,D8LJ67,CBN76951.1
Ec-02_004960,Esi_0024_0099,D8LJ68,CBN76952.1
Ec-02_004970,Esi_0024_0100,D8LJ69,CBN76953.1
Ec-02_004980,Esi_0024_0101,D8LJ70,CBN76954.1
Ec-02_004990,Esi_0024_0104,D8LJ71,CBN76955.1
Ec-02_005010,Esi_0024_0107,D8LJ72,CBN76956.1
Ec-02_005020,Esi_0024_0108,D8LJ73,CBN76957.1
Ec-02_005030,Esi_0024_0109,D8LJ74,CBN76958.1
Ec-02_005040,Esi_0024_0110,D8LJ75,CBN76959.1
Ec-02_005050,Esi_0024_0112,D8LJ76,CBN76960.1
Ec-02_005060,Esi_0024_0113,D8LJ77,CBN76961.1
Ec-02_005070,Esi_0024_0114,D8LJ78,CBN76962.1
Ec-02_005080,Esi_0024_0115,D8LJ79,CBN76963.1
Ec-02_005090,Esi_0024_0117,D8LJ80,CBN76964.1
Ec-02_005100,Esi_0024_0119,D8LJ81,CBN76965.1
Ec-02_005110,Esi_0024_0124,D8LJ82,CBN76966.1
Ec-02_005120,Esi_0024_0128,D8LJ83,CBN76967.1
Ec-02_005130,Esi_0024_0129,D8LJ84,CBN76968.1
Ec-02_005140,Esi_0024_0130,D8LJ85,CBN76969.1
Ec-02_005150,Esi_0024_0131,D8LJ86,CBN76970.1
Ec-02_005160,Esi_0024_0132,D8LJ87,CBN76971.1
Ec-02_005170,Esi_0024_0135,D8LJ88,CBN76972.1
Ec-02_005190,Esi_0024_0138,D8LJ89,CBN76973.1
Ec-02_005200,Esi_0024_0140,D8LJ90,CBN76974.1
Ec-02_005220,Esi_0024_0144,D8LJ91,CBN76975.1
Ec-02_005230,Esi_0024_0146,D8LJ92,CBN76976.1
Ec-02_005240,Esi_0024_0147,D8LJ93,CBN76977.1
Ec-02_005250,Esi_0024_0150,D8LJ94,CBN76978.1
,Esi_0024_0151,D8LJ95,CBN76979.1
Ec-02_005260,Esi_0024_0152,D8LJ96,CBN76980.2
Ec-02_005270,Esi_0024_0153,D8LJ97,CBN76981.1
Ec-02_005280,Esi_0024_0154,D8LJ98,CBN76982.1
Ec-02_005290,Esi_0024_0155,D8LJ99,CBN76983.1
Ec-02_005300,Esi_0024_0157,D8LJA0,CBN76984.1
Ec-02_005310,Esi_0024_0158,D8LJA1,CBN76985.1
Ec-02_005320,Esi_0024_0159,D8LJA2,CBN76986.1
Ec-02_005330,Esi_0024_0162,D8LJA3,CBN76987.1
Ec-02_005340,Esi_0024_0164,D8LJA4,CBN76988.1
Ec-02_005350,Esi_0024_0165,D8LJA5,CBN76989.1
Ec-02_005360,Esi_0024_0169,D8LJA6,CBN76990.1
Ec-02_005380,Esi_0024_0172,D8LJA7,CBN76991.1
Ec-02_005390,Esi_0024_0173,D8LJA8,CBN76992.1
Ec-02_005400,Esi_0024_0175,D8LJA9,CBN76993.1
Ec-02_005410,Esi_0024_0176,D8LJB0,CBN76994.1
Ec-02_005420,Esi_0024_0177,D8LJB1,CBN76995.1
Ec-02_005430,Esi_0024_0179,D8LJB2,CBN76996.1
Ec-02_005440,Esi_0024_0181,D8LJB3,CBN76997.1
Ec-02_005450,Esi_0024_0183,D8LJB4,CBN76998.1
Ec-02_005460,Esi_0024_0184,D8LJB5,CBN76999.1
Ec-02_005470,Esi_0024_0189,D8LJB6,CBN77000.1
Ec-02_005480,Esi_0024_0190,D8LJB7,CBN77001.1
Ec-02_005490,Esi_0024_0192,D8LJB8,CBN77002.1
Ec-02_005000,Esi_0024_0199,,
Ec-02_004710,Esi_0024_0202,,
Ec-02_005370,Esi_0024_0203,,
Ec-02_004510,Esi_0024_0204,,
Ec-02_004540,Esi_0024_0205,,
Ec-02_004610,Esi_0024_0206,,
Ec-02_004630,Esi_0024_0207,,
Ec-02_004640,Esi_0024_0208,,
Ec-02_004680,Esi_0024_0209,,
Ec-02_004840,Esi_0024_0210,,
Ec-02_005180,Esi_0024_0211,,
Ec-02_005210,Esi_0024_0212,,
Ec-21_000800,Esi_0025_0003,D7FTC2,CBJ48500.1
Ec-21_000810,Esi_0025_0005,D7FTC3,CBJ48501.1
Ec-21_000820,Esi_0025_0007,D7FTC4,CBJ48502.1
Ec-21_000850,Esi_0025_0015,D7FTC5,CBJ48503.1
Ec-21_000870,Esi_0025_0017,D7FTC6,CBJ48504.1
Ec-21_000880,Esi_0025_0023,D7FTC7,CBJ48505.1
Ec-21_000890,Esi_0025_0026,D7FTC8,CBJ48506.1
Ec-21_000900,Esi_0025_0028,D7FTC9,CBJ48507.1
,Esi_0025_0029,D7FTD0,CBJ48508.1
Ec-21_000910,Esi_0025_0030,D7FTD1,CBJ48509.1
,Esi_0025_0032,D7FTD2,CBJ48510.1
,Esi_0025_0033,D7FTD3,CBJ48511.1
Ec-21_000920,Esi_0025_0035,D7FTD4,CBJ48512.1
Ec-21_000930,Esi_0025_0036,D7FTD5,CBJ48513.1
,Esi_0025_0037,D7FTD6,CBJ48514.1
Ec-21_000940,Esi_0025_0038,D7FTD7,CBJ48515.1
Ec-21_000950,Esi_0025_0040,D7FTD8,CBJ48516.1
Ec-21_000970,Esi_0025_0042,D7FTD9,CBJ48517.1
Ec-21_000980,Esi_0025_0045,D7FTE0,CBJ48518.1
Ec-21_000990,Esi_0025_0048,D7FTE1,CBJ48519.1
Ec-21_001000,Esi_0025_0050,D7FTE2,CBJ48520.1
Ec-21_001010,Esi_0025_0052,D7FTE3,CBJ48521.1
Ec-21_001020,Esi_0025_0057,D7FTE4,CBJ48522.1
Ec-21_001050,Esi_0025_0058,D7FTE5,CBJ48523.1
Ec-21_001060,Esi_0025_0059,D7FTE6,CBJ48524.1
Ec-21_001070,Esi_0025_0061,D7FTE7,CBJ48525.1
Ec-21_001080,Esi_0025_0063,D7FTE8,CBJ48526.1
Ec-21_001090,Esi_0025_0065,D7FTE9,CBJ48527.1
,Esi_0025_0066,D7FTF0,CBJ48528.1
Ec-21_001100,Esi_0025_0067,D7FTF1,CBJ48529.1
Ec-21_001110,Esi_0025_0068,D7FTF2,CBJ48530.1
Ec-21_001120,Esi_0025_0070,D7FTF3,CBJ48531.1
Ec-21_001140,Esi_0025_0071,D7FTF4,CBJ48532.1
Ec-21_001150,Esi_0025_0072,D7FTF5,CBJ48533.1
Ec-21_001160,Esi_0025_0073,D7FTF6,CBJ48534.1
Ec-21_001170,Esi_0025_0074,D7FTF7,CBJ48535.1
Ec-21_001180,Esi_0025_0075,D7FTF8,CBJ48536.1
Ec-21_001200,Esi_0025_0082,D7FTF9,CBJ48537.1
Ec-21_001210,Esi_0025_0083,D7FTG0,CBJ48538.1
Ec-21_001220,Esi_0025_0084,D7FTG1,CBJ48539.1
Ec-21_001230,Esi_0025_0085,D7FTG2,CBJ48540.1
Ec-21_001250,Esi_0025_0089,D7FTG3,CBJ48541.1
Ec-21_001270,Esi_0025_0093,D7FTG4,CBJ48542.1
Ec-21_001280,Esi_0025_0094,D7FTG5,CBJ48543.1
Ec-21_001300,Esi_0025_0097,D7FTG6,CBJ48544.1
Ec-21_001310,Esi_0025_0099,D7FTG7,CBJ48545.1
Ec-21_001320,Esi_0025_0100,D7FTG8,CBJ48546.1
Ec-21_001340,Esi_0025_0107,D7FTG9,CBJ48547.1
Ec-21_001350,Esi_0025_0108,D7FTH0,CBJ48548.1
Ec-21_001360,Esi_0025_0111,D7FTH1,CBJ48549.1
Ec-21_001370,Esi_0025_0112,D7FTH2,CBJ48550.1
Ec-21_001380,Esi_0025_0113,D7FTH3,CBJ48551.1
Ec-21_001390,Esi_0025_0116,D7FTH4,CBJ48552.1
Ec-21_001400,Esi_0025_0118,D7FTH5,CBJ48553.1
Ec-21_001410,Esi_0025_0121,D7FTH6,CBJ48554.1
Ec-21_001420,Esi_0025_0122,D7FTH7,CBJ48555.1
Ec-21_001430,Esi_0025_0124,D7FTH8,CBJ48556.1
Ec-21_001440,Esi_0025_0125,D7FTH9,CBJ48557.1
,Esi_0025_0126,D7FTI0,CBJ48558.1
Ec-21_001450,Esi_0025_0128,D7FTI1,CBJ48559.1
Ec-21_001460,Esi_0025_0131,D7FTI2,CBJ48560.1
Ec-21_001470,Esi_0025_0133,D7FTI3,CBJ48561.1
Ec-21_001480,Esi_0025_0138,D7FTI4,CBJ48562.1
Ec-21_001490,Esi_0025_0141,D7FTI5,CBJ48563.1
Ec-21_001530,Esi_0025_0149,D7FTI6,CBJ48564.1
Ec-21_001540,Esi_0025_0150,D7FTI7,CBJ48565.1
Ec-21_001550,Esi_0025_0151,D7FTI8,CBJ48566.1
Ec-21_001560,Esi_0025_0153,D7FTI9,CBJ48567.1
Ec-21_001570,Esi_0025_0154,D7FTJ0,CBJ48568.1
Ec-21_001580,Esi_0025_0155,D7FTJ1,CBJ48569.1
,Esi_0025_0156,D7FTJ2,CBJ48570.1
Ec-21_001590,Esi_0025_0157,D7FTJ3,CBJ48571.1
,Esi_0025_0158,D7FTJ4,CBJ48572.1
Ec-21_001600,Esi_0025_0159,D7FTJ5,CBJ48573.1
Ec-21_001610,Esi_0025_0161,D7FTJ6,CBJ48574.1
Ec-21_001030,Esi_0025_0181,,
Ec-21_001040,Esi_0025_0182,,
Ec-21_001330,Esi_0025_0183,,
Ec-21_001500,Esi_0025_0184,,
Ec-21_000860,Esi_0025_0185,,
Ec-21_000960,Esi_0025_0186,,
Ec-21_001130,Esi_0025_0187,,
Ec-21_001190,Esi_0025_0188,,
Ec-21_001240,Esi_0025_0189,,
Ec-21_001260,Esi_0025_0190,,
Ec-21_001290,Esi_0025_0191,,
Ec-21_000830,Esi_0025_0192,,
Ec-21_001510,Esi_0025_0193,,
Ec-21_001520,Esi_0025_0194,,
Ec-21_000840,Esi_0025_0195,,
Ec-17_002040,Esi_0026_0002,D8LJH6,CBN77003.1
Ec-17_002060,Esi_0026_0013,D8LJH7,CBN77004.1
,Esi_0026_0017,D8LJH8,CBN77005.1
Ec-17_002070,Esi_0026_0019,D8LJH9,CBN77006.1
Ec-17_002080,Esi_0026_0020,D8LJI0,CBN77007.1
Ec-17_002090,Esi_0026_0021,D8LJI1,CBN77008.1
Ec-17_002100,Esi_0026_0025,D8LJI2,CBN77009.1
Ec-17_002110,Esi_0026_0026,D8LJI3,CBN77010.1
Ec-17_002120,Esi_0026_0027,D8LJI4,CBN77011.1
Ec-17_002130,Esi_0026_0029,D8LJI5,CBN77012.1
Ec-17_002150,Esi_0026_0032,D8LJI6,CBN77013.1
,Esi_0026_0035,D8LJI7,CBN77014.1
Ec-17_002160,Esi_0026_0037,D8LJI8,CBN77015.1
,Esi_0026_0038,D8LJI9,CBN77016.1
Ec-17_002170,Esi_0026_0039,D8LJJ0,CBN77017.1
Ec-17_002180,Esi_0026_0040,D8LJJ1,CBN77018.1
Ec-17_002190,Esi_0026_0042,D8LJJ2,CBN77019.1
Ec-17_002200,Esi_0026_0043,D8LJJ3,CBN77020.1
Ec-17_002210,Esi_0026_0045,D8LJJ4,CBN77021.1
Ec-17_002220,Esi_0026_0047,D8LJJ5,CBN77022.1
Ec-17_002230,Esi_0026_0048,D8LJJ6,CBN77023.1
Ec-17_002250,Esi_0026_0050,D8LJJ7,CBN77024.1
Ec-17_002260,Esi_0026_0051,D8LJJ8,CBN77025.1
Ec-17_002280,Esi_0026_0052,D8LJJ9,CBN77026.1
Ec-17_002290,Esi_0026_0054,D8LJK0,CBN77027.1
Ec-17_002300,Esi_0026_0057,,
Ec-17_002310,Esi_0026_0059,D8LJK2,CBN77029.1
Ec-17_002330,Esi_0026_0063,D8LJK3,CBN77030.1
Ec-17_002340,Esi_0026_0066,D8LJK4,CBN77031.1
Ec-17_002350,Esi_0026_0067,D8LJK5,CBN77032.1
Ec-17_002360,Esi_0026_0068,D8LJK6,CBN77033.1
Ec-17_002370,Esi_0026_0069,D8LJK7,CBN77034.1
Ec-17_002380,Esi_0026_0070,D8LJK8,CBN77035.1
Ec-17_002390,Esi_0026_0077,D8LJK9,CBN77036.1
Ec-17_002400,Esi_0026_0081,D8LJL0,CBN77037.1
Ec-17_002410,Esi_0026_0082,D8LJL1,CBN77038.1
Ec-17_002420,Esi_0026_0084,D8LJL2,CBN77039.1
Ec-17_002430,Esi_0026_0091,D8LJL3,CBN77040.1
Ec-17_002460,Esi_0026_0093,D8LJL4,CBN77041.1
Ec-17_002470,Esi_0026_0094,D8LJL5,CBN77042.1
Ec-17_002480,Esi_0026_0095,D8LJL6,CBN77043.1
Ec-17_002490,Esi_0026_0098,D8LJL7,CBN77044.1
Ec-17_002500,Esi_0026_0099,D8LJL8,CBN77045.1
Ec-17_002510,Esi_0026_0100,D8LJL9,CBN77046.1
Ec-17_002550,Esi_0026_0103,D8LJM0,CBN77047.1
Ec-17_002570,Esi_0026_0107,D8LJM1,CBN77048.2
Ec-17_002580,Esi_0026_0110,D8LJM2,CBN77049.1
Ec-17_002590,Esi_0026_0111,D8LJM3,CBN77050.1
Ec-17_002600,Esi_0026_0113,D8LJM4,CBN77051.1
Ec-17_002630,Esi_0026_0115,D8LJM5,CBN77052.1
Ec-17_002640,Esi_0026_0117,D8LJM6,CBN77053.1
Ec-17_002650,Esi_0026_0119,D8LJM7,CBN77054.1
Ec-17_002660,Esi_0026_0121,D8LJM8,CBN77055.1
Ec-17_002670,Esi_0026_0122,D8LJM9,CBN77056.1
Ec-17_002680,Esi_0026_0123,D8LJN0,CBN77057.1
Ec-17_002690,Esi_0026_0125,D8LJN1,CBN77058.1
Ec-17_002700,Esi_0026_0126,D8LJN2,CBN77059.1
Ec-17_002710,Esi_0026_0127,D8LJN3,CBN77060.1
Ec-17_002720,Esi_0026_0128,D8LJN4,CBN77061.1
Ec-17_002730,Esi_0026_0130,D8LJN5,CBN77062.1
Ec-17_002740,Esi_0026_0134,D8LJN6,CBN77063.1
Ec-17_002740,Esi_0026_0138,D8LJN7,CBN77064.1
Ec-17_002750,Esi_0026_0140,D8LJN8,CBN77065.1
Ec-17_002760,Esi_0026_0144,D8LJN9,CBN77066.1
Ec-17_002770,Esi_0026_0145,D8LJP0,CBN77067.1
Ec-17_002790,Esi_0026_0148,D8LJP1,CBN77068.1
Ec-17_002800,Esi_0026_0151,D8LJP2,CBN77069.1
Ec-17_002810,Esi_0026_0153,D8LJP3,CBN77070.1
Ec-17_002820,Esi_0026_0154,D8LJP4,CBN77071.1
Ec-17_002830,Esi_0026_0156,D8LJP5,CBN77072.1
Ec-17_002840,Esi_0026_0157,D8LJP6,CBN77073.1
Ec-17_002850,Esi_0026_0158,D8LJP7,CBN77074.1
Ec-17_002860,Esi_0026_0160,D8LJP8,CBN77075.1
Ec-17_002870,Esi_0026_0162,D8LJP9,CBN77076.1
,Esi_0026_0165,D8LJQ0,CBN77077.1
Ec-17_002880,Esi_0026_0166,D8LJQ1,CBN77078.1
Ec-17_002890,Esi_0026_0167,D8LJQ2,CBN77079.1
Ec-17_002900,Esi_0026_0169,D8LJQ3,CBN77080.1
Ec-17_002910,Esi_0026_0170,D8LJQ4,CBN77081.1
Ec-17_002930,Esi_0026_0174,D8LJQ5,CBN77082.1
Ec-17_002940,Esi_0026_0181,D8LJQ6,CBN77083.1
Ec-17_002050,Esi_0026_0197,,
Ec-17_002270,Esi_0026_0198,,
Ec-17_002440,Esi_0026_0201,,
Ec-17_002520,Esi_0026_0202,,
Ec-17_002560,Esi_0026_0203,,
Ec-17_002620,Esi_0026_0204,,
Ec-17_002920,Esi_0026_0205,,
Ec-17_002450,Esi_0026_0206,,
Ec-17_002140,Esi_0026_0207,,
Ec-17_002240,Esi_0026_0208,,
Ec-17_002320,Esi_0026_0209,,
Ec-17_002530,Esi_0026_0210,,
Ec-17_002540,Esi_0026_0211,,
Ec-17_002610,Esi_0026_0212,,
Ec-17_002780,Esi_0026_0213,,
Ec-03_000940,Esi_0027_0002,D7FUA6,CBJ26176.1
,Esi_0027_0004,D7FUA7,CBJ26177.1
Ec-03_000930,Esi_0027_0006,D7FUA8,CBJ26178.1
Ec-03_000920,Esi_0027_0008,D7FUA9,CBJ26179.1
Ec-03_000910,Esi_0027_0009,D7FUB0,CBJ26180.1
Ec-03_000900,Esi_0027_0010,D7FUB1,CBJ26181.1
Ec-03_000890,Esi_0027_0012,D7FUB2,CBJ26182.1
Ec-03_000880,Esi_0027_0013,D7FUB3,CBJ26183.1
Ec-03_000870,Esi_0027_0014,D7FUB4,CBJ26184.1
Ec-03_000860,Esi_0027_0015,D7FUB5,CBJ26185.1
Ec-03_000850,Esi_0027_0018,D7FUB6,CBJ26186.1
Ec-03_000840,Esi_0027_0020,D7FUB7,CBJ26187.1
Ec-03_000820,Esi_0027_0021,D7FUB8,CBJ26188.1
,Esi_0027_0024,D7FUB9,CBJ26189.1
Ec-03_000810,Esi_0027_0025,D7FUC0,CBJ26190.1
Ec-03_000800,Esi_0027_0026,D7FUC1,CBJ26191.1
Ec-03_000790,Esi_0027_0027,D7FUC2,CBJ26192.1
Ec-03_000780,Esi_0027_0029,D7FUC3,CBJ26193.1
Ec-03_000770,Esi_0027_0032,,
Ec-03_000760,Esi_0027_0035,D7FUC5,CBJ26195.1
Ec-03_000750,Esi_0027_0037,D7FUC6,CBJ26196.1
Ec-03_000740,Esi_0027_0051,D7FUC7,CBJ26197.1
Ec-03_000730,Esi_0027_0052,,
Ec-03_000720,Esi_0027_0058,D7FUC9,CBJ26199.1
Ec-03_000710,Esi_0027_0062,D7FUD0,CBJ26200.1
Ec-03_000700,Esi_0027_0064,,
Ec-03_000690,Esi_0027_0069,D7FUD2,CBJ26202.1
Ec-03_000680,Esi_0027_0071,D7FUD3,CBJ26203.1
Ec-03_000670,Esi_0027_0073,D7FUD4,CBJ26204.1
Ec-03_000660,Esi_0027_0074,D7FUD5,CBJ26205.1
,Esi_0027_0077,D7FUD6,CBJ26206.1
Ec-03_000630,Esi_0027_0081,D7FUD7,CBJ26207.1
Ec-03_000620,Esi_0027_0082,D7FUD8,CBJ26208.1
Ec-03_000600,Esi_0027_0085,D7FUD9,CBJ26209.1
Ec-03_000590,Esi_0027_0086,D7FUE0,CBJ26210.1
Ec-03_000580,Esi_0027_0087,D7FUE1,CBJ26211.1
Ec-03_000570,Esi_0027_0088,D7FUE2,CBJ26212.1
Ec-03_000560,Esi_0027_0090,D7FUE3,CBJ26213.1
Ec-03_000550,Esi_0027_0091,D7FUE4,CBJ26214.1
Ec-03_000530,Esi_0027_0095,D7FUE5,CBJ26215.1
Ec-03_000520,Esi_0027_0106,D7FUE6,CBJ26216.1
Ec-03_000510,Esi_0027_0107,D7FUE7,CBJ26217.1
Ec-03_000500,Esi_0027_0108,D7FUE8,CBJ26218.1
Ec-03_000480,Esi_0027_0110,D7FUE9,CBJ26219.1
Ec-03_000460,Esi_0027_0112,D7FUF0,CBJ26220.1
Ec-03_000450,Esi_0027_0113,D7FUF1,CBJ26221.1
Ec-03_000440,Esi_0027_0114,D7FUF2,CBJ26222.1
Ec-03_000420,Esi_0027_0116,D7FUF3,CBJ26223.1
Ec-03_000410,Esi_0027_0117,D7FUF4,CBJ26224.1
Ec-03_000400,Esi_0027_0118,D7FUF5,CBJ26225.1
Ec-03_000370,Esi_0027_0122,D7FUF6,CBJ26226.1
Ec-03_000360,Esi_0027_0130,D7FUF7,CBJ26227.1
Ec-03_000330,Esi_0027_0131,D7FUF8,CBJ26228.1
Ec-03_000320,Esi_0027_0133,D7FUF9,CBJ26229.1
Ec-03_000310,Esi_0027_0134,D7FUG0,CBJ26230.1
Ec-03_000300,Esi_0027_0136,D7FUG1,CBJ26231.1
Ec-03_000290,Esi_0027_0138,D7FUG2,CBJ26232.1
Ec-03_000280,Esi_0027_0139,D7FUG3,CBJ26233.1
Ec-03_000270,Esi_0027_0141,D7FUG4,CBJ26234.1
Ec-03_000260,Esi_0027_0142,D7FUG5,CBJ26235.1
Ec-03_000250,Esi_0027_0143,D7FUG6,CBJ26236.1
Ec-03_000230,Esi_0027_0144,D7FUG7,CBJ26237.1
,Esi_0027_0145,D7FUG8,CBJ26238.1
,Esi_0027_0146,D7FUG9,CBJ26239.1
Ec-03_000220,Esi_0027_0149,D7FUH0,CBJ26240.1
Ec-03_000210,Esi_0027_0150,D7FUH1,CBJ26241.1
Ec-03_000200,Esi_0027_0155,D7FUH2,CBJ26242.1
Ec-03_000180,Esi_0027_0164,,
Ec-03_000150,Esi_0027_0166,D7FUH4,CBJ26244.1
Ec-03_000140,Esi_0027_0167,D7FUH5,CBJ26245.1
Ec-03_000130,Esi_0027_0168,D7FUH6,CBJ26246.1
Ec-03_000490,Esi_0027_0187,,
Ec-03_000340,Esi_0027_0188,,
Ec-03_000830,Esi_0027_0189,,
Ec-03_000170,Esi_0027_0190,,
Ec-03_000650,Esi_0027_0191,,
Ec-03_000640,Esi_0027_0192,,
Ec-03_000610,Esi_0027_0193,,
Ec-03_000540,Esi_0027_0194,,
Ec-03_000470,Esi_0027_0195,,
Ec-03_000430,Esi_0027_0196,,
Ec-03_000390,Esi_0027_0197,,
Ec-03_000380,Esi_0027_0198,,
Ec-03_000350,Esi_0027_0199,,
Ec-03_000240,Esi_0027_0200,,
Ec-03_000190,Esi_0027_0201,,
Ec-03_000160,Esi_0027_0202,,
Ec-06_007310,Esi_0028_0006,D8LJX4,CBN74443.1
Ec-06_007320,Esi_0028_0011,D8LJX5,CBN74444.1
Ec-06_007360,Esi_0028_0017,D8LJX6,CBN74445.1
,Esi_0028_0019,D8LJX7,CBN74446.1
Ec-06_007370,Esi_0028_0020,D8LJX8,CBN74447.1
Ec-06_007380,Esi_0028_0021,D8LJX9,CBN74448.1
Ec-06_007390,Esi_0028_0022,D8LJY0,CBN74449.1
Ec-06_007400,Esi_0028_0024,D8LJY1,CBN74450.1
Ec-06_007410,Esi_0028_0027,D8LJY2,CBN74451.1
Ec-06_007430,Esi_0028_0028,D8LJY3,CBN74452.1
Ec-06_007450,Esi_0028_0029,D8LJY4,CBN74453.1
Ec-06_007460,Esi_0028_0030,D8LJY5,CBN74454.1
Ec-06_007470,Esi_0028_0033,D8LJY6,CBN74455.1
Ec-06_007480,Esi_0028_0035,D8LJY7,CBN74456.1
Ec-06_007490,Esi_0028_0036,D8LJY8,CBN74457.1
Ec-06_007500,Esi_0028_0038,D8LJY9,CBN74458.1
Ec-06_007510,Esi_0028_0039,D8LJZ0,CBN74459.1
Ec-06_007520,Esi_0028_0040,D8LJZ1,CBN74460.1
Ec-06_007530,Esi_0028_0041,D8LJZ2,CBN74461.1
Ec-06_007540,Esi_0028_0042,D8LJZ3,CBN74462.1
Ec-06_007570,Esi_0028_0043,D8LJZ4,CBN74463.1
Ec-06_007580,Esi_0028_0044,D8LJZ5,CBN74464.1
Ec-06_007590,Esi_0028_0046,D8LJZ6,CBN74465.1
Ec-06_007600,Esi_0028_0047,D8LJZ7,CBN74466.1
Ec-06_007610,Esi_0028_0048,D8LJZ8,CBN74467.1
Ec-06_007620,Esi_0028_0049,D8LJZ9,CBN74468.1
Ec-06_007630,Esi_0028_0050,D8LK00,CBN74469.1
Ec-06_007640,Esi_0028_0051,D8LK01,CBN74470.1
Ec-06_007650,Esi_0028_0052,D8LK02,CBN74471.1
Ec-06_007660,Esi_0028_0053,D8LK03,CBN74472.1
Ec-06_007670,Esi_0028_0055,D8LK04,CBN74473.1
Ec-06_007680,Esi_0028_0056,D8LK05,CBN74474.1
Ec-06_007690,Esi_0028_0058,D8LK06,CBN74475.1
Ec-06_007700,Esi_0028_0060,D8LK07,CBN74476.1
Ec-06_007710,Esi_0028_0066,D8LK08,CBN74477.1
Ec-06_007720,Esi_0028_0067,D8LK09,CBN74478.1
Ec-06_007740,Esi_0028_0069,D8LK10,CBN74479.1
Ec-06_007750,Esi_0028_0070,D8LK11,CBN74480.1
Ec-06_007770,Esi_0028_0072,D8LK12,CBN74481.1
Ec-06_007790,Esi_0028_0073,D8LK13,CBN74482.1
Ec-06_007800,Esi_0028_0075,D8LK14,CBN74483.1
Ec-06_007810,Esi_0028_0076,D8LK15,CBN74484.1
Ec-06_007820,Esi_0028_0077,D8LK16,CBN74485.1
Ec-06_007830,Esi_0028_0091,D8LK17,CBN74486.1
Ec-06_007840,Esi_0028_0092,D8LK18,CBN74487.1
Ec-06_007850,Esi_0028_0094,D8LK19,CBN74488.1
Ec-06_007860,Esi_0028_0096,D8LK20,CBN74489.1
Ec-06_007870,Esi_0028_0097,D8LK21,CBN74490.1
Ec-06_007880,Esi_0028_0099,D8LK22,CBN74491.1
Ec-06_007890,Esi_0028_0100,D8LK23,CBN74492.1
,Esi_0028_0102,D8LK24,CBN74493.1
Ec-06_007900,Esi_0028_0104,D8LK25,CBN74494.1
Ec-06_007930,Esi_0028_0106,D8LK26,CBN74495.1
Ec-06_007940,Esi_0028_0107,D8LK27,CBN74496.1
Ec-06_007950,Esi_0028_0109,D8LK28,CBN74497.1
Ec-06_007960,Esi_0028_0110,D8LK29,CBN74498.1
Ec-06_007970,Esi_0028_0111,D8LK30,CBN74499.1
Ec-06_007980,Esi_0028_0112,D8LK31,CBN74500.1
Ec-06_007990,Esi_0028_0113,D8LK32,CBN74501.1
Ec-06_008000,Esi_0028_0114,D8LK33,CBN74502.1
Ec-06_008010,Esi_0028_0118,D8LK34,CBN74503.1
Ec-06_008020,Esi_0028_0119,D8LK35,CBN74504.1
,Esi_0028_0120,D8LK36,CBN74505.1
Ec-06_008030,Esi_0028_0122,D8LK37,CBN74506.1
Ec-06_008050,Esi_0028_0127,D8LK38,CBN74507.1
Ec-06_008060,Esi_0028_0129,D8LK39,CBN74508.1
Ec-06_008070,Esi_0028_0130,D8LK40,CBN74509.1
Ec-06_008090,Esi_0028_0136,D8LK41,CBN74510.1
Ec-06_008100,Esi_0028_0139,D8LK42,CBN74511.1
Ec-06_008110,Esi_0028_0142,D8LK43,CBN74512.1
Ec-06_008120,Esi_0028_0144,D8LK44,CBN74513.1
Ec-06_008140,Esi_0028_0145,D8LK45,CBN74514.1
Ec-06_008150,Esi_0028_0149,D8LK46,CBN74515.1
Ec-06_008160,Esi_0028_0151,D8LK47,CBN74516.1
Ec-06_008170,Esi_0028_0153,D8LK48,CBN74517.1
Ec-06_008180,Esi_0028_0154,D8LK49,CBN74518.1
Ec-06_008190,Esi_0028_0156,D8LK50,CBN74519.1
Ec-06_008200,Esi_0028_0157,D8LK51,CBN74520.1
Ec-06_008210,Esi_0028_0158,D8LK52,CBN74521.1
Ec-06_008220,Esi_0028_0159,D8LK53,CBN74522.1
Ec-06_008230,Esi_0028_0161,D8LK54,CBN74523.1
,Esi_0028_0163,D8LK55,CBN74524.1
Ec-06_008240,Esi_0028_0164,D8LK56,CBN74525.1
Ec-06_008250,Esi_0028_0166,D8LK57,CBN74526.1
Ec-06_008260,Esi_0028_0168,D8LK58,CBN74527.1
Ec-06_008270,Esi_0028_0169,D8LK59,CBN74528.1
Ec-06_008280,Esi_0028_0170,D8LK60,CBN74529.1
Ec-06_007780,Esi_0028_0181,,
Ec-06_007910,Esi_0028_0191,,
Ec-06_007330,Esi_0028_0192,,
Ec-06_007340,Esi_0028_0193,,
Ec-06_008040,Esi_0028_0194,,
Ec-06_007920,Esi_0028_0195,,
Ec-06_008290,Esi_0028_0196,,
Ec-06_007420,Esi_0028_0197,,
Ec-06_007440,Esi_0028_0198,,
Ec-06_007550,Esi_0028_0199,,
Ec-06_007560,Esi_0028_0200,,
Ec-06_007730,Esi_0028_0201,,
Ec-06_007760,Esi_0028_0202,,
Ec-06_007350,Esi_0028_0203,,
Ec-06_008080,Esi_0028_0204,,
Ec-06_008130,Esi_0028_0205,,
Ec-14_000010,Esi_0029_0001,D7FV75,CBJ26247.1
Ec-14_000060,Esi_0029_0003,D7FV76,CBJ26248.1
Ec-14_000070,Esi_0029_0004,D7FV77,CBJ26249.1
Ec-14_000090,Esi_0029_0012,D7FV78,CBJ26250.1
Ec-14_000100,Esi_0029_0013,D7FV79,CBJ26251.1
Ec-14_000110,Esi_0029_0015,D7FV80,CBJ26252.1
Ec-14_000120,Esi_0029_0017,D7FV81,CBJ26253.1
Ec-14_000140,Esi_0029_0020,D7FV82,CBJ26254.1
Ec-14_000150,Esi_0029_0022,D7FV83,CBJ26255.1
Ec-14_000160,Esi_0029_0023,D7FV84,CBJ26256.1
Ec-14_000170,Esi_0029_0024,D7FV85,CBJ26257.1
Ec-14_000180,Esi_0029_0025,D7FV86,CBJ26258.1
Ec-14_000190,Esi_0029_0027,D7FV87,CBJ26259.1
Ec-14_000200,Esi_0029_0030,D7FV88,CBJ26260.1
,Esi_0029_0031,D7FV89,CBJ26261.1
Ec-14_000210,Esi_0029_0032,D7FV90,CBJ26262.1
Ec-14_000220,Esi_0029_0034,D7FV91,CBJ26263.1
Ec-14_000230,Esi_0029_0036,D7FV92,CBJ26264.1
Ec-14_000240,Esi_0029_0038,D7FV93,CBJ26265.1
Ec-14_000250,Esi_0029_0039,D7FV94,CBJ26266.1
Ec-14_000260,Esi_0029_0040,D7FV95,CBJ26267.1
Ec-14_000270,Esi_0029_0041,D7FV96,CBJ26268.1
Ec-14_000280,Esi_0029_0043,D7FV97,CBJ26269.1
Ec-14_000290,Esi_0029_0044,D7FV98,CBJ26270.1
Ec-14_000300,Esi_0029_0046,D7FV99,CBJ26271.1
Ec-14_000310,Esi_0029_0047,D7FVA0,CBJ26272.1
Ec-14_000320,Esi_0029_0049,D7FVA1,CBJ26273.1
Ec-14_000330,Esi_0029_0050,D7FVA2,CBJ26274.1
Ec-14_000340,Esi_0029_0051,D7FVA3,CBJ26275.1
Ec-14_000350,Esi_0029_0052,D7FVA4,CBJ26276.1
Ec-14_000360,Esi_0029_0053,D7FVA5,CBJ26277.1
Ec-14_000370,Esi_0029_0054,D7FVA6,CBJ26278.1
Ec-14_000380,Esi_0029_0055,D7FVA7,CBJ26279.1
Ec-14_000390,Esi_0029_0056,D7FVA8,CBJ26280.1
Ec-14_000400,Esi_0029_0057,D7FVA9,CBJ26281.1
Ec-14_000410,Esi_0029_0059,D7FVB0,CBJ26282.1
Ec-14_000420,Esi_0029_0064,D7FVB1,CBJ26283.1
Ec-14_000430,Esi_0029_0065,D7FVB2,CBJ26284.1
Ec-14_000440,Esi_0029_0066,D7FVB3,CBJ26285.1
Ec-14_000450,Esi_0029_0067,D7FVB4,CBJ26286.1
Ec-14_000490,Esi_0029_0069,D7FVB5,CBJ26287.1
Ec-14_000500,Esi_0029_0071,D7FVB6,CBJ26288.1
Ec-14_000510,Esi_0029_0073,D7FVB7,CBJ26289.1
Ec-14_000520,Esi_0029_0074,D7FVB8,CBJ26290.1
Ec-14_000530,Esi_0029_0075,D7FVB9,CBJ26291.1
Ec-14_000540,Esi_0029_0076,D7FVC0,CBJ26292.1
Ec-14_000550,Esi_0029_0077,D7FVC1,CBJ26293.1
Ec-14_000560,Esi_0029_0078,D7FVC2,CBJ26294.1
Ec-14_000570,Esi_0029_0081,D7FVC3,CBJ26295.1
Ec-14_000580,Esi_0029_0083,D7FVC4,CBJ26296.1
Ec-14_000590,Esi_0029_0087,D7FVC5,CBJ26297.1
Ec-14_000600,Esi_0029_0088,D7FVC6,CBJ26298.1
Ec-14_000610,Esi_0029_0090,D7FVC7,CBJ26299.1
Ec-14_000620,Esi_0029_0091,D7FVC8,CBJ26300.1
Ec-14_000630,Esi_0029_0094,D7FVC9,CBJ26301.1
Ec-14_000640,Esi_0029_0095,D7FVD0,CBJ26302.1
Ec-14_000650,Esi_0029_0096,D7FVD1,CBJ26303.1
Ec-14_000680,Esi_0029_0108,D7FVD2,CBJ26304.1
Ec-14_000690,Esi_0029_0111,D7FVD3,CBJ26305.1
Ec-14_000700,Esi_0029_0112,D7FVD4,CBJ26306.1
Ec-14_000710,Esi_0029_0113,D7FVD5,CBJ26307.1
Ec-14_000720,Esi_0029_0115,D7FVD6,CBJ26308.1
Ec-14_000730,Esi_0029_0116,D7FVD7,CBJ26309.1
Ec-14_000740,Esi_0029_0118,D7FVD8,CBJ26310.1
Ec-14_000750,Esi_0029_0119,D7FVD9,CBJ26311.1
Ec-14_000760,Esi_0029_0120,D7FVE0,CBJ26312.1
Ec-14_000770,Esi_0029_0121,D7FVE1,CBJ26313.1
Ec-14_000780,Esi_0029_0124,D7FVE2,CBJ26314.1
Ec-14_000790,Esi_0029_0126,D7FVE3,CBJ26315.1
Ec-14_000800,Esi_0029_0127,D7FVE4,CBJ26316.1
Ec-14_000810,Esi_0029_0128,D7FVE5,CBJ26317.1
Ec-14_000820,Esi_0029_0129,D7FVE6,CBJ26318.1
Ec-14_000830,Esi_0029_0131,D7FVE7,CBJ26319.1
Ec-14_000840,Esi_0029_0132,D7FVE8,CBJ26320.1
Ec-14_000850,Esi_0029_0133,D7FVE9,CBJ26321.1
Ec-14_000860,Esi_0029_0136,D7FVF0,CBJ26322.1
Ec-14_000870,Esi_0029_0138,D7FVF1,CBJ26323.1
Ec-14_000880,Esi_0029_0139,D7FVF2,CBJ26324.1
Ec-14_000900,Esi_0029_0140,D7FVF3,CBJ26325.1
Ec-14_000910,Esi_0029_0141,D7FVF4,CBJ26326.1
Ec-14_000920,Esi_0029_0142,D7FVF5,CBJ26327.1
Ec-14_000930,Esi_0029_0143,D7FVF6,CBJ26328.1
Ec-14_000940,Esi_0029_0144,D7FVF7,CBJ26329.1
,Esi_0029_0145,D7FVF8,CBJ26330.1
Ec-14_000950,Esi_0029_0146,D7FVF9,CBJ26331.1
Ec-14_000020,Esi_0029_0157,,
Ec-14_000030,Esi_0029_0158,,
Ec-14_000040,Esi_0029_0159,,
Ec-14_000050,Esi_0029_0160,,
Ec-14_000080,Esi_0029_0168,,
Ec-14_000130,Esi_0029_0169,,
Ec-14_000890,Esi_0029_0170,,
Ec-14_000460,Esi_0029_0171,,
Ec-14_000470,Esi_0029_0172,,
Ec-14_000480,Esi_0029_0173,,
Ec-14_000660,Esi_0029_0174,,
Ec-14_000670,Esi_0029_0175,,
Ec-16_002640,Esi_0030_0003,D8LKE0,CBN74530.1
Ec-16_002650,Esi_0030_0005,D8LKE1,CBN74531.1
Ec-16_002660,Esi_0030_0006,D8LKE2,CBN74532.1
Ec-16_002670,Esi_0030_0008,D8LKE3,CBN74533.1
Ec-16_002680,Esi_0030_0009,D8LKE4,CBN74534.1
Ec-16_002690,Esi_0030_0010,D8LKE5,CBN74535.1
,Esi_0030_0011,D8LKE6,CBN74536.1
Ec-16_002700,Esi_0030_0012,D8LKE7,CBN74537.1
Ec-16_002710,Esi_0030_0016,D8LKE8,CBN74538.1
,Esi_0030_0017,D8LKE9,CBN74539.1
Ec-16_002720,Esi_0030_0018,D8LKF0,CBN74540.1
Ec-16_002730,Esi_0030_0021,D8LKF1,CBN74541.1
Ec-16_002740,Esi_0030_0022,D8LKF2,CBN74542.1
Ec-16_002750,Esi_0030_0030,D8LKF3,CBN74543.1
Ec-16_002760,Esi_0030_0031,D8LKF4,CBN74544.1
Ec-16_002770,Esi_0030_0032,D8LKF5,CBN74545.1
,Esi_0030_0034,D8LKF6,CBN74546.1
Ec-16_002790,Esi_0030_0036,D8LKF7,CBN74547.1
Ec-16_002810,Esi_0030_0039,D8LKF8,CBN74548.1
Ec-16_002820,Esi_0030_0041,D8LKF9,CBN74549.1
Ec-16_002840,Esi_0030_0042,D8LKG0,CBN74550.1
,Esi_0030_0044,D8LKG1,CBN74551.1
Ec-16_002850,Esi_0030_0045,D8LKG2,CBN74552.1
Ec-16_002860,Esi_0030_0048,D8LKG3,CBN74553.1
Ec-16_002870,Esi_0030_0050,D8LKG4,CBN74554.1
Ec-16_002880,Esi_0030_0053,D8LKG5,CBN74555.1
Ec-16_002890,Esi_0030_0055,D8LKG6,CBN74556.1
Ec-16_002900,Esi_0030_0056,D8LKG7,CBN74557.1
Ec-16_002910,Esi_0030_0057,D8LKG8,CBN74558.1
Ec-16_002920,Esi_0030_0058,D8LKG9,CBN74559.1
Ec-16_002930,Esi_0030_0060,D8LKH0,CBN74560.1
Ec-16_002940,Esi_0030_0064,D8LKH1,CBN74561.1
Ec-16_002950,Esi_0030_0066,D8LKH2,CBN74562.1
Ec-16_002960,Esi_0030_0069,D8LKH3,CBN74563.1
Ec-16_002970,Esi_0030_0070,D8LKH4,CBN74564.1
Ec-16_002980,Esi_0030_0073,D8LKH5,CBN74565.1
Ec-16_002990,Esi_0030_0075,D8LKH6,CBN74566.1
Ec-16_003000,Esi_0030_0076,D8LKH7,CBN74567.1
Ec-16_003010,Esi_0030_0077,D8LKH8,CBN74568.1
Ec-16_003020,Esi_0030_0080,D8LKH9,CBN74569.1
Ec-16_003030,Esi_0030_0082,D8LKI0,CBN74570.1
Ec-16_003040,Esi_0030_0083,D8LKI1,CBN74571.1
Ec-16_003050,Esi_0030_0086,D8LKI2,CBN74572.1
Ec-16_003060,Esi_0030_0088,D8LKI3,CBN74573.1
Ec-16_003070,Esi_0030_0090,D8LKI4,CBN74574.1
Ec-16_003090,Esi_0030_0091,D8LKI5,CBN74575.1
Ec-16_003100,Esi_0030_0092,D8LKI6,CBN74576.1
Ec-16_003110,Esi_0030_0093,D8LKI7,CBN74577.1
Ec-16_003120,Esi_0030_0095,D8LKI8,CBN74578.1
,Esi_0030_0100,D8LKI9,CBN74579.1
Ec-16_003140,Esi_0030_0101,D8LKJ0,CBN74580.1
Ec-16_003150,Esi_0030_0102,D8LKJ1,CBN74581.1
Ec-16_003160,Esi_0030_0103,D8LKJ2,CBN74582.1
Ec-16_003170,Esi_0030_0104,D8LKJ3,CBN74583.1
Ec-16_003180,Esi_0030_0105,D8LKJ4,CBN74584.1
Ec-16_003190,Esi_0030_0106,D8LKJ5,CBN74585.1
Ec-16_003200,Esi_0030_0108,D8LKJ6,CBN74586.1
Ec-16_003210,Esi_0030_0111,D8LKJ7,CBN74587.1
Ec-16_003220,Esi_0030_0112,D8LKJ8,CBN74588.1
Ec-16_003240,Esi_0030_0124,D8LKJ9,CBN74589.1
Ec-16_003250,Esi_0030_0125,D8LKK0,CBN74590.1
Ec-16_003260,Esi_0030_0126,D8LKK1,CBN74591.1
Ec-16_003270,Esi_0030_0130,D8LKK2,CBN74592.1
Ec-16_003280,Esi_0030_0133,D8LKK3,CBN74593.1
Ec-16_003290,Esi_0030_0134,D8LKK4,CBN74594.1
Ec-16_003300,Esi_0030_0135,D8LKK5,CBN74595.1
Ec-16_003310,Esi_0030_0136,D8LKK6,CBN74596.1
Ec-16_003320,Esi_0030_0138,D8LKK7,CBN74597.1
Ec-16_003330,Esi_0030_0139,D8LKK8,CBN74598.1
Ec-16_003350,Esi_0030_0140,D8LKK9,CBN74599.1
Ec-16_003360,Esi_0030_0141,D8LKL0,CBN74600.1
Ec-16_003370,Esi_0030_0144,D8LKL1,CBN74601.1
Ec-16_003390,Esi_0030_0147,D8LKL2,CBN74602.1
Ec-16_003400,Esi_0030_0148,D8LKL3,CBN74603.1
Ec-16_003410,Esi_0030_0150,D8LKL4,CBN74604.1
Ec-16_003420,Esi_0030_0153,D8LKL5,CBN74605.1
Ec-16_003430,Esi_0030_0154,D8LKL6,CBN74606.1
Ec-16_003440,Esi_0030_0156,D8LKL7,CBN74607.1
Ec-16_003450,Esi_0030_0157,D8LKL8,CBN74608.1
Ec-16_003460,Esi_0030_0159,D8LKL9,CBN74609.1
Ec-16_003470,Esi_0030_0164,D8LKM0,CBN74610.1
Ec-16_003480,Esi_0030_0165,D8LKM1,CBN74611.1
Ec-16_003490,Esi_0030_0168,D8LKM2,CBN74612.1
Ec-16_003510,Esi_0030_0170,D8LKM3,CBN74613.1
Ec-16_003520,Esi_0030_0172,D8LKM4,CBN74614.1
Ec-16_003550,Esi_0030_0174,D8LKM5,CBN74615.1
Ec-16_003560,Esi_0030_0175,D8LKM6,CBN74616.1
Ec-16_003580,Esi_0030_0176,D8LKM7,CBN74617.1
Ec-16_003590,Esi_0030_0178,D8LKM8,CBN74618.1
Ec-16_003600,Esi_0030_0181,D8LKM9,CBN74619.1
Ec-16_003610,Esi_0030_0182,D8LKN0,CBN74620.1
,Esi_0030_0187,D8LKN1,CBN74621.1
Ec-16_003620,Esi_0030_0189,D8LKN2,CBN74622.1
,Esi_0030_0190,D8LKN3,CBN74623.1
Ec-16_003630,Esi_0030_0191,D8LKN4,CBN74624.1
Ec-16_003500,Esi_0030_0203,,
Ec-16_003570,Esi_0030_0204,,
Ec-16_003340,Esi_0030_0205,,
Ec-16_002780,Esi_0030_0206,,
Ec-16_003080,Esi_0030_0207,,
Ec-16_003130,Esi_0030_0208,,
Ec-16_003530,Esi_0030_0209,,
Ec-16_003540,Esi_0030_0210,,
Ec-16_002800,Esi_0030_0211,,
Ec-16_002830,Esi_0030_0212,,
Ec-16_003230,Esi_0030_0213,,
Ec-16_003380,Esi_0030_0214,,
Ec-11_005330,Esi_0031_0001,D8LKS1,CBN80054.1
,Esi_0031_0007,D8LKS2,CBN80055.1
Ec-11_005340,Esi_0031_0009,D8LKS3,CBN80056.1
Ec-11_005350,Esi_0031_0011,D8LKS4,CBN80057.1
Ec-11_005360,Esi_0031_0015,D8LKS5,CBN80058.1
Ec-11_005380,Esi_0031_0019,D8LKS7,CBN80060.1
Ec-11_005390,Esi_0031_0020,D8LKS8,CBN80061.1
Ec-11_005400,Esi_0031_0022,D8LKS9,CBN80062.1
Ec-11_005410,Esi_0031_0023,D8LKT0,CBN80063.1
Ec-11_005420,Esi_0031_0024,D8LKT1,CBN80064.1
Ec-11_005430,Esi_0031_0025,D8LKT2,CBN80065.1
Ec-11_005440,Esi_0031_0026,D8LKT3,CBN80066.1
Ec-11_005450,Esi_0031_0027,D8LKT4,CBN80067.1
Ec-11_005460,Esi_0031_0028,D8LKT5,CBN80068.1
Ec-11_005470,Esi_0031_0029,D8LKT6,CBN80069.1
Ec-11_005480,Esi_0031_0031,D8LKT7,CBN80070.1
Ec-11_005490,Esi_0031_0032,D8LKT8,CBN80071.1
Ec-11_005510,Esi_0031_0033,D8LKT9,CBN80072.1
Ec-11_005530,Esi_0031_0037,D8LKU0,CBN80073.1
Ec-11_005550,Esi_0031_0038,D8LKU1,CBN80074.1
Ec-11_005560,Esi_0031_0040,D8LKU2,CBN80075.1
Ec-11_005570,Esi_0031_0041,D8LKU3,CBN80076.1
Ec-11_005590,Esi_0031_0043,D8LKU4,CBN80077.1
Ec-11_005610,Esi_0031_0046,D8LKU5,CBN80078.1
Ec-11_005620,Esi_0031_0047,D8LKU6,CBN80079.1
Ec-11_005630,Esi_0031_0048,D8LKU7,CBN80080.1
Ec-11_005640,Esi_0031_0049,D8LKU8,CBN80081.1
Ec-11_005650,Esi_0031_0050,D8LKU9,CBN80082.1
Ec-11_005660,Esi_0031_0053,D8LKV0,CBN80083.1
Ec-11_005670,Esi_0031_0054,D8LKV1,CBN80084.1
Ec-11_005680,Esi_0031_0055,D8LKV2,CBN80085.1
Ec-11_005690,Esi_0031_0056,D8LKV3,CBN80086.1
Ec-11_005700,Esi_0031_0057,D8LKV4,CBN80087.1
Ec-11_005710,Esi_0031_0065,D8LKV5,CBN80088.1
obsolete,Esi_0031_0066,D8LKV6,CBN80089.1
Ec-11_005720,Esi_0031_0067,D8LKV7,CBN80090.1
Ec-11_005730,Esi_0031_0069,D8LKV8,CBN80091.1
Ec-11_005740,Esi_0031_0072,D8LKV9,CBN80092.1
Ec-11_005750,Esi_0031_0073,D8LKW0,CBN80093.1
Ec-11_005770,Esi_0031_0075,D8LKW1,CBN80094.1
Ec-11_005780,Esi_0031_0077,D8LKW2,CBN80095.1
Ec-11_005800,Esi_0031_0079,D8LKW3,CBN80096.1
Ec-11_005810,Esi_0031_0081,D8LKW4,CBN80097.1
Ec-11_005820,Esi_0031_0082,D8LKW5,CBN80098.1
Ec-11_005830,Esi_0031_0088,D8LKW6,CBN80099.1
Ec-11_005840,Esi_0031_0091,D8LKW7,CBN80100.1
Ec-11_005850,Esi_0031_0092,D8LKW8,CBN80101.1
Ec-11_005860,Esi_0031_0093,D8LKW9,CBN80102.1
Ec-11_005870,Esi_0031_0094,D8LKX0,CBN80103.1
Ec-11_005880,Esi_0031_0096,D8LKX1,CBN80104.1
Ec-11_005890,Esi_0031_0097,D8LKX2,CBN80105.1
Ec-11_005900,Esi_0031_0100,D8LKX3,CBN80106.1
Ec-11_005910,Esi_0031_0102,D8LKX4,CBN80107.1
Ec-11_005920,Esi_0031_0104,D8LKX5,CBN80108.1
Ec-11_005930,Esi_0031_0105,D8LKX6,CBN80109.1
Ec-11_005940,Esi_0031_0111,D8LKX7,CBN80110.1
Ec-11_005950,Esi_0031_0114,D8LKX8,CBN80111.1
Ec-11_005960,Esi_0031_0115,D8LKX9,CBN80112.1
Ec-11_005970,Esi_0031_0116,D8LKY0,CBN80113.1
Ec-11_005980,Esi_0031_0121,D8LKY1,CBN80114.1
Ec-11_006000,Esi_0031_0122,D8LKY2,CBN80115.1
Ec-11_006010,Esi_0031_0123,D8LKY3,CBN80116.1
Ec-11_006020,Esi_0031_0124,D8LKY4,CBN80117.1
Ec-11_006030,Esi_0031_0125,D8LKY5,CBN80118.1
Ec-11_006040,Esi_0031_0127,D8LKY6,CBN80119.1
Ec-11_006050,Esi_0031_0129,D8LKY7,CBN80120.1
Ec-11_006060,Esi_0031_0130,D8LKY8,CBN80121.1
Ec-11_006070,Esi_0031_0131,D8LKY9,CBN80122.1
Ec-11_006080,Esi_0031_0132,D8LKZ0,CBN80123.1
Ec-11_006090,Esi_0031_0133,D8LKZ1,CBN80124.1
Ec-11_006100,Esi_0031_0134,D8LKZ2,CBN80125.1
,Esi_0031_0135,D8LKZ3,CBN80126.1
Ec-11_006110,Esi_0031_0136,D8LKZ4,CBN80127.1
Ec-11_006120,Esi_0031_0138,D8LKZ5,CBN80128.1
Ec-11_006130,Esi_0031_0139,D8LKZ6,CBN80129.1
Ec-11_006140,Esi_0031_0140,D8LKZ7,CBN80130.1
Ec-11_006150,Esi_0031_0141,D8LKZ8,CBN80131.1
Ec-11_006160,Esi_0031_0142,D8LKZ9,CBN80132.1
Ec-11_006170,Esi_0031_0143,D8LL00,CBN80133.1
Ec-11_006180,Esi_0031_0144,D8LL01,CBN80134.1
Ec-11_006220,Esi_0031_0148,D8LL02,CBN80135.1
Ec-11_006230,Esi_0031_0150,D8LL03,CBN80136.1
Ec-11_006240,Esi_0031_0152,D8LL04,CBN80137.1
Ec-11_006250,Esi_0031_0154,D8LL05,CBN80138.1
Ec-11_006260,Esi_0031_0155,D8LL06,CBN80139.1
Ec-11_006270,Esi_0031_0156,D8LL07,CBN80140.1
Ec-11_006280,Esi_0031_0160,D8LL08,CBN80141.1
Ec-11_006290,Esi_0031_0162,D8LL09,CBN80142.1
Ec-11_006300,Esi_0031_0168,D8LL10,CBN80143.1
Ec-11_006310,Esi_0031_0170,D8LL11,CBN80144.1
Ec-11_005520,Esi_0031_0186,,
Ec-11_005990,Esi_0031_0187,,
,Esi_0031_0188,D8LKS6,CBN80059.1
Ec-11_005370,Esi_0031_0196,,
Ec-11_005500,Esi_0031_0197,,
Ec-11_005540,Esi_0031_0198,,
Ec-11_005580,Esi_0031_0199,,
Ec-11_005600,Esi_0031_0200,,
Ec-11_005760,Esi_0031_0201,,
Ec-11_005790,Esi_0031_0202,,
Ec-11_006190,Esi_0031_0203,,
Ec-11_006200,Esi_0031_0204,,
Ec-11_006210,Esi_0031_0205,,
Ec-10_003740,Esi_0032_0001,D7FWZ9,CBJ26332.1
Ec-10_003750,Esi_0032_0004,D7FX00,CBJ26333.1
Ec-10_003770,Esi_0032_0010,D7FX01,CBJ26334.1
Ec-10_003790,Esi_0032_0013,D7FX02,CBJ26335.1
Ec-10_003800,Esi_0032_0017,D7FX03,CBJ26336.1
,Esi_0032_0019,D7FX04,CBJ26337.1
Ec-10_003810,Esi_0032_0021,D7FX05,CBJ26338.1
Ec-10_003820,Esi_0032_0024,D7FX06,CBJ26339.1
Ec-10_003830,Esi_0032_0025,D7FX07,CBJ26340.1
Ec-10_003840,Esi_0032_0026,D7FX08,CBJ26341.1
Ec-10_003870,Esi_0032_0037,D7FX09,CBJ26342.1
Ec-10_003880,Esi_0032_0040,D7FX10,CBJ26343.1
Ec-10_003890,Esi_0032_0041,D7FX11,CBJ26344.1
Ec-10_003900,Esi_0032_0042,D7FX12,CBJ26345.1
Ec-10_003910,Esi_0032_0044,D7FX13,CBJ26346.1
Ec-10_003920,Esi_0032_0045,D7FX14,CBJ26347.1
Ec-10_003930,Esi_0032_0046,D7FX15,CBJ26348.1
Ec-10_003940,Esi_0032_0047,D7FX16,CBJ26349.1
Ec-10_003950,Esi_0032_0048,D7FX17,CBJ26350.1
Ec-10_003960,Esi_0032_0050,D7FX18,CBJ26351.1
Ec-10_003970,Esi_0032_0054,D7FX19,CBJ26352.1
,Esi_0032_0055,D7FX20,CBJ26353.1
Ec-10_003980,Esi_0032_0056,D7FX21,CBJ26354.1
,Esi_0032_0057,D7FX22,CBJ26355.1
Ec-10_003990,Esi_0032_0058,D7FX23,CBJ26356.1
Ec-10_004000,Esi_0032_0059,D7FX24,CBJ26357.1
Ec-10_004010,Esi_0032_0064,D7FX25,CBJ26358.1
Ec-10_004020,Esi_0032_0065,D7FX26,CBJ26359.1
Ec-10_004040,Esi_0032_0068,D7FX27,CBJ26360.1
Ec-10_004060,Esi_0032_0070,D7FX28,CBJ26361.1
Ec-10_004070,Esi_0032_0072,D7FX29,CBJ26362.1
Ec-10_004080,Esi_0032_0074,D7FX30,CBJ26363.1
Ec-10_004090,Esi_0032_0075,D7FX31,CBJ26364.1
Ec-10_004100,Esi_0032_0076,D7FX32,CBJ26365.1
Ec-10_004110,Esi_0032_0077,D7FX33,CBJ26366.1
Ec-10_004120,Esi_0032_0078,D7FX34,CBJ26367.1
Ec-10_004130,Esi_0032_0079,D7FX35,CBJ26368.1
Ec-10_004140,Esi_0032_0081,D7FX36,CBJ26369.1
Ec-10_004150,Esi_0032_0082,D7FX37,CBJ26370.1
Ec-10_004160,Esi_0032_0084,D7FX38,CBJ26371.1
Ec-10_004180,Esi_0032_0088,D7FX39,CBJ26372.1
Ec-10_004190,Esi_0032_0089,D7FX40,CBJ26373.1
Ec-10_004210,Esi_0032_0090,D7FX41,CBJ26374.1
Ec-10_004220,Esi_0032_0094,D7FX42,CBJ26375.1
Ec-10_004250,Esi_0032_0097,D7FX43,CBJ26376.1
Ec-10_004260,Esi_0032_0098,D7FX44,CBJ26377.1
Ec-10_004270,Esi_0032_0099,D7FX45,CBJ26378.1
Ec-10_004290,Esi_0032_0101,D7FX46,CBJ26379.1
,Esi_0032_0103,D7FX47,CBJ26380.1
Ec-10_004300,Esi_0032_0104,D7FX48,CBJ26381.1
Ec-10_004310,Esi_0032_0106,D7FX49,CBJ26382.1
Ec-10_004320,Esi_0032_0107,D7FX50,CBJ26383.1
Ec-10_004330,Esi_0032_0109,D7FX51,CBJ26384.1
Ec-10_004340,Esi_0032_0110,D7FX52,CBJ26385.1
,Esi_0032_0112,D7FX53,CBJ26386.1
,Esi_0032_0113,D7FX54,CBJ26387.1
Ec-10_004360,Esi_0032_0114,D7FX55,CBJ26388.1
Ec-10_004370,Esi_0032_0115,D7FX56,CBJ26389.1
Ec-10_004380,Esi_0032_0117,D7FX58,CBJ26391.1
Ec-10_004390,Esi_0032_0118,D7FX59,CBJ26392.1
Ec-10_004400,Esi_0032_0119,D7FX60,CBJ26393.1
Ec-10_004410,Esi_0032_0125,D7FX61,CBJ26394.1
Ec-10_004420,Esi_0032_0127,D7FX62,CBJ26395.1
Ec-10_004440,Esi_0032_0128,D7FX63,CBJ26396.1
Ec-10_004450,Esi_0032_0129,D7FX64,CBJ26397.1
Ec-10_004460,Esi_0032_0130,D7FX65,CBJ26398.1
Ec-10_004470,Esi_0032_0131,D7FX66,CBJ26399.1
,Esi_0032_0133,D7FX67,CBJ26400.1
Ec-10_004480,Esi_0032_0135,D7FX68,CBJ26401.1
Ec-10_004500,Esi_0032_0138,D7FX69,CBJ26402.1
,Esi_0032_0139,D7FX70,CBJ26403.1
Ec-10_004510,Esi_0032_0142,D7FX71,CBJ26404.1
Ec-10_004530,Esi_0032_0149,D7FX72,CBJ26405.1
Ec-10_004540,Esi_0032_0150,D7FX73,CBJ26406.1
Ec-10_004550,Esi_0032_0152,D7FX74,CBJ26407.1
,Esi_0032_0153,D7FX75,CBJ26408.1
Ec-10_004560,Esi_0032_0157,D7FX76,CBJ26409.1
Ec-10_004580,Esi_0032_0159,D7FX77,CBJ26410.1
Ec-10_004590,Esi_0032_0160,D7FX78,CBJ26411.1
Ec-10_004600,Esi_0032_0161,D7FX79,CBJ26412.1
Ec-10_004050,Esi_0032_0176,,
,Esi_0032_0177,D7FX57,CBJ26390.1
Ec-10_004280,Esi_0032_0179,,
Ec-10_004490,Esi_0032_0180,,
Ec-10_004230,Esi_0032_0181,,
Ec-10_004430,Esi_0032_0182,,
Ec-10_004570,Esi_0032_0183,,
Ec-10_003850,Esi_0032_0184,,
Ec-10_003860,Esi_0032_0185,,
Ec-10_003760,Esi_0032_0186,,
Ec-10_004030,Esi_0032_0187,,
Ec-10_004170,Esi_0032_0188,,
Ec-10_003780,Esi_0032_0189,,
Ec-10_004200,Esi_0032_0190,,
Ec-10_004240,Esi_0032_0191,,
Ec-10_004350,Esi_0032_0192,,
Ec-10_004520,Esi_0032_0193,,
Ec-28_001560,Esi_0033_0001,D7FXP6,CBJ26413.1
Ec-28_001570,Esi_0033_0002,D7FXP7,CBJ26414.1
Ec-28_001580,Esi_0033_0003,D7FXP8,CBJ26415.1
Ec-28_001660,Esi_0033_0005,D7FXP9,CBJ26416.1
Ec-28_001670,Esi_0033_0006,D7FXQ0,CBJ26417.1
Ec-28_001680,Esi_0033_0009,D7FXQ1,CBJ26418.1
Ec-28_001690,Esi_0033_0010,D7FXQ2,CBJ26419.1
Ec-28_001700,Esi_0033_0011,D7FXQ3,CBJ26420.1
Ec-28_001710,Esi_0033_0013,D7FXQ4,CBJ26421.1
Ec-28_001730,Esi_0033_0016,D7FXQ5,CBJ26422.1
Ec-28_001750,Esi_0033_0017,D7FXQ6,CBJ26423.1
Ec-28_001760,Esi_0033_0018,D7FXQ7,CBJ26424.1
Ec-28_001770,Esi_0033_0019,D7FXQ8,CBJ26425.1
Ec-28_001780,Esi_0033_0020,D7FXI5,CBJ26426.1
Ec-28_001790,Esi_0033_0021,D7FXI6,CBJ26427.1
Ec-28_001800,Esi_0033_0024,D7FXI7,CBJ26428.1
Ec-28_001820,Esi_0033_0025,D7FXI8,CBJ26429.1
Ec-28_001830,Esi_0033_0032,D7FXI9,CBJ26430.1
Ec-28_001850,Esi_0033_0034,D7FXJ0,CBJ26431.1
Ec-28_001870,Esi_0033_0040,D7FXJ1,CBJ26432.1
Ec-28_001890,Esi_0033_0042,D7FXJ2,CBJ26433.1
Ec-28_001900,Esi_0033_0043,D7FXJ3,CBJ26434.1
Ec-28_001920,Esi_0033_0046,D7FXJ4,CBJ26435.1
Ec-28_001940,Esi_0033_0051,D7FXJ5,CBJ26436.1
Ec-28_001950,Esi_0033_0054,D7FXJ6,CBJ26437.1
Ec-28_001960,Esi_0033_0055,D7FXJ7,CBJ26438.1
Ec-28_001970,Esi_0033_0057,D7FXJ8,CBJ26439.1
Ec-28_001980,Esi_0033_0059,D7FXJ9,CBJ26440.1
Ec-28_001990,Esi_0033_0060,D7FXK0,CBJ26441.1
Ec-28_002010,Esi_0033_0062,D7FXK1,CBJ26442.1
Ec-28_002020,Esi_0033_0066,D7FXK2,CBJ26443.1
Ec-28_002030,Esi_0033_0067,D7FXK3,CBJ26444.1
Ec-28_002040,Esi_0033_0068,D7FXK4,CBJ26445.1
Ec-28_002050,Esi_0033_0070,D7FXK5,CBJ26446.1
Ec-28_002060,Esi_0033_0074,D7FXK6,CBJ26447.1
Ec-28_002070,Esi_0033_0079,D7FIE6,CBJ26448.1
Ec-28_002090,Esi_0033_0086,D7FXK8,CBJ26449.1
Ec-28_002100,Esi_0033_0088,D7FXK9,CBJ26450.1
Ec-28_002110,Esi_0033_0089,D7FXL0,CBJ26451.1
Ec-28_002120,Esi_0033_0090,D7FXL1,CBJ26452.1
Ec-28_002130,Esi_0033_0091,D7FXL2,CBJ26453.1
Ec-28_002140,Esi_0033_0092,D7FXL3,CBJ26454.1
Ec-28_002150,Esi_0033_0093,D7FXL4,CBJ26455.1
Ec-28_002160,Esi_0033_0096,D7FXL5,CBJ26456.1
Ec-28_002170,Esi_0033_0097,D7FXL6,CBJ26457.1
Ec-28_002180,Esi_0033_0100,D7FXL7,CBJ26458.1
Ec-28_002190,Esi_0033_0104,D7FXL8,CBJ26459.1
Ec-28_002230,Esi_0033_0105,D7FXL9,CBJ26460.1
Ec-28_002250,Esi_0033_0106,D7FXM0,CBJ26461.1
Ec-28_002260,Esi_0033_0108,D7FXM1,CBJ26462.1
Ec-28_002270,Esi_0033_0110,D7FXM2,CBJ26463.1
Ec-28_002280,Esi_0033_0112,D7FXM3,CBJ26464.1
Ec-28_002290,Esi_0033_0113,D7FXM4,CBJ26465.1
Ec-28_002300,Esi_0033_0116,D7FXM5,CBJ26466.1
Ec-28_002310,Esi_0033_0117,D7FXM6,CBJ26467.1
Ec-28_002330,Esi_0033_0118,D7FXM7,CBJ26468.1
Ec-28_002350,Esi_0033_0119,D7FXM8,CBJ26469.1
Ec-28_002360,Esi_0033_0120,D7FXM9,CBJ26470.1
Ec-28_002370,Esi_0033_0121,D7FXN0,CBJ26471.1
Ec-28_002380,Esi_0033_0124,D7FXN1,CBJ26472.1
Ec-28_002390,Esi_0033_0126,D7FXN2,CBJ26473.1
Ec-28_002400,Esi_0033_0127,D7FXN3,CBJ26474.1
Ec-28_002410,Esi_0033_0128,D7FXN4,CBJ26475.1
Ec-28_002420,Esi_0033_0131,D7FXN5,CBJ26476.1
Ec-28_002430,Esi_0033_0132,D7FXN6,CBJ26477.1
Ec-28_002440,Esi_0033_0138,D7FXN7,CBJ26478.1
Ec-28_002450,Esi_0033_0140,D7FXN8,CBJ26479.1
Ec-28_002460,Esi_0033_0141,D7FXN9,CBJ26480.1
Ec-28_002470,Esi_0033_0142,D7FXP0,CBJ26481.1
,Esi_0033_0143,D7FXP1,CBJ26482.1
,Esi_0033_0145,D7FXP2,CBJ26483.1
Ec-28_002490,Esi_0033_0150,D7FXP3,CBJ26484.1
Ec-28_002500,Esi_0033_0153,D7FXP4,CBJ26485.1
Ec-28_002510,Esi_0033_0154,D7FXP5,CBJ26486.1
Ec-28_001930,Esi_0033_0173,,
Ec-28_001590,Esi_0033_0181,,
Ec-28_001600,Esi_0033_0182,,
Ec-28_001610,Esi_0033_0183,,
Ec-28_001620,Esi_0033_0184,,
Ec-28_001630,Esi_0033_0185,,
Ec-28_001640,Esi_0033_0186,,
Ec-28_001860,Esi_0033_0187,,
Ec-28_001650,Esi_0033_0188,,
Ec-28_001880,Esi_0033_0189,,
Ec-28_002210,Esi_0033_0190,,
Ec-28_002220,Esi_0033_0191,,
Ec-28_001720,Esi_0033_0192,,
Ec-28_001740,Esi_0033_0193,,
Ec-28_001810,Esi_0033_0194,,
Ec-28_001840,Esi_0033_0195,,
Ec-28_001910,Esi_0033_0196,,
Ec-28_002000,Esi_0033_0197,,
Ec-28_002080,Esi_0033_0198,,
Ec-28_002200,Esi_0033_0199,,
Ec-28_002240,Esi_0033_0200,,
Ec-28_002320,Esi_0033_0201,,
Ec-28_002340,Esi_0033_0202,,
Ec-28_002480,Esi_0033_0203,,
Ec-24_003820,Esi_0034_0004,D7FY48,CBJ26487.1
Ec-24_003810,Esi_0034_0005,D7FY49,CBJ26488.1
Ec-24_003790,Esi_0034_0007,D7FY50,CBJ26489.1
Ec-24_003780,Esi_0034_0011,D7FY51,CBJ26490.1
Ec-24_003770,Esi_0034_0015,D7FY52,CBJ26491.1
Ec-24_003760,Esi_0034_0024,D7FY53,CBJ26492.1
Ec-24_003740,Esi_0034_0035,D7FY54,CBJ26493.1
Ec-24_003730,Esi_0034_0038,D7FY55,CBJ26494.1
Ec-24_003720,Esi_0034_0039,D7FY56,CBJ26495.1
Ec-24_003710,Esi_0034_0043,D7FY57,CBJ26496.1
Ec-24_003700,Esi_0034_0044,D7FY58,CBJ26497.1
,Esi_0034_0045,D7FY59,CBJ26498.1
Ec-24_003690,Esi_0034_0046,D7FY60,CBJ26499.1
Ec-24_003680,Esi_0034_0047,D7FY61,CBJ26500.1
Ec-24_003670,Esi_0034_0048,D7FY62,CBJ26501.1
Ec-24_003660,Esi_0034_0049,D7FY63,CBJ26502.1
Ec-24_003650,Esi_0034_0054,D7FY64,CBJ26503.1
Ec-24_003640,Esi_0034_0055,D7FY65,CBJ26504.1
Ec-24_003630,Esi_0034_0057,D7FY66,CBJ26505.1
Ec-24_003610,Esi_0034_0058,D7FY67,CBJ26506.1
Ec-24_003600,Esi_0034_0059,D7FY68,CBJ26507.1
Ec-24_003590,Esi_0034_0060,D7FY69,CBJ26508.1
Ec-24_003580,Esi_0034_0063,D7FY70,CBJ26509.1
Ec-24_003570,Esi_0034_0064,D7FY71,CBJ26510.1
Ec-24_003560,Esi_0034_0065,D7FY72,CBJ26511.1
Ec-24_003550,Esi_0034_0066,D7FY73,CBJ26512.1
Ec-24_003540,Esi_0034_0071,D7FY74,CBJ26513.1
Ec-24_003530,Esi_0034_0073,D7FY75,CBJ26514.1
Ec-24_003520,Esi_0034_0074,D7FY76,CBJ26515.1
Ec-24_003510,Esi_0034_0075,D7FY77,CBJ26516.1
Ec-24_003500,Esi_0034_0076,D7FY78,CBJ26517.1
Ec-24_003490,Esi_0034_0078,D7FY79,CBJ26518.1
Ec-24_003480,Esi_0034_0080,D7FY80,CBJ26519.1
Ec-24_003470,Esi_0034_0081,D7FY81,CBJ26520.1
Ec-24_003460,Esi_0034_0083,D7FY82,CBJ26521.1
Ec-24_003450,Esi_0034_0084,D7FY83,CBJ26522.1
Ec-24_003440,Esi_0034_0086,D7FY84,CBJ26523.1
,Esi_0034_0087,D7FY85,CBJ26524.1
Ec-24_003430,Esi_0034_0089,D7FY86,CBJ26525.1
Ec-24_003410,Esi_0034_0090,D7FY87,CBJ26526.1
Ec-24_003400,Esi_0034_0091,D7FY88,CBJ26527.1
Ec-24_003380,Esi_0034_0095,D7FY89,CBJ26528.1
Ec-24_003370,Esi_0034_0101,D7FY90,CBJ26529.1
Ec-24_003360,Esi_0034_0105,D7FY91,CBJ26530.1
Ec-24_003350,Esi_0034_0106,D7FY92,CBJ26531.1
Ec-24_003340,Esi_0034_0107,D7FY93,CBJ26532.1
Ec-24_003310,Esi_0034_0113,D7FY94,CBJ26533.1
Ec-24_003300,Esi_0034_0115,D7FY95,CBJ26534.1
Ec-24_003290,Esi_0034_0116,D7FY96,CBJ26535.1
Ec-24_003280,Esi_0034_0117,D7FY97,CBJ26536.1
Ec-24_003270,Esi_0034_0119,D7FY98,CBJ26537.1
Ec-24_003260,Esi_0034_0123,D7FY99,CBJ26538.1
Ec-24_003250,Esi_0034_0124,D7FYA0,CBJ26539.1
,Esi_0034_0126,D7FYA1,CBJ26540.1
Ec-24_003230,Esi_0034_0127,D7FYA2,CBJ26541.1
Ec-24_003220,Esi_0034_0128,D7FYA3,CBJ26542.1
Ec-24_003210,Esi_0034_0130,D7FYA4,CBJ26543.1
Ec-24_003200,Esi_0034_0131,D7FYA5,CBJ26544.1
Ec-24_003190,Esi_0034_0133,D7FYA6,CBJ26545.1
Ec-24_003180,Esi_0034_0134,D7FYA7,CBJ26546.1
Ec-24_003170,Esi_0034_0135,D7FYA8,CBJ26547.1
Ec-24_003160,Esi_0034_0144,D7FYA9,CBJ26548.1
Ec-24_003150,Esi_0034_0147,D7FYB0,CBJ26549.1
Ec-24_003140,Esi_0034_0150,D7FYB1,CBJ26550.1
Ec-24_003130,Esi_0034_0151,D7FYB2,CBJ26551.1
Ec-24_003120,Esi_0034_0155,D7FYB3,CBJ26552.1
Ec-24_003110,Esi_0034_0160,D7FYB4,CBJ26553.1
Ec-24_003100,Esi_0034_0163,D7FYB5,CBJ26554.1
,Esi_0034_0164,D7FYB6,CBJ26555.1
,Esi_0034_0165,D7FYB7,CBJ26556.1
Ec-24_003080,Esi_0034_0167,D7FYB8,CBJ26557.1
Ec-24_003420,Esi_0034_0187,,
Ec-24_003800,Esi_0034_0190,,
Ec-24_003390,Esi_0034_0191,,
Ec-24_003330,Esi_0034_0192,,
Ec-24_003320,Esi_0034_0193,,
Ec-24_003750,Esi_0034_0194,,
Ec-24_003850,Esi_0034_0195,,
Ec-24_003840,Esi_0034_0196,,
Ec-24_003620,Esi_0034_0197,,
Ec-24_003830,Esi_0034_0198,,
Ec-24_003240,Esi_0034_0199,,
Ec-24_003090,Esi_0034_0200,,
Ec-19_002220,Esi_0035_0009,D7FYR6,CBJ26558.1
Ec-19_002230,Esi_0035_0012,D7FYR7,CBJ26559.1
Ec-19_002250,Esi_0035_0019,D7FYR8,CBJ26560.1
Ec-19_002280,Esi_0035_0024,D7FYR9,CBJ26561.1
Ec-19_002290,Esi_0035_0026,D7FYS0,CBJ26562.1
Ec-19_002300,Esi_0035_0027,D7FYS1,CBJ26563.1
Ec-19_002310,Esi_0035_0028,D7FYS2,CBJ26564.1
Ec-19_002320,Esi_0035_0029,D7FYS3,CBJ26565.1
Ec-19_002330,Esi_0035_0030,D7FYS4,CBJ26566.1
Ec-19_002340,Esi_0035_0031,D7FYS5,CBJ26567.1
Ec-19_002350,Esi_0035_0032,D7FYS6,CBJ26568.1
Ec-19_002360,Esi_0035_0033,D7FYS7,CBJ26569.1
Ec-19_002370,Esi_0035_0035,D7FYS8,CBJ26570.1
Ec-19_002380,Esi_0035_0036,D7FYS9,CBJ26571.1
Ec-19_002390,Esi_0035_0037,D7FYT0,CBJ26572.1
Ec-19_002400,Esi_0035_0038,D7FYT1,CBJ26573.1
Ec-19_002410,Esi_0035_0039,D7FYT2,CBJ26574.1
Ec-19_002420,Esi_0035_0041,D7FYT3,CBJ26575.1
Ec-19_002430,Esi_0035_0048,D7FYT4,CBJ26576.1
Ec-19_002440,Esi_0035_0049,D7FYT5,CBJ26577.1
Ec-19_002450,Esi_0035_0050,D7FYT6,CBJ26578.1
Ec-19_002460,Esi_0035_0053,D7FYT7,CBJ26579.1
Ec-19_002470,Esi_0035_0054,D7FYT8,CBJ26580.1
Ec-19_002480,Esi_0035_0057,D7FYT9,CBJ26581.1
,Esi_0035_0070,D7FYU0,CBJ26582.1
Ec-19_002490,Esi_0035_0072,D7FYU1,CBJ26583.1
,Esi_0035_0073,D7FYU2,CBJ26584.1
Ec-19_002500,Esi_0035_0075,D7FYU3,CBJ26585.1
Ec-19_002510,Esi_0035_0076,D7FYU4,CBJ26586.1
Ec-19_002520,Esi_0035_0077,D7FYU5,CBJ26587.1
Ec-19_002530,Esi_0035_0078,D7FYU6,CBJ26588.1
Ec-19_002540,Esi_0035_0079,D7FYU7,CBJ26589.1
Ec-19_002560,Esi_0035_0090,D7FYU8,CBJ26590.1
Ec-19_002570,Esi_0035_0092,D7FYU9,CBJ26591.1
Ec-19_002580,Esi_0035_0093,D7FYV0,CBJ26592.1
Ec-19_002590,Esi_0035_0094,D7FYV1,CBJ26593.1
Ec-19_002600,Esi_0035_0095,D7FYV2,CBJ26594.1
Ec-19_002610,Esi_0035_0100,D7FYV3,CBJ26595.1
Ec-19_002610,Esi_0035_0101,D7FYV4,CBJ26596.1
Ec-19_002620,Esi_0035_0103,D7FYV5,CBJ26597.1
Ec-19_002630,Esi_0035_0104,D7FYV6,CBJ26598.1
Ec-19_002640,Esi_0035_0106,D7FYV7,CBJ26599.1
Ec-19_002650,Esi_0035_0107,D7FYV8,CBJ26600.1
Ec-19_002660,Esi_0035_0108,D7FYV9,CBJ26601.1
Ec-19_002680,Esi_0035_0111,D7FYW0,CBJ26602.1
Ec-19_002690,Esi_0035_0113,D7FYW1,CBJ26603.1
Ec-19_002700,Esi_0035_0114,D7FYW2,CBJ26604.1
Ec-19_002710,Esi_0035_0115,D7FYW3,CBJ26605.1
,Esi_0035_0116,D7FYW4,CBJ26606.1
Ec-19_002720,Esi_0035_0117,D7FYW5,CBJ26607.1
Ec-19_002730,Esi_0035_0119,D7FYW6,CBJ26608.1
Ec-19_002740,Esi_0035_0120,D7FYW7,CBJ26609.1
Ec-19_002750,Esi_0035_0121,D7FYW8,CBJ26610.1
Ec-19_002760,Esi_0035_0122,D7FYW9,CBJ26611.1
Ec-19_002770,Esi_0035_0123,D7FYX0,CBJ26612.1
Ec-19_002790,Esi_0035_0124,D7FYX1,CBJ26613.1
Ec-19_002800,Esi_0035_0125,D7FYX2,CBJ26614.1
Ec-19_002810,Esi_0035_0126,D7FYX3,CBJ26615.1
Ec-19_002840,Esi_0035_0129,D7FYX4,CBJ26616.1
Ec-19_002850,Esi_0035_0130,D7FYX5,CBJ26617.1
Ec-19_002860,Esi_0035_0131,D7FYX6,CBJ26618.1
Ec-19_002870,Esi_0035_0132,D7FYX7,CBJ26619.1
Ec-19_002880,Esi_0035_0137,D7FYX8,CBJ26620.1
Ec-19_002890,Esi_0035_0139,D7FYX9,CBJ26621.1
Ec-19_002900,Esi_0035_0140,D7FYY0,CBJ26622.1
Ec-19_002910,Esi_0035_0142,D7FYY1,CBJ26623.1
Ec-19_002920,Esi_0035_0143,D7FYY2,CBJ26624.1
Ec-19_002930,Esi_0035_0144,D7FYY3,CBJ26625.1
Ec-19_002950,Esi_0035_0148,D7FYY4,CBJ26626.1
Ec-19_002960,Esi_0035_0149,D7FYY5,CBJ26627.1
Ec-19_002970,Esi_0035_0150,D7FYY6,CBJ26628.1
Ec-19_002980,Esi_0035_0155,D7FYY7,CBJ26629.1
Ec-19_003010,Esi_0035_0156,D7FYY8,CBJ26630.1
Ec-19_003020,Esi_0035_0157,D7FYY9,CBJ26631.1
Ec-19_003030,Esi_0035_0159,D7FYZ0,CBJ26632.1
Ec-19_002940,Esi_0035_0178,,
Ec-19_002550,Esi_0035_0179,,
Ec-19_002240,Esi_0035_0180,,
Ec-19_002670,Esi_0035_0181,,
Ec-19_002780,Esi_0035_0182,,
Ec-19_002820,Esi_0035_0183,,
Ec-19_002830,Esi_0035_0184,,
Ec-19_002260,Esi_0035_0185,,
Ec-19_002270,Esi_0035_0186,,
Ec-19_002990,Esi_0035_0187,,
Ec-19_003000,Esi_0035_0188,,
Ec-27_001590,Esi_0036_0001,D8LL86,CBN77084.1
Ec-27_001600,Esi_0036_0002,D8LL87,CBN77085.1
Ec-27_001690,Esi_0036_0006,D8LL88,CBN77086.1
Ec-27_001700,Esi_0036_0008,D8LL89,CBN77087.1
Ec-27_001730,Esi_0036_0011,D8LL90,CBN77088.1
Ec-27_001750,Esi_0036_0012,D8LL91,CBN77089.1
Ec-27_001760,Esi_0036_0013,D8LL92,CBN77090.1
Ec-27_001770,Esi_0036_0014,D8LL93,CBN77091.2
Ec-27_001780,Esi_0036_0016,D8LL94,CBN77092.1
Ec-27_001800,Esi_0036_0017,D8LL95,CBN77093.1
,Esi_0036_0018,D8LL96,CBN77094.1
Ec-27_001810,Esi_0036_0020,D8LL97,CBN77095.1
Ec-27_001830,Esi_0036_0021,D8LL98,CBN77096.1
,Esi_0036_0022,D8LL99,CBN77097.1
Ec-27_001840,Esi_0036_0023,D8LLA0,CBN77098.1
Ec-27_001850,Esi_0036_0026,D8LLA1,CBN77099.1
Ec-27_001860,Esi_0036_0029,D8LLA2,CBN77100.1
,Esi_0036_0035,D8LLA3,CBN77101.1
Ec-27_001880,Esi_0036_0040,D8LLA4,CBN77102.1
Ec-27_001890,Esi_0036_0041,D8LLA5,CBN77103.1
Ec-27_001900,Esi_0036_0043,D8LLA6,CBN77104.1
Ec-27_001910,Esi_0036_0044,D8LLA7,CBN77105.1
Ec-27_001920,Esi_0036_0046,D8LLA8,CBN77106.1
Ec-27_001930,Esi_0036_0047,D8LLA9,CBN77107.1
Ec-27_001940,Esi_0036_0049,D8LLB0,CBN77108.1
Ec-27_001950,Esi_0036_0051,D8LLB1,CBN77109.1
Ec-27_001960,Esi_0036_0052,D8LLB2,CBN77110.1
Ec-27_001970,Esi_0036_0054,D8LLB3,CBN77111.1
Ec-27_001980,Esi_0036_0055,D8LLB4,CBN77112.1
Ec-27_001990,Esi_0036_0056,D8LLB5,CBN77113.1
Ec-27_002000,Esi_0036_0058,D8LLB6,CBN77114.1
Ec-27_002010,Esi_0036_0059,D8LLB7,CBN77115.1
Ec-27_002020,Esi_0036_0062,D8LLB8,CBN77116.1
Ec-27_002030,Esi_0036_0067,D8LLB9,CBN77117.1
Ec-27_002040,Esi_0036_0068,D8LLC0,CBN77118.1
Ec-27_002070,Esi_0036_0073,D8LLC1,CBN77119.1
Ec-27_002080,Esi_0036_0076,D8LLC2,CBN77120.1
Ec-27_002090,Esi_0036_0077,D8LLC3,CBN77121.1
Ec-27_002100,Esi_0036_0078,D8LLC4,CBN77122.1
Ec-27_002110,Esi_0036_0080,D8LLC5,CBN77123.1
Ec-27_002130,Esi_0036_0082,D8LLC6,CBN77124.1
Ec-27_002140,Esi_0036_0086,D8LLC7,CBN77125.1
Ec-27_002150,Esi_0036_0088,D8LLC8,CBN77126.1
Ec-27_002160,Esi_0036_0089,D8LLC9,CBN77127.1
obsolete,Esi_0036_0090,D8LLD0,CBN77128.1
Ec-27_002180,Esi_0036_0091,D8LLD1,CBN77129.1
Ec-27_002200,Esi_0036_0093,D8LLD2,CBN77130.1
Ec-27_002210,Esi_0036_0094,D8LLD3,CBN77131.1
Ec-27_002220,Esi_0036_0096,D8LLD4,CBN77132.1
Ec-27_002230,Esi_0036_0098,D8LLD5,CBN77133.1
Ec-27_002240,Esi_0036_0099,D8LLD6,CBN77134.1
Ec-27_002250,Esi_0036_0106,D8LLD7,CBN77135.1
Ec-27_002260,Esi_0036_0107,D8LLD8,CBN77136.1
Ec-27_002270,Esi_0036_0109,D8LLD9,CBN77137.1
Ec-27_002280,Esi_0036_0110,D8LLE0,CBN77138.1
Ec-27_002290,Esi_0036_0112,D8LLE1,CBN77139.1
Ec-27_002300,Esi_0036_0120,D8LLE2,CBN77140.1
Ec-27_002310,Esi_0036_0121,D8LLE3,CBN77141.1
Ec-27_002320,Esi_0036_0123,D8LLE4,CBN77142.1
Ec-27_002330,Esi_0036_0125,D8LLE5,CBN77143.1
Ec-27_002350,Esi_0036_0127,D8LLE6,CBN77144.1
Ec-27_002360,Esi_0036_0130,D8LLE7,CBN77145.1
Ec-27_002370,Esi_0036_0131,D8LLE8,CBN77146.1
Ec-27_002380,Esi_0036_0132,D8LLE9,CBN77147.1
Ec-27_002390,Esi_0036_0133,D8LLF0,CBN77148.1
Ec-27_002410,Esi_0036_0136,D8LLF1,CBN77149.1
Ec-27_002420,Esi_0036_0138,D8LLF2,CBN77150.1
Ec-27_002430,Esi_0036_0139,D8LLF3,CBN77151.1
Ec-27_002440,Esi_0036_0140,D8LLF4,CBN77152.1
Ec-27_002450,Esi_0036_0141,D8LLF5,CBN77153.1
Ec-27_002460,Esi_0036_0143,D8LLF6,CBN77154.1
Ec-27_002470,Esi_0036_0144,D8LLF7,CBN77155.1
Ec-27_002480,Esi_0036_0145,D8LLF8,CBN77156.1
Ec-27_002490,Esi_0036_0146,D8LLF9,CBN77157.1
Ec-27_002500,Esi_0036_0147,D8LLG0,CBN77158.1
Ec-27_002510,Esi_0036_0149,D8LLG1,CBN77159.1
Ec-27_002520,Esi_0036_0150,D8LLG2,CBN77160.1
Ec-27_002530,Esi_0036_0151,D8LLG3,CBN77161.1
Ec-27_002540,Esi_0036_0152,D8LLG4,CBN77162.1
Ec-27_002550,Esi_0036_0155,D8LLG5,CBN77163.1
Ec-27_001610,Esi_0036_0169,,
Ec-27_001620,Esi_0036_0170,,
Ec-27_001630,Esi_0036_0171,,
Ec-27_001640,Esi_0036_0172,,
Ec-27_001650,Esi_0036_0173,,
Ec-27_001660,Esi_0036_0174,,
Ec-27_001670,Esi_0036_0175,,
Ec-27_001680,Esi_0036_0176,,
Ec-27_001820,Esi_0036_0177,,
Ec-27_002190,Esi_0036_0178,,
Ec-27_001710,Esi_0036_0184,,
Ec-27_001740,Esi_0036_0185,,
Ec-27_002340,Esi_0036_0186,,
Ec-27_002560,Esi_0036_0187,,
Ec-27_002170,Esi_0036_0188,,
Ec-27_001790,Esi_0036_0189,,
Ec-27_001870,Esi_0036_0190,,
Ec-27_002050,Esi_0036_0191,,
Ec-27_002060,Esi_0036_0192,,
Ec-27_002120,Esi_0036_0193,,
Ec-27_001720,Esi_0036_0194,,
Ec-27_002400,Esi_0036_0195,,
Ec-04_005640,Esi_0037_0002,D8LLJ4,CBN74625.1
Ec-04_005630,Esi_0037_0007,D8LLJ5,CBN74626.1
Ec-04_005610,Esi_0037_0008,D8LLJ6,CBN74627.1
Ec-04_005600,Esi_0037_0010,D8LLJ7,CBN74628.1
Ec-04_005590,Esi_0037_0013,D8LLJ8,CBN74629.1
Ec-04_005560,Esi_0037_0016,D8LLJ9,CBN74630.1
,Esi_0037_0018,D8LLK0,CBN74631.1
Ec-04_005530,Esi_0037_0020,D8LLK1,CBN74632.1
Ec-04_005490,Esi_0037_0022,D8LLK2,CBN74633.1
Ec-04_005480,Esi_0037_0025,D8LLK3,CBN74634.1
Ec-04_005470,Esi_0037_0028,D8LLK4,CBN74635.1
Ec-04_005460,Esi_0037_0030,D8LLK5,CBN74636.1
Ec-04_005450,Esi_0037_0032,D8LLK6,CBN74637.1
Ec-04_005440,Esi_0037_0033,D8LLK7,CBN74638.1
Ec-04_005430,Esi_0037_0035,D8LLK8,CBN74639.1
Ec-04_005410,Esi_0037_0037,D8LLK9,CBN74640.1
Ec-04_005380,Esi_0037_0042,D8LLL0,CBN74641.1
Ec-04_005360,Esi_0037_0044,D8LLL1,CBN74642.1
Ec-04_005350,Esi_0037_0046,D8LLL2,CBN74643.1
Ec-04_005340,Esi_0037_0047,D8LLL3,CBN74644.1
Ec-04_005330,Esi_0037_0049,D8LLL4,CBN74645.1
Ec-04_005320,Esi_0037_0050,D8LLL5,CBN74646.1
Ec-04_005300,Esi_0037_0051,D8LLL6,CBN74647.1
,Esi_0037_0053,D8LLL7,CBN74648.1
Ec-04_005290,Esi_0037_0054,D8LLL8,CBN74649.1
Ec-04_005280,Esi_0037_0055,D8LLL9,CBN74650.1
Ec-04_005270,Esi_0037_0056,D8LLM0,CBN74651.1
Ec-04_005240,Esi_0037_0063,D8LLM1,CBN74652.1
Ec-04_005230,Esi_0037_0064,D8LLM2,CBN74653.1
Ec-04_005220,Esi_0037_0067,D8LLM3,CBN74654.1
,Esi_0037_0068,D8LLM4,CBN74655.1
Ec-04_005200,Esi_0037_0069,D8LLM5,CBN74656.1
Ec-04_005180,Esi_0037_0071,D8LLM6,CBN74657.1
Ec-04_005170,Esi_0037_0075,D8LLM7,CBN74658.1
Ec-04_005160,Esi_0037_0077,D8LLM8,CBN74659.1
Ec-04_005150,Esi_0037_0078,D8LLM9,CBN74660.1
Ec-04_005140,Esi_0037_0079,D8LLN0,CBN74661.1
Ec-04_005130,Esi_0037_0080,D8LLN1,CBN74662.1
Ec-04_005100,Esi_0037_0083,D8LLN2,CBN74663.1
Ec-04_005090,Esi_0037_0085,D8LLN3,CBN74664.1
,Esi_0037_0086,D8LLN4,CBN74665.1
Ec-04_005080,Esi_0037_0088,D8LLN5,CBN74666.1
Ec-04_005070,Esi_0037_0089,D8LLN6,CBN74667.1
Ec-04_005060,Esi_0037_0090,D8LLN7,CBN74668.1
Ec-04_005050,Esi_0037_0091,D8LLN8,CBN74669.1
Ec-04_005040,Esi_0037_0092,D8LLN9,CBN74670.1
Ec-04_005030,Esi_0037_0093,D8LLP0,CBN74671.1
Ec-04_005020,Esi_0037_0094,D7FWI8,CBN74672.1
Ec-04_005010,Esi_0037_0095,D8LLP2,CBN74673.1
Ec-04_005000,Esi_0037_0096,D8LLP3,CBN74674.1
Ec-04_004990,Esi_0037_0097,D8LLP4,CBN74675.1
Ec-04_004980,Esi_0037_0098,D8LLP5,CBN74676.1
Ec-04_004960,Esi_0037_0100,D8LLP6,CBN74677.1
Ec-04_004950,Esi_0037_0101,D8LLP7,CBN74678.1
Ec-04_004940,Esi_0037_0103,D8LLP8,CBN74679.1
Ec-04_004930,Esi_0037_0104,D8LLP9,CBN74680.1
Ec-04_004920,Esi_0037_0105,D8LLQ0,CBN74681.1
Ec-04_004910,Esi_0037_0106,D8LLQ1,CBN74682.1
Ec-04_004900,Esi_0037_0107,D8LLQ2,CBN74683.1
Ec-04_004890,Esi_0037_0109,D8LLQ3,CBN74684.1
Ec-04_004880,Esi_0037_0110,D8LLQ4,CBN74685.1
Ec-04_004870,Esi_0037_0111,D8LLQ5,CBN74686.1
Ec-04_004860,Esi_0037_0112,D8LLQ6,CBN74687.1
,Esi_0037_0113,D8LLQ7,CBN74688.1
Ec-04_004850,Esi_0037_0114,D8LLQ8,CBN74689.1
Ec-04_004840,Esi_0037_0115,D8LLQ9,CBN74690.1
Ec-04_004830,Esi_0037_0117,D8LLR0,CBN74691.1
Ec-04_004820,Esi_0037_0118,D8LLR1,CBN74692.1
Ec-04_004810,Esi_0037_0120,D8LLR2,CBN74693.1
Ec-04_004800,Esi_0037_0121,D8LLR3,CBN74694.1
Ec-04_004790,Esi_0037_0122,D8LLR4,CBN74695.1
,Esi_0037_0123,D8LLR5,CBN74696.1
Ec-04_004770,Esi_0037_0124,D8LLR6,CBN74697.1
,Esi_0037_0128,D8LLR7,CBN74698.1
Ec-04_004760,Esi_0037_0130,D8LLR8,CBN74699.1
Ec-04_004750,Esi_0037_0132,D8LLR9,CBN74700.1
Ec-04_004740,Esi_0037_0136,D8LLS0,CBN74701.1
Ec-04_004730,Esi_0037_0137,D8LLS1,CBN74702.1
Ec-04_004710,Esi_0037_0138,D8LLS2,CBN74703.1
Ec-04_004700,Esi_0037_0139,D8LLS3,CBN74704.1
Ec-04_004690,Esi_0037_0140,D8LLS4,CBN74705.1
Ec-04_005260,Esi_0037_0156,,
Ec-04_005620,Esi_0037_0157,,
Ec-04_004970,Esi_0037_0158,,
Ec-04_005580,Esi_0037_0159,,
Ec-04_005550,Esi_0037_0160,,
Ec-04_004780,Esi_0037_0161,,
Ec-04_004720,Esi_0037_0162,,
Ec-04_005540,Esi_0037_0163,,
Ec-04_004680,Esi_0037_0164,,
Ec-04_005520,Esi_0037_0165,,
Ec-04_005510,Esi_0037_0166,,
Ec-04_005500,Esi_0037_0167,,
Ec-04_005650,Esi_0037_0168,,
Ec-04_005420,Esi_0037_0169,,
Ec-04_005400,Esi_0037_0170,,
Ec-04_005390,Esi_0037_0171,,
Ec-04_005370,Esi_0037_0172,,
Ec-04_005310,Esi_0037_0173,,
Ec-04_005250,Esi_0037_0174,,
Ec-04_005210,Esi_0037_0175,,
Ec-04_005190,Esi_0037_0176,,
Ec-04_005120,Esi_0037_0177,,
Ec-04_005110,Esi_0037_0178,,
Ec-04_005570,Esi_0037_0179,,
Ec-14_001760,Esi_0038_0003,D8LLV0,CBN77164.1
Ec-14_001770,Esi_0038_0004,D8LLV1,CBN77165.1
Ec-14_001790,Esi_0038_0008,D8LLV2,CBN77166.1
Ec-14_001800,Esi_0038_0010,D8LLV3,CBN77167.1
Ec-14_001810,Esi_0038_0013,D8LLV4,CBN77168.1
Ec-14_001830,Esi_0038_0015,D8LLV5,CBN77169.1
Ec-14_001840,Esi_0038_0016,D8LLV6,CBN77170.1
Ec-14_001850,Esi_0038_0018,D8LLV7,CBN77171.1
Ec-14_001860,Esi_0038_0019,D8LLV8,CBN77172.1
Ec-14_001870,Esi_0038_0020,D8LLV9,CBN77173.1
Ec-14_001880,Esi_0038_0021,D8LLW0,CBN77174.1
Ec-14_001890,Esi_0038_0022,D8LLW1,CBN77175.2
Ec-14_001910,Esi_0038_0032,D8LLW2,CBN77176.1
Ec-14_001920,Esi_0038_0034,D8LLW3,CBN77177.1
Ec-14_001930,Esi_0038_0035,D8LLW4,CBN77178.1
Ec-14_001940,Esi_0038_0037,D8LLW5,CBN77179.1
Ec-14_001950,Esi_0038_0039,D8LLW6,CBN77180.1
Ec-14_001960,Esi_0038_0040,D8LLW7,CBN77181.1
Ec-14_001970,Esi_0038_0041,D8LLW8,CBN77182.1
Ec-14_001980,Esi_0038_0042,D8LLW9,CBN77183.1
Ec-14_001990,Esi_0038_0043,D8LLX0,CBN77184.1
Ec-14_002000,Esi_0038_0047,D8LLX1,CBN77185.1
Ec-14_002010,Esi_0038_0048,D8LLX2,CBN77186.1
,Esi_0038_0049,D8LLX3,CBN77187.1
Ec-14_002020,Esi_0038_0050,D8LLX4,CBN77188.1
Ec-14_002030,Esi_0038_0051,D8LLX5,CBN77189.1
Ec-14_002030,Esi_0038_0053,D8LLX6,CBN77190.1
Ec-14_002040,Esi_0038_0054,D8LLX7,CBN77191.1
Ec-14_002050,Esi_0038_0055,D8LLX8,CBN77192.1
Ec-14_002060,Esi_0038_0056,D8LLX9,CBN77193.1
Ec-14_002070,Esi_0038_0059,D8LLY0,CBN77194.1
Ec-14_002080,Esi_0038_0063,D8LLY1,CBN77195.1
Ec-14_002090,Esi_0038_0064,D8LLY2,CBN77196.1
Ec-14_002100,Esi_0038_0065,D8LLY3,CBN77197.1
Ec-14_002110,Esi_0038_0066,D8LLY4,CBN77198.1
Ec-14_002120,Esi_0038_0068,D8LLY5,CBN77199.1
Ec-14_002130,Esi_0038_0071,D8LLY6,CBN77200.1
Ec-14_002160,Esi_0038_0073,D8LLY7,CBN77201.1
Ec-14_002170,Esi_0038_0076,D8LLY8,CBN77202.1
Ec-14_002180,Esi_0038_0077,D8LLY9,CBN77203.1
Ec-14_002190,Esi_0038_0079,D8LLZ0,CBN77204.1
Ec-14_002200,Esi_0038_0082,D8LLZ1,CBN77205.1
Ec-14_002210,Esi_0038_0083,D8LLZ2,CBN77206.1
Ec-14_002220,Esi_0038_0085,D8LLZ3,CBN77207.1
Ec-14_002230,Esi_0038_0089,D8LLZ4,CBN77208.1
Ec-14_002240,Esi_0038_0091,D8LLZ5,CBN77209.1
Ec-14_002250,Esi_0038_0093,D8LLZ6,CBN77210.1
Ec-14_002260,Esi_0038_0094,D8LLZ7,CBN77211.1
Ec-14_002270,Esi_0038_0096,D8LLZ8,CBN77212.1
Ec-14_002280,Esi_0038_0097,D8LLZ9,CBN77213.1
Ec-14_002300,Esi_0038_0098,D8LM00,CBN77214.1
Ec-14_002310,Esi_0038_0101,D8LM01,CBN77215.1
Ec-14_002320,Esi_0038_0105,D8LM02,CBN77216.1
Ec-14_002340,Esi_0038_0106,D8LM03,CBN77217.1
Ec-14_002360,Esi_0038_0107,D8LM04,CBN77218.1
Ec-14_002370,Esi_0038_0108,D8LM05,CBN77219.1
Ec-14_002380,Esi_0038_0109,D8LM06,CBN77220.1
Ec-14_002390,Esi_0038_0110,D8LM07,CBN77221.1
Ec-14_002400,Esi_0038_0114,D8LM08,CBN77222.1
Ec-14_002410,Esi_0038_0115,D8LM09,CBN77223.1
Ec-14_002420,Esi_0038_0120,D8LM10,CBN77224.1
Ec-14_002430,Esi_0038_0121,D8LM11,CBN77225.1
Ec-14_002440,Esi_0038_0123,D8LM12,CBN77226.1
Ec-14_002450,Esi_0038_0128,D8LM13,CBN77227.1
Ec-14_002460,Esi_0038_0129,D8LM14,CBN77228.1
Ec-14_002480,Esi_0038_0131,D8LM15,CBN77229.1
Ec-14_002490,Esi_0038_0132,D8LM16,CBN77230.1
Ec-14_002500,Esi_0038_0133,D8LM17,CBN77231.1
Ec-14_002550,Esi_0038_0134,D8LM19,CBN77233.1
Ec-14_002560,Esi_0038_0140,D8LM20,CBN77234.1
Ec-14_002570,Esi_0038_0141,D8LM21,CBN77235.1
Ec-14_002580,Esi_0038_0142,D8LM22,CBN77236.1
Ec-14_002590,Esi_0038_0143,D8LM23,CBN77237.1
Ec-14_002620,Esi_0038_0145,D8LM24,CBN77238.1
Ec-14_002630,Esi_0038_0146,D8LM25,CBN77239.1
Ec-14_002640,Esi_0038_0149,D8LM26,CBN77240.1
Ec-14_002650,Esi_0038_0151,D8LM27,CBN77241.1
Ec-14_002660,Esi_0038_0152,D8LM28,CBN77242.1
Ec-14_002670,Esi_0038_0153,D8LM29,CBN77243.1
Ec-14_002680,Esi_0038_0154,D8LM30,CBN77244.1
Ec-14_002690,Esi_0038_0155,D8LM31,CBN77245.1
Ec-14_002700,Esi_0038_0156,D8LM32,CBN77246.1
Ec-14_002710,Esi_0038_0157,D8LM33,CBN77247.1
Ec-14_002720,Esi_0038_0158,D8LM34,CBN77248.1
Ec-14_002730,Esi_0038_0160,D8LM35,CBN77249.1
,Esi_0038_0161,D8LM36,CBN77250.1
Ec-14_002740,Esi_0038_0163,D8LM37,CBN77251.1
Ec-14_002510,Esi_0038_0177,D8LM18,CBN77232.1
Ec-14_001900,Esi_0038_0178,,
Ec-14_002330,Esi_0038_0179,,
Ec-14_002350,Esi_0038_0180,,
Ec-14_002520,Esi_0038_0181,,
Ec-14_002530,Esi_0038_0182,,
Ec-14_002540,Esi_0038_0183,,
Ec-14_001780,Esi_0038_0184,,
Ec-14_002140,Esi_0038_0185,,
Ec-14_002150,Esi_0038_0186,,
Ec-14_002290,Esi_0038_0187,,
Ec-14_001820,Esi_0038_0188,,
Ec-14_002470,Esi_0038_0189,,
Ec-14_002600,Esi_0038_0190,,
Ec-14_002610,Esi_0038_0191,,
Ec-22_004000,Esi_0039_0001,D7FZV0,CBJ48575.1
Ec-22_003990,Esi_0039_0002,D7FZV1,CBJ48576.1
Ec-22_003980,Esi_0039_0011,D7FZV2,CBJ48577.1
Ec-22_003940,Esi_0039_0013,D7FZV3,CBJ48578.1
,Esi_0039_0014,D7FZV4,CBJ48579.1
Ec-22_003930,Esi_0039_0016,D7FZV5,CBJ48580.1
Ec-22_003920,Esi_0039_0017,D7FZV6,CBJ48581.1
Ec-22_003910,Esi_0039_0018,D7FZV7,CBJ48582.1
,Esi_0039_0019,D7FZV8,CBJ48583.1
Ec-22_003900,Esi_0039_0020,D7FZV9,CBJ48584.1
Ec-22_003890,Esi_0039_0021,D7FZW0,CBJ48585.1
Ec-22_003880,Esi_0039_0023,D7FZW1,CBJ48586.1
Ec-22_003870,Esi_0039_0031,D7FZW2,CBJ48587.1
Ec-22_003860,Esi_0039_0036,D7FZW3,CBJ48588.1
Ec-22_003850,Esi_0039_0037,D7FZW4,CBJ48589.1
Ec-22_003830,Esi_0039_0039,D7FZW5,CBJ48590.1
Ec-22_003820,Esi_0039_0041,D7FZW6,CBJ48591.1
Ec-22_003810,Esi_0039_0042,D7FZW7,CBJ48592.1
Ec-22_003800,Esi_0039_0043,D7FZW8,CBJ48593.1
Ec-22_003790,Esi_0039_0044,D7FZW9,CBJ48594.1
Ec-22_003780,Esi_0039_0045,D7FZX0,CBJ48595.1
Ec-22_003770,Esi_0039_0047,D7FZX1,CBJ48596.1
Ec-22_003750,Esi_0039_0056,D7FZX2,CBJ48597.1
,Esi_0039_0058,D7FZX3,CBJ48598.1
Ec-22_003740,Esi_0039_0059,D7FZX4,CBJ48599.1
Ec-22_003720,Esi_0039_0060,D7FZX5,CBJ48600.1
Ec-22_003710,Esi_0039_0061,D7FZX6,CBJ48601.1
Ec-22_003700,Esi_0039_0062,D7FZX7,CBJ48602.1
Ec-22_003690,Esi_0039_0064,D7FZX8,CBJ48603.1
Ec-22_003680,Esi_0039_0067,D7FZX9,CBJ48604.1
Ec-22_003670,Esi_0039_0069,D7FZY0,CBJ48605.1
Ec-22_003660,Esi_0039_0070,D7FZY1,CBJ48606.1
Ec-22_003650,Esi_0039_0072,D7FZY2,CBJ48607.1
Ec-22_003640,Esi_0039_0073,D7FZY3,CBJ48608.1
Ec-22_003630,Esi_0039_0074,D7FZY4,CBJ48609.1
Ec-22_003620,Esi_0039_0075,D7FZY5,CBJ48610.1
Ec-22_003610,Esi_0039_0076,D7FZY6,CBJ48611.1
Ec-22_003600,Esi_0039_0077,D7FZY7,CBJ48612.1
Ec-22_003600,,,CBJ48613.1
Ec-22_003590,Esi_0039_0078,,
Ec-22_003570,Esi_0039_0081,D7FZY9,CBJ48614.1
Ec-22_003560,Esi_0039_0083,D7FZZ0,CBJ48615.1
Ec-22_003550,Esi_0039_0087,D7FZZ1,CBJ48616.1
Ec-22_003540,Esi_0039_0089,D7FZZ2,CBJ48617.1
Ec-22_003530,Esi_0039_0092,D7FZZ3,CBJ48618.1
Ec-22_003520,Esi_0039_0093,D7FZZ4,CBJ48619.1
Ec-22_003510,Esi_0039_0097,D7FZZ5,CBJ48620.1
Ec-22_003500,Esi_0039_0099,D7FZZ7,CBJ48622.1
Ec-22_003490,Esi_0039_0101,D7FZZ8,CBJ48623.1
Ec-22_003480,Esi_0039_0102,D7FZZ9,CBJ48624.1
Ec-22_003470,Esi_0039_0103,D7G000,CBJ48625.1
Ec-22_003460,Esi_0039_0104,D7G001,CBJ48626.1
Ec-22_003450,Esi_0039_0106,D7G002,CBJ48627.1
Ec-22_003440,Esi_0039_0108,D7G003,CBJ48628.1
Ec-22_003430,Esi_0039_0112,D7G004,CBJ48629.1
Ec-22_003420,Esi_0039_0114,D7G005,CBJ48630.1
Ec-22_003410,Esi_0039_0116,D7G006,CBJ48631.1
Ec-22_003400,Esi_0039_0117,D7G007,CBJ48632.1
Ec-22_003380,Esi_0039_0121,D7G008,CBJ48633.1
Ec-22_003370,Esi_0039_0122,D7G009,CBJ48634.1
Ec-22_003360,Esi_0039_0124,D7G010,CBJ48635.1
Ec-22_003320,Esi_0039_0126,D7G011,CBJ48636.1
Ec-22_003310,Esi_0039_0129,D7G012,CBJ48637.1
Ec-22_003300,Esi_0039_0130,D7G013,CBJ48638.1
,Esi_0039_0132,D7G014,CBJ48639.1
Ec-22_003290,Esi_0039_0133,D7G015,CBJ48640.1
Ec-22_003280,Esi_0039_0135,D7G016,CBJ48641.1
Ec-22_003270,Esi_0039_0140,D7G017,CBJ48642.1
Ec-22_003260,Esi_0039_0141,D7G018,CBJ48643.1
Ec-22_003250,Esi_0039_0143,D7G019,CBJ48644.1
Ec-22_003240,Esi_0039_0146,D7G020,CBJ48645.1
Ec-22_003230,Esi_0039_0147,D7G021,CBJ48646.1
Ec-22_003220,Esi_0039_0149,D7G022,CBJ48647.1
Ec-22_003210,Esi_0039_0150,D7G023,CBJ48648.1
Ec-22_003200,Esi_0039_0157,D7G024,CBJ48649.1
Ec-22_003760,Esi_0039_0175,,
Ec-22_003330,Esi_0039_0176,,
Ec-22_003510,Esi_0039_0177,D7FZZ6,CBJ48621.1
Ec-22_003730,Esi_0039_0181,,
Ec-22_003350,Esi_0039_0182,,
Ec-22_003950,Esi_0039_0183,,
Ec-22_003840,Esi_0039_0184,,
Ec-22_003580,Esi_0039_0185,,
Ec-22_003970,Esi_0039_0186,,
Ec-22_003390,Esi_0039_0187,,
Ec-22_003340,Esi_0039_0188,,
Ec-22_003960,Esi_0039_0189,,
Ec-22_003190,Esi_0039_0190,,
Ec-02_001200,Esi_0040_0001,D7G0A6,CBJ26633.1
Ec-02_001190,Esi_0040_0002,D7G0A7,CBJ26634.1
Ec-02_001180,Esi_0040_0003,D7G0A8,CBJ26635.1
Ec-02_001170,Esi_0040_0008,D7G0A9,CBJ26636.1
Ec-02_001160,Esi_0040_0011,D7G0B0,CBJ26637.1
Ec-02_001140,Esi_0040_0014,D7G0B1,CBJ26638.1
Ec-02_001130,Esi_0040_0016,D7G0B2,CBJ26639.1
Ec-02_001120,Esi_0040_0017,D7G0B3,CBJ26640.1
Ec-02_001110,Esi_0040_0022,D7G0B4,CBJ26641.1
Ec-02_001080,Esi_0040_0028,D7G0B5,CBJ26642.1
Ec-02_001070,Esi_0040_0029,D7G0B6,CBJ26643.1
Ec-02_001050,Esi_0040_0036,D7G0B7,CBJ26644.1
Ec-02_001040,Esi_0040_0038,D7G0B8,CBJ26645.1
Ec-02_001020,Esi_0040_0041,D7G0B9,CBJ26646.1
,Esi_0040_0044,D7G0C0,CBJ26647.1
Ec-02_001010,Esi_0040_0046,D7G0C1,CBJ26648.1
Ec-02_001000,Esi_0040_0047,D7G0C2,CBJ26649.1
Ec-02_000990,Esi_0040_0050,D7G0C3,CBJ26650.1
Ec-02_000980,Esi_0040_0051,D7G0C4,CBJ26651.1
Ec-02_000970,Esi_0040_0052,D7G0C5,CBJ26652.1
Ec-02_000960,Esi_0040_0053,D7G0C6,CBJ26653.1
Ec-02_000950,Esi_0040_0062,D7G0C7,CBJ26654.1
Ec-02_000930,Esi_0040_0067,D7G0C8,CBJ26655.1
Ec-02_000920,Esi_0040_0068,D7G0C9,CBJ26656.1
Ec-02_000910,Esi_0040_0070,D7G0D0,CBJ26657.1
Ec-02_000900,Esi_0040_0071,D7G0D1,CBJ26658.1
Ec-02_000890,Esi_0040_0073,D7G0D2,CBJ26659.1
Ec-02_000870,Esi_0040_0074,D7G0D3,CBJ26660.1
Ec-02_000860,Esi_0040_0076,D7G0D4,CBJ26661.1
Ec-02_000850,Esi_0040_0078,D7G0D5,CBJ26662.1
Ec-02_000840,Esi_0040_0081,D7G0D6,CBJ26663.1
Ec-02_000830,Esi_0040_0083,D7G0D7,CBJ26664.1
Ec-02_000810,Esi_0040_0085,D7G0D8,CBJ26665.1
Ec-02_000790,Esi_0040_0088,D7G0D9,CBJ26666.1
Ec-02_000760,Esi_0040_0094,D7G0E0,CBJ26667.1
Ec-02_000750,Esi_0040_0095,D7G0E1,CBJ26668.1
Ec-02_000740,Esi_0040_0108,D7G0E2,CBJ26669.1
Ec-02_000730,Esi_0040_0112,D7G0E3,CBJ26670.1
Ec-02_000720,Esi_0040_0113,D7G0E4,CBJ26671.1
Ec-02_000700,Esi_0040_0114,D7G0E5,CBJ26672.1
,Esi_0040_0115,D7G0E6,CBJ26673.1
Ec-02_000680,Esi_0040_0116,D7G0E7,CBJ26674.1
Ec-02_000670,Esi_0040_0117,D7G0E8,CBJ26675.1
Ec-02_000660,Esi_0040_0119,D7G0E9,CBJ26676.1
Ec-02_000650,Esi_0040_0121,D7G0F0,CBJ26677.1
Ec-02_000640,Esi_0040_0123,D7G0F1,CBJ26678.1
Ec-02_000630,Esi_0040_0125,D7G0F2,CBJ26679.1
Ec-02_000620,Esi_0040_0126,D7G0F3,CBJ26680.1
,Esi_0040_0128,D7G0F4,CBJ26681.1
Ec-02_000610,Esi_0040_0137,D7G0F5,CBJ26682.1
Ec-02_000600,Esi_0040_0139,D7G0F6,CBJ26683.1
Ec-02_000590,Esi_0040_0141,D7G0F7,CBJ26684.1
Ec-02_000580,Esi_0040_0143,D7G0F8,CBJ26685.1
Ec-02_000710,Esi_0040_0158,,
Ec-02_001030,Esi_0040_0160,,
Ec-02_000940,Esi_0040_0161,,
Ec-02_000880,Esi_0040_0162,,
Ec-02_001100,Esi_0040_0163,,
Ec-02_001090,Esi_0040_0164,,
Ec-02_001060,Esi_0040_0165,,
Ec-02_000820,Esi_0040_0166,,
Ec-02_000800,Esi_0040_0167,,
Ec-02_000780,Esi_0040_0168,,
Ec-02_000770,Esi_0040_0169,,
Ec-02_000690,Esi_0040_0170,,
Ec-02_001150,Esi_0040_0171,,
Ec-02_000570,Esi_0040_0172,,
Ec-02_003280,Esi_0041_0002,D8LMQ5,CBN74706.1
Ec-02_003290,Esi_0041_0005,D8LMQ6,CBN74707.1
Ec-02_003300,Esi_0041_0007,D8LMQ7,CBN74708.1
Ec-02_003310,Esi_0041_0008,D8LMQ8,CBN74709.1
Ec-02_003320,Esi_0041_0009,D8LMQ9,CBN74710.1
Ec-02_003330,Esi_0041_0010,D8LMR0,CBN74711.1
Ec-02_003340,Esi_0041_0012,D8LMR1,CBN74712.1
,Esi_0041_0013,D8LMR2,CBN74713.1
Ec-02_003350,Esi_0041_0014,D8LMR3,CBN74714.1
Ec-02_003360,Esi_0041_0017,D8LMR4,CBN74715.1
Ec-02_003370,Esi_0041_0020,D8LMR5,CBN74716.1
Ec-02_003380,Esi_0041_0023,D8LMR6,CBN74717.1
Ec-02_003390,Esi_0041_0024,D8LMR7,CBN74718.1
Ec-02_003400,Esi_0041_0025,D8LMR8,CBN74719.1
Ec-02_003410,Esi_0041_0028,D8LMR9,CBN74720.1
Ec-02_003420,Esi_0041_0029,D8LMS0,CBN74721.1
Ec-02_003425,Esi_0041_0031,D8LMS1,CBN74722.1
Ec-02_003440,Esi_0041_0032,D8LMS2,CBN74723.1
Ec-02_003450,Esi_0041_0033,D8LMS3,CBN74724.1
Ec-02_003460,Esi_0041_0035,D8LMS4,CBN74725.1
Ec-02_003490,Esi_0041_0039,D8LMS5,CBN74726.1
Ec-02_003500,Esi_0041_0041,D8LMS6,CBN74727.1
Ec-02_003510,Esi_0041_0042,D8LMS7,CBN74728.1
Ec-02_003520,Esi_0041_0043,D8LMS8,CBN74729.1
Ec-02_003530,Esi_0041_0044,D8LMS9,CBN74730.1
Ec-02_003550,Esi_0041_0045,D8LMT0,CBN74731.1
Ec-02_003560,Esi_0041_0046,D8LMT1,CBN74732.1
Ec-02_003570,Esi_0041_0047,D8LMT2,CBN74733.1
,Esi_0041_0049,D8LMT3,CBN74734.1
Ec-02_003580,Esi_0041_0050,D8LMT4,CBN74735.1
Ec-02_003590,Esi_0041_0051,D8LMT5,CBN74736.1
Ec-02_003600,Esi_0041_0057,D8LMT6,CBN74737.1
Ec-02_003610,Esi_0041_0061,D8LMT7,CBN74738.1
Ec-02_003620,Esi_0041_0062,D8LMT8,CBN74739.1
Ec-02_003630,Esi_0041_0063,D8LMT9,CBN74740.1
,Esi_0041_0065,D8LMU0,CBN74741.1
Ec-02_003640,Esi_0041_0068,D8LMU1,CBN74742.1
Ec-02_003650,Esi_0041_0071,D8LMU2,CBN74743.1
Ec-02_003660,Esi_0041_0074,D8LMU3,CBN74744.1
Ec-02_003670,Esi_0041_0078,D8LMU4,CBN74745.1
,Esi_0041_0080,D8LMU5,CBN74746.1
Ec-02_003680,Esi_0041_0081,D8LMU6,CBN74747.1
Ec-02_003700,Esi_0041_0084,D8LMU8,CBN74749.1
Ec-02_003690,Esi_0041_0085,,
Ec-02_003710,Esi_0041_0086,D8LMU9,CBN74750.1
Ec-02_003720,Esi_0041_0087,D8LMV0,CBN74751.1
Ec-02_003730,Esi_0041_0088,D8LMV1,CBN74752.1
Ec-02_003740,Esi_0041_0089,D8LMV2,CBN74753.1
Ec-02_003750,Esi_0041_0093,D8LMV3,CBN74754.1
Ec-02_003760,Esi_0041_0095,D8LMV4,CBN74755.1
Ec-02_003770,Esi_0041_0096,D8LMV5,CBN74756.1
Ec-02_003780,Esi_0041_0097,D8LMV6,CBN74757.1
Ec-02_003790,Esi_0041_0098,D8LMV7,CBN74758.1
Ec-02_003800,Esi_0041_0099,D8LMV8,CBN74759.1
Ec-02_003810,Esi_0041_0104,D8LMV9,CBN74760.1
Ec-02_003840,Esi_0041_0105,D8LMW0,CBN74761.1
Ec-02_003850,Esi_0041_0106,D8LMW1,CBN74762.1
Ec-02_003860,Esi_0041_0113,D8LMW2,CBN74763.1
Ec-02_003870,Esi_0041_0115,D8LMW3,CBN74764.1
Ec-02_003880,Esi_0041_0117,D8LMW4,CBN74765.1
Ec-02_003890,Esi_0041_0122,D8LMW5,CBN74766.1
Ec-02_003900,Esi_0041_0124,D8LMW6,CBN74767.1
Ec-02_003910,Esi_0041_0126,D8LMW7,CBN74768.1
,Esi_0041_0129,D8LMW8,CBN74769.1
Ec-02_003920,Esi_0041_0130,D8LMW9,CBN74770.1
Ec-02_003930,Esi_0041_0131,D8LMX0,CBN74771.1
Ec-02_003940,Esi_0041_0132,D8LMX1,CBN74772.1
Ec-02_003950,Esi_0041_0136,D8LMX2,CBN74773.1
Ec-02_003960,Esi_0041_0138,D8LMX3,CBN74774.1
Ec-02_003980,Esi_0041_0139,D8LMX4,CBN74775.1
Ec-02_004010,Esi_0041_0143,D8LMX5,CBN74776.1
Ec-02_004030,Esi_0041_0144,D8LMX6,CBN74777.1
Ec-02_004050,Esi_0041_0146,D8LMX7,CBN74778.1
Ec-02_004060,Esi_0041_0148,D8LMX8,CBN74779.1
Ec-02_004070,Esi_0041_0151,D8LMX9,CBN74780.1
Ec-02_004080,Esi_0041_0152,D8LMY0,CBN74781.1
Ec-02_004090,Esi_0041_0153,D8LMY1,CBN74782.1
Ec-02_004100,Esi_0041_0154,D8LMY2,CBN74783.1
Ec-02_004110,Esi_0041_0155,D8LMY3,CBN74784.1
Ec-02_004120,Esi_0041_0156,D8LMY4,CBN74785.1
Ec-02_004130,Esi_0041_0158,D8LMY5,CBN74786.1
Ec-02_004150,Esi_0041_0160,D8LMY6,CBN74787.1
Ec-02_004160,Esi_0041_0161,D8LMY7,CBN74788.1
,Esi_0041_0162,D8LMY8,CBN74789.1
Ec-02_004180,Esi_0041_0163,D8LMY9,CBN74790.1
Ec-02_003820,Esi_0041_0177,,
Ec-02_004020,Esi_0041_0180,,
Ec-02_003430,Esi_0041_0181,,
Ec-02_003470,Esi_0041_0182,,
Ec-02_003480,Esi_0041_0183,,
Ec-02_003540,Esi_0041_0184,,
Ec-02_003830,Esi_0041_0185,,
Ec-02_003970,Esi_0041_0186,,
Ec-02_003990,Esi_0041_0187,,
Ec-02_004000,Esi_0041_0188,,
Ec-02_004040,Esi_0041_0189,,
Ec-02_004140,Esi_0041_0190,,
Ec-02_004170,Esi_0041_0191,,
Ec-02_004190,Esi_0041_0192,,
Ec-23_002290,Esi_0042_0002,D7G0U2,CBJ26686.1
Ec-23_002280,Esi_0042_0003,D7G0U3,CBJ26687.1
Ec-23_002270,Esi_0042_0004,D7G0U4,CBJ26688.1
Ec-23_002260,Esi_0042_0006,D7G0U5,CBJ26689.1
Ec-23_002250,Esi_0042_0008,D7G0U6,CBJ26690.1
Ec-23_002240,Esi_0042_0009,D7G0U7,CBJ26691.1
Ec-23_002230,Esi_0042_0011,D7G0U8,CBJ26692.1
Ec-23_002220,Esi_0042_0014,D7G0U9,CBJ26693.1
Ec-23_002210,Esi_0042_0018,D7G0V0,CBJ26694.1
Ec-23_002200,Esi_0042_0019,D7G0V1,CBJ26695.1
Ec-23_002190,Esi_0042_0020,D7G0V2,CBJ26696.1
Ec-23_002180,Esi_0042_0022,D7G0V3,CBJ26697.1
Ec-23_002170,Esi_0042_0024,D7G0V4,CBJ26698.1
Ec-23_002160,Esi_0042_0028,D7G0V5,CBJ26699.1
Ec-23_002150,Esi_0042_0030,D7G0V6,CBJ26700.1
Ec-23_002140,Esi_0042_0035,D7G0V7,CBJ26701.1
Ec-23_002130,Esi_0042_0036,D7G0V8,CBJ26702.1
Ec-23_002110,Esi_0042_0037,D7G0V9,CBJ26703.1
Ec-23_002100,Esi_0042_0039,D7G0W0,CBJ26704.1
Ec-23_002070,Esi_0042_0041,D7G0W1,CBJ26705.1
Ec-23_002070,Esi_0042_0042,D7G0W2,CBJ26706.1
,Esi_0042_0043,D7G0W3,CBJ26707.1
Ec-23_002060,Esi_0042_0047,D7G0W4,CBJ26708.1
Ec-23_002050,Esi_0042_0050,D7G0W5,CBJ26709.1
Ec-23_002040,Esi_0042_0051,D7G0W6,CBJ26710.1
Ec-23_002030,Esi_0042_0053,D7G0W7,CBJ26711.1
Ec-23_002020,Esi_0042_0054,D7G0W8,CBJ26712.1
Ec-23_002000,Esi_0042_0055,D7G0W9,CBJ26713.1
Ec-23_001980,Esi_0042_0056,D7G0X0,CBJ26714.1
,Esi_0042_0058,D7G0X1,CBJ26715.1
Ec-23_001970,Esi_0042_0060,D7G0X2,CBJ26716.1
Ec-23_001960,Esi_0042_0063,D7G0X3,CBJ26717.1
Ec-23_001950,Esi_0042_0064,D7G0X4,CBJ26718.1
Ec-23_001940,Esi_0042_0065,D7G0X5,CBJ26719.1
Ec-23_001930,Esi_0042_0068,D7G0X6,CBJ26720.1
Ec-23_001910,Esi_0042_0069,D7G0X7,CBJ26721.1
Ec-23_001900,Esi_0042_0070,D7G0X8,CBJ26722.1
Ec-23_001890,Esi_0042_0072,D7G0X9,CBJ26723.1
Ec-23_001880,Esi_0042_0080,D7G0Y0,CBJ26724.1
Ec-23_001870,Esi_0042_0082,D7G0Y1,CBJ26725.1
Ec-23_001860,Esi_0042_0083,D7G0Y2,CBJ26726.1
Ec-23_001850,Esi_0042_0089,D7G0Y3,CBJ26727.1
Ec-23_001840,Esi_0042_0092,D7G0Y4,CBJ26728.1
Ec-23_001830,Esi_0042_0094,D7G0Y5,CBJ26729.1
Ec-23_001820,Esi_0042_0095,D7G0Y6,CBJ26730.1
Ec-23_001800,Esi_0042_0101,D7G0Y7,CBJ26731.1
Ec-23_001790,Esi_0042_0102,D7G0Y8,CBJ26732.1
Ec-23_001780,Esi_0042_0103,D7G0Y9,CBJ26733.1
Ec-23_001770,Esi_0042_0104,D7G0S1,CBJ26734.1
Ec-23_001760,Esi_0042_0105,D7G0S2,CBJ26735.1
Ec-23_001750,Esi_0042_0106,D7G0S3,CBJ26736.1
Ec-23_001740,Esi_0042_0109,D7G0S4,CBJ26737.1
Ec-23_001730,Esi_0042_0110,D7G0S5,CBJ26738.1
Ec-23_001710,Esi_0042_0114,D7G0S6,CBJ26739.1
Ec-23_001700,Esi_0042_0115,D7G0S7,CBJ26740.1
Ec-23_001690,Esi_0042_0116,D7G0S8,CBJ26741.1
Ec-23_001670,Esi_0042_0117,D7G0S9,CBJ26742.1
Ec-23_001660,Esi_0042_0119,D7G0T0,CBJ26743.1
Ec-23_001650,Esi_0042_0120,D7G0T1,CBJ26744.1
Ec-23_001610,Esi_0042_0122,D7G0T2,CBJ26745.1
Ec-23_001600,Esi_0042_0126,D7G0T3,CBJ26746.1
Ec-23_001580,Esi_0042_0127,D7G0T4,CBJ26747.1
Ec-23_001570,Esi_0042_0128,D7G0T5,CBJ26748.1
Ec-23_001550,Esi_0042_0137,D7G0T6,CBJ26749.1
Ec-23_001540,Esi_0042_0138,D7G0T7,CBJ26750.1
Ec-23_001530,Esi_0042_0140,D7G0T8,CBJ26751.1
Ec-23_001520,Esi_0042_0142,D7G0T9,CBJ26752.1
Ec-23_001510,Esi_0042_0143,D7G0U0,CBJ26753.1
Ec-23_001500,Esi_0042_0144,D7G0U1,CBJ26754.1
Ec-23_001680,Esi_0042_0158,,
Ec-23_001620,Esi_0042_0162,,
Ec-23_001590,Esi_0042_0163,,
Ec-23_001560,Esi_0042_0164,,
Ec-23_002120,Esi_0042_0165,,
Ec-23_002090,Esi_0042_0166,,
Ec-23_002080,Esi_0042_0167,,
Ec-23_002010,Esi_0042_0168,,
Ec-23_001990,Esi_0042_0169,,
Ec-23_001920,Esi_0042_0170,,
Ec-23_001810,Esi_0042_0171,,
Ec-23_001720,Esi_0042_0172,,
Ec-23_001640,Esi_0042_0173,,
Ec-23_001630,Esi_0042_0174,,
Ec-05_003240,Esi_0043_0002,D8LN28,CBN74791.1
Ec-05_003250,Esi_0043_0005,D8LN29,CBN74792.1
Ec-05_003260,Esi_0043_0006,D8LN30,CBN74793.1
Ec-05_003270,Esi_0043_0014,D8LN31,CBN74794.1
Ec-05_003280,Esi_0043_0015,D8LN32,CBN74795.1
Ec-05_003300,Esi_0043_0021,D8LN33,CBN74796.1
Ec-05_003310,Esi_0043_0022,D8LN34,CBN74797.1
Ec-05_003320,Esi_0043_0023,D8LN35,CBN74798.1
Ec-05_003340,Esi_0043_0025,D8LN36,CBN74799.1
Ec-05_003360,Esi_0043_0028,D8LN37,CBN74800.1
Ec-05_003370,Esi_0043_0033,D8LN38,CBN74801.1
Ec-05_003380,Esi_0043_0035,D8LN39,CBN74802.1
Ec-05_003390,Esi_0043_0040,D8LN40,CBN74803.1
Ec-05_003400,Esi_0043_0041,D8LN41,CBN74804.1
,Esi_0043_0042,D8LN42,CBN74805.1
Ec-05_003410,Esi_0043_0043,D8LN43,CBN74806.1
Ec-05_003420,Esi_0043_0044,D8LN44,CBN74807.1
Ec-05_003440,Esi_0043_0060,D8LN45,CBN74808.1
Ec-05_003450,Esi_0043_0063,D8LN46,CBN74809.1
Ec-05_003460,Esi_0043_0064,D8LN47,CBN74810.1
Ec-05_003470,Esi_0043_0068,D8LN48,CBN74811.1
Ec-05_003480,Esi_0043_0072,D8LN49,CBN74812.1
,Esi_0043_0073,D8LN50,CBN74813.1
Ec-05_003500,Esi_0043_0074,D8LN51,CBN74814.1
Ec-05_003510,Esi_0043_0077,D8LN52,CBN74815.1
Ec-05_003520,Esi_0043_0079,D8LN53,CBN74816.1
Ec-05_003530,Esi_0043_0081,D8LN54,CBN74817.1
Ec-05_003560,Esi_0043_0090,D8LN55,CBN74818.1
Ec-05_003570,Esi_0043_0091,D8LN56,CBN74819.1
Ec-05_003580,Esi_0043_0092,D8LN57,CBN74820.1
Ec-05_003590,Esi_0043_0094,D8LN58,CBN74821.1
Ec-05_003600,Esi_0043_0098,D8LN59,CBN74822.1
Ec-05_003620,Esi_0043_0102,D8LN60,CBN74823.1
Ec-05_003630,Esi_0043_0103,D8LN61,CBN74824.1
Ec-05_003640,Esi_0043_0106,D8LN62,CBN74825.1
Ec-05_003660,Esi_0043_0107,D8LN63,CBN74826.1
Ec-05_003670,Esi_0043_0109,D8LN64,CBN74827.1
Ec-05_003680,Esi_0043_0110,D8LN65,CBN74828.1
Ec-05_003690,Esi_0043_0112,D8LN66,CBN74829.1
Ec-05_003700,Esi_0043_0113,D8LN67,CBN74830.1
Ec-05_003710,Esi_0043_0114,D8LN68,CBN74831.1
Ec-05_003730,Esi_0043_0116,D8LN69,CBN74832.1
Ec-05_003740,Esi_0043_0117,D8LN70,CBN74833.1
Ec-05_003750,Esi_0043_0119,D8LN71,CBN74834.1
Ec-05_003760,Esi_0043_0124,D8LN72,CBN74835.1
Ec-05_003770,Esi_0043_0126,D8LN73,CBN74836.1
Ec-05_003780,Esi_0043_0130,D8LN74,CBN74837.1
Ec-05_003800,Esi_0043_0133,D8LN75,CBN74838.1
Ec-05_003810,Esi_0043_0134,D8LN76,CBN74839.1
Ec-05_003820,Esi_0043_0135,D8LN77,CBN74840.1
Ec-05_003830,Esi_0043_0136,D8LN78,CBN74841.1
Ec-05_003840,Esi_0043_0137,D8LN79,CBN74842.1
,Esi_0043_0138,D8LN80,CBN74843.1
Ec-05_003850,Esi_0043_0142,D8LN81,CBN74844.1
Ec-05_003870,Esi_0043_0144,D8LN82,CBN74845.1
Ec-05_003890,Esi_0043_0145,D8LN83,CBN74846.1
Ec-05_003900,Esi_0043_0146,D8LN84,CBN74847.1
Ec-05_003910,Esi_0043_0147,D8LN85,CBN74848.1
Ec-05_003920,Esi_0043_0148,D8LN86,CBN74849.1
Ec-05_003930,Esi_0043_0150,D7G062,CBN74850.1
Ec-05_003330,Esi_0043_0164,,
Ec-05_003350,Esi_0043_0167,,
Ec-05_003650,Esi_0043_0168,,
Ec-05_003720,Esi_0043_0169,,
Ec-05_003880,Esi_0043_0170,,
Ec-05_003290,Esi_0043_0171,,
Ec-05_003430,Esi_0043_0172,,
Ec-05_003490,Esi_0043_0173,,
Ec-05_003540,Esi_0043_0174,,
Ec-05_003550,Esi_0043_0175,,
Ec-05_003610,Esi_0043_0176,,
Ec-05_003790,Esi_0043_0177,,
Ec-05_003860,Esi_0043_0178,,
Ec-04_004670,Esi_0044_0001,D8LN95,CBN77252.1
,Esi_0044_0002,D8LN96,CBN77253.1
Ec-04_004650,Esi_0044_0004,D8LN97,CBN77254.1
Ec-04_004640,Esi_0044_0005,D8LN98,CBN77255.1
Ec-04_004630,Esi_0044_0006,D8LN99,CBN77256.1
Ec-04_004620,Esi_0044_0007,D8LNA0,CBN77257.1
Ec-04_004610,Esi_0044_0009,D8LNA1,CBN77258.1
Ec-04_004600,Esi_0044_0010,D8LNA2,CBN77259.1
Ec-04_004590,Esi_0044_0014,D8LNA3,CBN77260.1
Ec-04_004580,Esi_0044_0015,D8LNA4,CBN77261.1
Ec-04_004570,Esi_0044_0016,D8LNA5,CBN77262.1
Ec-04_004560,Esi_0044_0017,D8LNA6,CBN77263.1
Ec-04_004550,Esi_0044_0020,,
Ec-04_004540,Esi_0044_0021,D8LNA8,CBN77265.1
Ec-04_004530,Esi_0044_0023,D8LNA9,CBN77266.1
Ec-04_004520,Esi_0044_0024,D8LNB0,CBN77267.1
Ec-04_004510,Esi_0044_0026,D8LNB1,CBN77268.2
Ec-04_004500,Esi_0044_0028,D8LNB2,CBN77269.1
Ec-04_004490,Esi_0044_0029,D8LNB3,CBN77270.1
Ec-04_004480,Esi_0044_0031,D8LNB4,CBN77271.1
Ec-04_004470,Esi_0044_0032,D8LNB5,CBN77272.1
Ec-04_004460,Esi_0044_0034,D8LNB6,CBN77273.1
Ec-04_004450,Esi_0044_0036,D8LNB7,CBN77274.1
Ec-04_004440,Esi_0044_0044,D8LNB8,CBN77275.1
Ec-04_004430,Esi_0044_0046,D8LNB9,CBN77276.1
Ec-04_004420,Esi_0044_0047,D8LNC0,CBN77277.1
Ec-04_004410,Esi_0044_0048,D8LNC1,CBN77278.1
Ec-04_004400,Esi_0044_0049,D8LNC2,CBN77279.1
Ec-04_004390,Esi_0044_0051,D8LNC3,CBN77280.1
Ec-04_004380,Esi_0044_0052,D8LNC4,CBN77281.1
Ec-04_004370,Esi_0044_0054,D8LNC5,CBN77282.1
Ec-04_004360,Esi_0044_0056,D8LNC6,CBN77283.1
Ec-04_004340,Esi_0044_0058,D8LNC7,CBN77284.1
Ec-04_004330,Esi_0044_0061,D8LNC8,CBN77285.1
Ec-04_004320,Esi_0044_0062,D8LNC9,CBN77286.1
Ec-04_004310,Esi_0044_0064,D8LND0,CBN77287.1
Ec-04_004300,Esi_0044_0066,D8LND1,CBN77288.1
Ec-04_004280,Esi_0044_0067,D8LND2,CBN77289.1
Ec-04_004270,Esi_0044_0068,D8LND3,CBN77290.1
Ec-04_004260,Esi_0044_0071,D8LND4,CBN77291.1
Ec-04_004250,Esi_0044_0073,D8LND5,CBN77292.1
Ec-04_004240,Esi_0044_0074,D8LND6,CBN77293.1
Ec-04_004230,Esi_0044_0076,D8LND7,CBN77294.1
Ec-04_004210,Esi_0044_0083,D8LND8,CBN77295.1
Ec-04_004200,Esi_0044_0084,D8LND9,CBN77296.1
Ec-04_004190,Esi_0044_0085,D8LNE0,CBN77297.1
Ec-04_004180,Esi_0044_0086,D8LNE1,CBN77298.1
,Esi_0044_0087,D8LNE2,CBN77299.1
Ec-04_004170,Esi_0044_0089,D8LNE3,CBN77300.1
Ec-04_004160,Esi_0044_0092,D8LNE4,CBN77301.1
Ec-04_004150,Esi_0044_0093,D8LNE5,CBN77302.1
Ec-04_004140,Esi_0044_0095,D8LNE6,CBN77303.1
Ec-04_004130,Esi_0044_0098,D8LNE7,CBN77304.1
Ec-04_004120,Esi_0044_0102,D8LNE8,CBN77305.1
Ec-04_004110,Esi_0044_0103,D8LNE9,CBN77306.1
Ec-04_004100,Esi_0044_0104,D8LNF0,CBN77307.1
Ec-04_004090,Esi_0044_0105,D8LNF1,CBN77308.1
Ec-04_004080,Esi_0044_0106,D8LNF2,CBN77309.1
Ec-04_004070,Esi_0044_0107,D8LNF3,CBN77310.1
Ec-04_004060,Esi_0044_0108,D8LNF4,CBN77311.1
Ec-04_004050,Esi_0044_0109,D8LNF5,CBN77312.1
Ec-04_004040,Esi_0044_0110,D8LNF6,CBN77313.1
Ec-04_004030,Esi_0044_0112,D8LNF7,CBN77314.1
Ec-04_004020,Esi_0044_0117,D8LNF8,CBN77315.1
Ec-04_004010,Esi_0044_0118,D8LNF9,CBN77316.1
Ec-04_004000,Esi_0044_0119,D8LNG0,CBN77317.1
Ec-04_003990,Esi_0044_0120,D8LNG1,CBN77318.1
Ec-04_003980,Esi_0044_0123,D8LNG2,CBN77319.1
Ec-04_003970,Esi_0044_0125,D8LNG3,CBN77320.1
Ec-04_003960,Esi_0044_0127,D8LNG4,CBN77321.1
Ec-04_003950,Esi_0044_0130,D8LNG5,CBN77322.1
Ec-04_003940,Esi_0044_0132,D8LNG6,CBN77323.1
Ec-04_003930,Esi_0044_0133,D8LNG7,CBN77324.1
Ec-04_003920,Esi_0044_0134,D8LNG8,CBN77325.2
Ec-04_003910,Esi_0044_0136,D8LNG9,CBN77326.1
Ec-04_003900,Esi_0044_0137,D8LNH0,CBN77327.1
Ec-04_003890,Esi_0044_0138,D8LNH1,CBN77328.1
Ec-04_003880,Esi_0044_0139,D8LNH2,CBN77329.1
Ec-04_003870,Esi_0044_0140,D8LNH3,CBN77330.1
,Esi_0044_0141,D8LNH4,CBN77331.1
Ec-04_003840,Esi_0044_0144,D8LNH5,CBN77332.1
Ec-04_003820,Esi_0044_0146,D8LNH6,CBN77333.1
Ec-04_003810,Esi_0044_0148,D8LNH7,CBN77334.1
Ec-04_003800,Esi_0044_0151,D8LNH8,CBN77335.1
Ec-04_004660,Esi_0044_0165,,
Ec-04_004350,Esi_0044_0166,,
Ec-04_004290,Esi_0044_0167,,
Ec-04_004220,Esi_0044_0168,,
Ec-04_003860,Esi_0044_0169,,
Ec-04_003850,Esi_0044_0170,,
Ec-04_003830,Esi_0044_0171,,
Ec-07_000740,Esi_0045_0002,D7G1E7,CBJ26755.1
Ec-07_000750,Esi_0045_0003,D7G1E8,CBJ26756.1
Ec-07_000760,Esi_0045_0006,D7G1E9,CBJ26757.1
Ec-07_000790,Esi_0045_0008,D7G1F0,CBJ26758.1
Ec-07_000800,Esi_0045_0009,D7G1F1,CBJ26759.1
Ec-07_000810,Esi_0045_0011,D7G1F2,CBJ26760.1
Ec-07_000820,Esi_0045_0013,D7G1F3,CBJ26761.1
,Esi_0045_0014,D7G1F4,CBJ26762.1
Ec-07_000830,Esi_0045_0016,D7G1F5,CBJ26763.1
Ec-07_000840,Esi_0045_0017,D7G1F6,CBJ26764.1
Ec-07_000850,Esi_0045_0019,D7G1F7,CBJ26765.1
Ec-07_000860,Esi_0045_0021,D7G1F8,CBJ26766.1
,Esi_0045_0022,D7G1F9,CBJ26767.1
Ec-07_000880,Esi_0045_0024,D7G1G0,CBJ26768.1
Ec-07_000890,Esi_0045_0025,D7G1G1,CBJ26769.1
Ec-07_000900,Esi_0045_0027,D7G1G2,CBJ26770.1
Ec-07_000910,Esi_0045_0029,D7G1G3,CBJ26771.1
Ec-07_000920,Esi_0045_0032,D7G1G4,CBJ26772.1
Ec-07_000930,Esi_0045_0034,D7G1G5,CBJ26773.1
Ec-07_000940,Esi_0045_0036,D7G1G6,CBJ26774.1
Ec-07_000960,Esi_0045_0041,D7G1G7,CBJ26775.1
Ec-07_000970,Esi_0045_0042,D7G1G8,CBJ26776.1
Ec-07_000980,Esi_0045_0043,D7G1G9,CBJ26777.1
Ec-07_000990,Esi_0045_0044,D7G1H0,CBJ26778.1
Ec-07_001000,Esi_0045_0045,D7G1H1,CBJ26779.1
,Esi_0045_0047,D7G1H2,CBJ26780.1
Ec-07_001010,Esi_0045_0048,D7G1H3,CBJ26781.1
Ec-07_001020,Esi_0045_0049,D7G1H4,CBJ26782.1
Ec-07_001030,Esi_0045_0050,D7G1H5,CBJ26783.1
Ec-07_001040,Esi_0045_0051,D7G1H6,CBJ26784.1
Ec-07_001050,Esi_0045_0052,D7G1H7,CBJ26785.1
Ec-07_001060,Esi_0045_0055,D7G1H8,CBJ26786.1
Ec-07_001070,Esi_0045_0057,D7G1H9,CBJ26787.1
Ec-07_001080,Esi_0045_0059,D7G1I0,CBJ26788.1
Ec-07_001090,Esi_0045_0060,D7G1I1,CBJ26789.1
Ec-07_001100,Esi_0045_0061,D7G1I2,CBJ26790.1
Ec-07_001120,Esi_0045_0062,D7G1I3,CBJ26791.1
Ec-07_001150,Esi_0045_0066,D7G1I4,CBJ26792.1
Ec-07_001160,Esi_0045_0067,D7G1I5,CBJ26793.1
Ec-07_001170,Esi_0045_0069,D7G1I6,CBJ26794.1
Ec-07_001180,Esi_0045_0070,D7G1I7,CBJ26795.1
Ec-07_001190,Esi_0045_0071,D7G1I8,CBJ26796.1
Ec-07_001210,Esi_0045_0074,D7G1I9,CBJ26797.1
Ec-07_001220,Esi_0045_0077,D7G1J0,CBJ26798.1
Ec-07_001230,Esi_0045_0079,D7G1J1,CBJ26799.1
Ec-07_001250,Esi_0045_0080,D7G1J2,CBJ26800.1
obsolete,Esi_0045_0085,D7G1J3,CBJ26801.1
Ec-07_001260,Esi_0045_0087,D7G1J4,CBJ26802.1
Ec-07_001270,Esi_0045_0088,D7G1J5,CBJ26803.1
Ec-07_001280,Esi_0045_0091,D7G1J6,CBJ26804.1
Ec-07_001290,Esi_0045_0093,D7G1J7,CBJ26805.1
Ec-07_001300,Esi_0045_0095,D7G1J8,CBJ26806.1
Ec-07_001310,Esi_0045_0096,D7G1J9,CBJ26807.1
Ec-07_001320,Esi_0045_0097,D7G1K0,CBJ26808.1
Ec-07_001330,Esi_0045_0101,D7G1K1,CBJ26809.1
Ec-07_001340,Esi_0045_0102,D7G1K2,CBJ26810.1
Ec-07_001340,Esi_0045_0105,D7G1K3,CBJ26811.1
Ec-07_001350,Esi_0045_0107,D7G1K4,CBJ26812.1
Ec-07_001360,Esi_0045_0108,D7G1K5,CBJ26813.1
Ec-07_001370,Esi_0045_0110,D7G1K6,CBJ26814.1
Ec-07_001400,Esi_0045_0113,D7G1K7,CBJ26815.1
Ec-07_001410,Esi_0045_0114,D7G1K8,CBJ26816.1
Ec-07_001420,Esi_0045_0115,D7G1K9,CBJ26817.1
Ec-07_001430,Esi_0045_0117,D7G1L0,CBJ26818.1
Ec-07_001440,Esi_0045_0119,D7G1L1,CBJ26819.1
Ec-07_000870,Esi_0045_0137,,
Ec-07_001110,Esi_0045_0138,,
Ec-07_000950,Esi_0045_0139,,
Ec-07_001130,Esi_0045_0140,,
Ec-07_001140,Esi_0045_0141,,
Ec-07_001200,Esi_0045_0142,,
Ec-07_001240,Esi_0045_0143,,
Ec-07_000770,Esi_0045_0144,,
Ec-07_001380,Esi_0045_0145,,
Ec-07_001390,Esi_0045_0146,,
Ec-07_000780,Esi_0045_0147,,
Ec-07_001450,Esi_0045_0148,,
Ec-07_004340,Esi_0046_0003,D7G1S4,CBJ48650.1
Ec-07_004330,Esi_0046_0004,D7G1S5,CBJ48651.1
Ec-07_004320,Esi_0046_0005,D7G1S6,CBJ48652.1
Ec-07_004310,Esi_0046_0006,D7G1S7,CBJ48653.1
Ec-07_004300,Esi_0046_0008,D7G1S8,CBJ48654.1
Ec-07_004280,Esi_0046_0010,D7G1S9,CBJ48655.1
Ec-07_004270,Esi_0046_0011,D7G1T0,CBJ48656.1
Ec-07_004260,Esi_0046_0013,D7G1T1,CBJ48657.1
Ec-07_004250,Esi_0046_0014,D7G1T2,CBJ48658.1
Ec-07_004240,Esi_0046_0015,D7G1T3,CBJ48659.1
Ec-07_004230,Esi_0046_0016,D7G1T4,CBJ48660.1
Ec-07_004220,Esi_0046_0017,D7G1T5,CBJ48661.1
Ec-07_004210,Esi_0046_0018,D7G1T6,CBJ48662.1
Ec-07_004200,Esi_0046_0019,D7G1T7,CBJ48663.1
Ec-07_004190,Esi_0046_0022,D7G1T8,CBJ48664.1
Ec-07_004180,Esi_0046_0024,D7G1T9,CBJ48665.1
Ec-07_004160,Esi_0046_0026,D7G1U0,CBJ48666.1
Ec-07_004140,Esi_0046_0027,D7G1U1,CBJ48667.1
Ec-07_004120,Esi_0046_0032,D7G1U2,CBJ48668.1
Ec-07_004110,Esi_0046_0033,D7G1U3,CBJ48669.1
Ec-07_004100,Esi_0046_0035,D7G1U4,CBJ48670.1
Ec-07_004090,Esi_0046_0038,D7G1U5,CBJ48671.1
Ec-07_004070,Esi_0046_0039,D7G1U6,CBJ48672.1
Ec-07_004060,Esi_0046_0040,D7G1U7,CBJ48673.1
Ec-07_004050,Esi_0046_0041,D7G1U8,CBJ48674.1
Ec-07_004040,Esi_0046_0043,D7G1U9,CBJ48675.1
Ec-07_004030,Esi_0046_0047,D7G1V0,CBJ48676.1
Ec-07_004020,Esi_0046_0050,D7G1V1,CBJ48677.1
Ec-07_004010,Esi_0046_0052,D7G1V2,CBJ48678.1
Ec-07_004000,Esi_0046_0053,D7G1V3,CBJ48679.1
Ec-07_003990,Esi_0046_0054,D7G1V4,CBJ48680.1
Ec-07_003970,Esi_0046_0060,D7G1V5,CBJ48681.1
Ec-07_003960,Esi_0046_0064,D7G1V6,CBJ48682.1
Ec-07_003950,Esi_0046_0065,D7G1V7,CBJ48683.1
Ec-07_003940,Esi_0046_0066,D7G1V8,CBJ48684.1
Ec-07_003930,Esi_0046_0067,D7G1V9,CBJ48685.1
Ec-07_003920,Esi_0046_0069,D7G1W0,CBJ48686.1
Ec-07_003910,Esi_0046_0070,D7G1W1,CBJ48687.1
Ec-07_003900,Esi_0046_0071,D7G1W2,CBJ48688.1
,Esi_0046_0072,D7G1W3,CBJ48689.1
Ec-07_003890,Esi_0046_0073,D7G1W4,CBJ48690.1
Ec-07_003880,Esi_0046_0075,D7G1W5,CBJ48691.1
Ec-07_003870,Esi_0046_0076,D7G1W6,CBJ48692.1
Ec-07_003860,Esi_0046_0077,D7G1W7,CBJ48693.1
Ec-07_003850,Esi_0046_0078,D7G1W8,CBJ48694.1
Ec-07_003840,Esi_0046_0079,D7G1W9,CBJ48695.1
Ec-07_003830,Esi_0046_0081,D7G1X0,CBJ48696.1
Ec-07_003810,Esi_0046_0082,D7G1X1,CBJ48697.1
Ec-07_003800,Esi_0046_0084,D7G1X2,CBJ48698.1
Ec-07_003790,Esi_0046_0085,D7G1X3,CBJ48699.1
Ec-07_003770,Esi_0046_0086,D7G1X4,CBJ48700.1
,Esi_0046_0087,D7G1X5,CBJ48701.1
Ec-07_003760,Esi_0046_0088,D7G1X6,CBJ48702.1
Ec-07_003750,Esi_0046_0089,D7G1X7,CBJ48703.1
Ec-07_003740,Esi_0046_0090,D7G1X8,CBJ48704.1
Ec-07_003730,Esi_0046_0091,D7G1X9,CBJ48705.1
Ec-07_003720,Esi_0046_0092,D7G1Y0,CBJ48706.1
Ec-07_003710,Esi_0046_0094,D7G1Y1,CBJ48707.1
Ec-07_003700,Esi_0046_0096,D7G1Y2,CBJ48708.1
Ec-07_003690,Esi_0046_0097,D7G1Y3,CBJ48709.1
Ec-07_003680,Esi_0046_0098,D7G1Y4,CBJ48710.1
,Esi_0046_0099,D7G1Y5,CBJ48711.1
Ec-07_003670,Esi_0046_0100,D7G1Y6,CBJ48712.1
Ec-07_003660,Esi_0046_0102,D7G1Y7,CBJ48713.1
Ec-07_003650,Esi_0046_0104,D7G1Y8,CBJ48714.1
Ec-07_003640,Esi_0046_0105,D7G1Y9,CBJ48715.1
Ec-07_003630,Esi_0046_0106,D7G1Z0,CBJ48716.1
Ec-07_003620,Esi_0046_0107,D7G1Z1,CBJ48717.1
Ec-07_003610,Esi_0046_0109,D7G1Z2,CBJ48718.1
Ec-07_003600,Esi_0046_0110,D7G1Z3,CBJ48719.1
Ec-07_003590,Esi_0046_0111,D7G1Z4,CBJ48720.1
Ec-07_003580,Esi_0046_0112,D7G1Z5,CBJ48721.1
Ec-07_003570,Esi_0046_0115,D7G1Z6,CBJ48722.1
Ec-07_003560,Esi_0046_0118,D7G1Z7,CBJ48723.1
Ec-07_003550,Esi_0046_0119,D7G1Z8,CBJ48724.1
Ec-07_003540,Esi_0046_0120,D7G1Z9,CBJ48725.1
Ec-07_003530,Esi_0046_0121,D7G200,CBJ48726.1
Ec-07_003510,Esi_0046_0122,D7G201,CBJ48727.1
Ec-07_003490,Esi_0046_0124,D7G202,CBJ48728.1
Ec-07_003480,Esi_0046_0125,D7G203,CBJ48729.1
Ec-07_003470,Esi_0046_0126,D7G204,CBJ48730.1
Ec-07_003430,Esi_0046_0128,D7G205,CBJ48731.1
Ec-07_003420,Esi_0046_0129,D7G206,CBJ48732.1
Ec-07_003410,Esi_0046_0130,D7G207,CBJ48733.1
Ec-07_003400,Esi_0046_0131,D7G208,CBJ48734.1
Ec-07_003390,Esi_0046_0133,D7G209,CBJ48735.1
Ec-07_003380,Esi_0046_0134,D7G210,CBJ48736.1
Ec-07_003370,Esi_0046_0135,D7G211,CBJ48737.1
Ec-07_003360,Esi_0046_0136,D7G212,CBJ48738.1
Ec-07_003350,Esi_0046_0137,D7G213,CBJ48739.1
Ec-07_003340,Esi_0046_0138,D7G214,CBJ48740.1
Ec-07_003330,Esi_0046_0139,D7G215,CBJ48741.1
Ec-07_003520,Esi_0046_0146,,
Ec-07_003500,Esi_0046_0147,,
Ec-07_003450,Esi_0046_0148,,
Ec-07_003440,Esi_0046_0149,,
Ec-07_004080,Esi_0046_0153,,
Ec-07_004170,Esi_0046_0154,,
Ec-07_004150,Esi_0046_0155,,
Ec-07_004130,Esi_0046_0156,,
Ec-07_003980,Esi_0046_0157,,
Ec-07_003820,Esi_0046_0158,,
Ec-07_003780,Esi_0046_0159,,
Ec-07_004290,Esi_0046_0160,,
Ec-07_003460,Esi_0046_0161,,
Ec-16_002330,Esi_0047_0002,D7G265,CBJ48742.1
Ec-16_002310,Esi_0047_0006,D7G266,CBJ48743.1
Ec-16_002300,Esi_0047_0010,D7G267,CBJ48744.1
Ec-16_002290,Esi_0047_0012,D7G268,CBJ48745.1
Ec-16_002280,Esi_0047_0014,D7G269,CBJ48746.1
Ec-16_002270,Esi_0047_0015,D7G270,CBJ48747.1
Ec-16_002260,Esi_0047_0017,D7G271,CBJ48748.1
Ec-16_002250,Esi_0047_0018,D7G272,CBJ48749.1
Ec-16_002240,Esi_0047_0019,D7G273,CBJ48750.1
Ec-16_002230,Esi_0047_0020,D7G274,CBJ48751.1
Ec-16_002210,Esi_0047_0025,D7G275,CBJ48752.1
Ec-16_002190,Esi_0047_0026,D7G276,CBJ48753.1
Ec-16_002170,Esi_0047_0032,D7G277,CBJ48754.1
Ec-16_002160,Esi_0047_0048,D7G278,CBJ48755.1
Ec-16_002150,Esi_0047_0050,D7G279,CBJ48756.1
Ec-16_002140,Esi_0047_0052,D7G280,CBJ48757.1
Ec-16_002130,Esi_0047_0053,D7G281,CBJ48758.1
Ec-16_002120,Esi_0047_0054,D7G282,CBJ48759.1
Ec-16_002110,Esi_0047_0055,D7G283,CBJ48760.1
Ec-16_002100,Esi_0047_0056,D7G284,CBJ48761.1
Ec-16_002090,Esi_0047_0057,D7G285,CBJ48762.1
Ec-16_002080,Esi_0047_0059,D7G286,CBJ48763.1
Ec-16_002070,Esi_0047_0061,D7G287,CBJ48764.1
Ec-16_002060,Esi_0047_0063,D7G288,CBJ48765.1
Ec-16_002050,Esi_0047_0064,D7G289,CBJ48766.1
Ec-16_002040,Esi_0047_0065,D7G290,CBJ48767.1
Ec-16_002030,Esi_0047_0067,D7G291,CBJ48768.1
Ec-16_002020,Esi_0047_0069,D7G292,CBJ48769.1
Ec-16_002010,Esi_0047_0070,D7G293,CBJ48770.1
Ec-16_002000,Esi_0047_0071,D7G294,CBJ48771.1
Ec-16_001990,Esi_0047_0072,D7G295,CBJ48772.1
Ec-16_001970,Esi_0047_0073,D7G296,CBJ48773.1
Ec-16_001960,Esi_0047_0074,D7G297,CBJ48774.1
Ec-16_001950,Esi_0047_0080,D7G298,CBJ48775.1
Ec-16_001940,Esi_0047_0081,D7G299,CBJ48776.1
Ec-16_001930,Esi_0047_0082,D7G2A0,CBJ48777.1
Ec-16_001920,Esi_0047_0083,D7G2A1,CBJ48778.1
Ec-16_001910,Esi_0047_0085,D7G2A2,CBJ48779.1
Ec-16_001900,Esi_0047_0086,D7G2A3,CBJ48780.1
Ec-16_001890,Esi_0047_0087,D7G2A4,CBJ48781.1
Ec-16_001870,Esi_0047_0089,D7G2A5,CBJ48782.1
Ec-16_001860,Esi_0047_0090,D7G2A6,CBJ48783.1
Ec-16_001850,Esi_0047_0091,D7G2A7,CBJ48784.1
Ec-16_001840,Esi_0047_0093,D7G2A8,CBJ48785.1
Ec-16_001830,Esi_0047_0094,D7G2A9,CBJ48786.1
Ec-16_001820,Esi_0047_0095,D7G2B0,CBJ48787.1
Ec-16_001810,Esi_0047_0097,D7G2B1,CBJ48788.1
Ec-16_001800,Esi_0047_0099,D7G2B2,CBJ48789.1
Ec-16_001790,Esi_0047_0100,D7G2B3,CBJ48790.1
Ec-16_001780,Esi_0047_0101,D7G2B4,CBJ48791.1
Ec-16_001770,Esi_0047_0105,D7G2B5,CBJ48792.1
Ec-16_001760,Esi_0047_0106,D7G2B6,CBJ48793.1
Ec-16_001740,Esi_0047_0109,D7G2B7,CBJ48794.1
Ec-16_001730,Esi_0047_0110,D7G2B8,CBJ48795.1
Ec-16_001720,Esi_0047_0111,D7G2B9,CBJ48796.1
Ec-16_001710,Esi_0047_0112,D7G2C0,CBJ48797.1
Ec-16_001700,Esi_0047_0115,D7G2C1,CBJ48798.1
Ec-16_001690,Esi_0047_0116,D7G2C2,CBJ48799.1
Ec-16_001680,Esi_0047_0117,D7G2C3,CBJ48800.1
Ec-16_001670,Esi_0047_0118,D7G2C4,CBJ48801.1
Ec-16_001660,Esi_0047_0121,D7G2C5,CBJ48802.1
Ec-16_001650,Esi_0047_0123,D7G2C6,CBJ48803.1
Ec-16_001640,Esi_0047_0126,D7G2C7,CBJ48804.1
Ec-16_001620,Esi_0047_0134,D7G2C8,CBJ48805.1
Ec-16_001610,Esi_0047_0138,D7G2C9,CBJ48806.1
Ec-16_001600,Esi_0047_0141,D7G2D0,CBJ48807.1
Ec-16_001570,Esi_0047_0145,D7G2D1,CBJ48808.1
,Esi_0047_0155,D7G2D2,CBJ48809.1
Ec-16_002200,Esi_0047_0180,,
Ec-16_002220,Esi_0047_0181,,
Ec-16_002180,Esi_0047_0182,,
Ec-16_002320,Esi_0047_0183,,
Ec-16_001980,Esi_0047_0184,,
Ec-16_001880,Esi_0047_0185,,
Ec-16_001750,Esi_0047_0186,,
Ec-16_001630,Esi_0047_0187,,
Ec-16_001590,Esi_0047_0188,,
Ec-16_001580,Esi_0047_0189,,
,Esi_0048_0001,D7G2J5,CBJ26820.1
Ec-11_002480,Esi_0048_0004,D7G2J6,CBJ26821.1
Ec-11_002490,Esi_0048_0006,D7G2J7,CBJ26822.1
Ec-11_002500,Esi_0048_0008,D7G2J8,CBJ26823.1
Ec-11_002510,Esi_0048_0010,D7G2J9,CBJ26824.1
Ec-11_002520,Esi_0048_0011,D7G2K0,CBJ26825.1
Ec-11_002530,Esi_0048_0013,D7G2K1,CBJ26826.1
Ec-11_002540,Esi_0048_0016,D7G2K2,CBJ26827.1
Ec-11_002550,Esi_0048_0019,D7G2K3,CBJ26828.1
Ec-11_002560,Esi_0048_0020,D7G2K4,CBJ26829.1
Ec-11_002570,Esi_0048_0021,D7G2K5,CBJ26830.1
Ec-11_002580,Esi_0048_0022,D7G2K6,CBJ26831.1
Ec-11_002590,Esi_0048_0023,D7G2K7,CBJ26832.1
Ec-11_002600,Esi_0048_0029,D7G2K8,CBJ26833.1
Ec-11_002610,Esi_0048_0032,D7G2K9,CBJ26834.1
Ec-11_002620,Esi_0048_0034,D7G2L0,CBJ26835.1
Ec-11_002640,Esi_0048_0038,D7G2L1,CBJ26836.1
Ec-11_002650,Esi_0048_0041,D7G2L2,CBJ26837.1
Ec-11_002660,Esi_0048_0042,D7G2L3,CBJ26838.1
Ec-11_002670,Esi_0048_0043,D7G2L4,CBJ26839.1
Ec-11_002680,Esi_0048_0044,D7G2L5,CBJ26840.1
Ec-11_002690,Esi_0048_0045,D7G2L6,CBJ26841.1
Ec-11_002700,Esi_0048_0046,D7G2L7,CBJ26842.1
Ec-11_002710,Esi_0048_0048,D7G2L8,CBJ26843.1
Ec-11_002720,Esi_0048_0049,D7G2L9,CBJ26844.1
Ec-11_002730,Esi_0048_0051,D7G2M0,CBJ26845.1
Ec-11_002740,Esi_0048_0052,D7G2M1,CBJ26846.1
Ec-11_002750,Esi_0048_0054,D7G2M2,CBJ26847.1
Ec-11_002760,Esi_0048_0055,D7G2M3,CBJ26848.1
Ec-11_002770,Esi_0048_0056,D7G2M4,CBJ26849.1
Ec-11_002780,Esi_0048_0057,D7G2M5,CBJ26850.1
Ec-11_002790,Esi_0048_0058,D7G2M6,CBJ26851.1
Ec-11_002800,Esi_0048_0059,D7G2M7,CBJ26852.1
Ec-11_002810,Esi_0048_0061,D7G2M8,CBJ26853.1
Ec-11_002820,Esi_0048_0062,D7G2M9,CBJ26854.1
Ec-11_002830,Esi_0048_0064,D7G2N0,CBJ26855.1
Ec-11_002840,Esi_0048_0066,D7G2N1,CBJ26856.1
Ec-11_002850,Esi_0048_0070,D7G2N2,CBJ26857.1
Ec-11_002860,Esi_0048_0074,D7G2N3,CBJ26858.1
Ec-11_002870,Esi_0048_0077,D7G2N4,CBJ26859.1
Ec-11_002880,Esi_0048_0078,D7G2N5,CBJ26860.1
Ec-11_002890,Esi_0048_0079,D7G2N6,CBJ26861.1
Ec-11_002900,Esi_0048_0081,D7G2N7,CBJ26862.1
Ec-11_002910,Esi_0048_0082,D7G2N8,CBJ26863.1
Ec-11_002920,Esi_0048_0084,D7G2N9,CBJ26864.1
Ec-11_002930,Esi_0048_0085,D7G2P0,CBJ26865.1
Ec-11_002940,Esi_0048_0086,D7G2P1,CBJ26866.1
Ec-11_002950,Esi_0048_0087,D7G2P2,CBJ26867.1
Ec-11_002960,Esi_0048_0089,D7G2P3,CBJ26868.1
Ec-11_002970,Esi_0048_0090,D7G2P4,CBJ26869.1
Ec-11_002980,Esi_0048_0091,D7G2P5,CBJ26870.1
Ec-11_002990,Esi_0048_0093,D7G2P6,CBJ26871.1
Ec-11_003000,Esi_0048_0094,D7G2P7,CBJ26872.1
Ec-11_003040,Esi_0048_0095,D7G2P8,CBJ26873.1
Ec-11_003050,Esi_0048_0096,D7G2P9,CBJ26874.1
Ec-11_003060,Esi_0048_0097,D7G2Q0,CBJ26875.1
Ec-11_003070,Esi_0048_0099,D7G2Q1,CBJ26876.1
Ec-11_003080,Esi_0048_0101,D7G2Q2,CBJ26877.1
Ec-11_003090,Esi_0048_0102,D7G2Q3,CBJ26878.1
Ec-11_003100,Esi_0048_0104,D7G2Q4,CBJ26879.1
Ec-11_003110,Esi_0048_0105,D7G2Q5,CBJ26880.1
Ec-11_003120,Esi_0048_0106,D7G2Q6,CBJ26881.1
Ec-11_003130,Esi_0048_0107,D7G2Q7,CBJ26882.1
Ec-11_003140,Esi_0048_0109,D7G2Q8,CBJ26883.1
Ec-11_003150,Esi_0048_0110,D7G2Q9,CBJ26884.1
Ec-11_003160,Esi_0048_0111,D7G2R0,CBJ26885.1
Ec-11_003170,Esi_0048_0112,D7G2R1,CBJ26886.1
Ec-11_003180,Esi_0048_0113,D7G2R2,CBJ26887.1
Ec-11_003190,Esi_0048_0115,D7G2R3,CBJ26888.1
Ec-11_003200,Esi_0048_0116,D7G2R4,CBJ26889.1
Ec-11_003220,Esi_0048_0117,D7G2R5,CBJ26890.1
Ec-11_003230,Esi_0048_0118,D7G2R6,CBJ26891.1
Ec-11_003240,Esi_0048_0119,D7G2R7,CBJ26892.1
Ec-11_003250,Esi_0048_0121,D7G2R8,CBJ26893.1
Ec-11_003260,Esi_0048_0122,D7G2R9,CBJ26894.1
Ec-11_003270,Esi_0048_0123,D7G2S0,CBJ26895.1
Ec-11_003280,Esi_0048_0124,D7G2S1,CBJ26896.1
Ec-11_003300,Esi_0048_0125,D7G2S2,CBJ26897.1
Ec-11_003310,Esi_0048_0126,D7G2S3,CBJ26898.1
Ec-11_003320,Esi_0048_0128,D7G2S4,CBJ26899.1
Ec-11_003210,Esi_0048_0137,,
Ec-11_003290,Esi_0048_0138,,
Ec-11_002630,Esi_0048_0143,,
Ec-11_003010,Esi_0048_0144,,
Ec-11_003020,Esi_0048_0145,,
Ec-11_003030,Esi_0048_0146,,
Ec-11_003330,Esi_0048_0147,,
Ec-09_004770,Esi_0049_0009,D7G2V4,CBJ48811.1
Ec-09_004750,Esi_0049_0010,D7G2V5,CBJ48812.1
Ec-09_004740,Esi_0049_0012,D7G2V6,CBJ48813.1
Ec-09_004730,Esi_0049_0013,D7G2V7,CBJ48814.1
,Esi_0049_0014,D7G2V8,CBJ48815.1
Ec-09_004720,Esi_0049_0015,D7G2V9,CBJ48816.1
Ec-09_004710,Esi_0049_0016,D7G2W0,CBJ48817.1
Ec-09_004700,Esi_0049_0023,D7G2W1,CBJ48818.1
Ec-09_004690,Esi_0049_0024,D7G2W2,CBJ48819.1
Ec-09_004680,Esi_0049_0025,D7G2W3,CBJ48820.1
Ec-09_004670,Esi_0049_0026,D7G2W4,CBJ48821.1
Ec-09_004660,Esi_0049_0027,D7G2W5,CBJ48822.1
Ec-09_004650,Esi_0049_0028,D7G2W6,CBJ48823.1
Ec-09_004640,Esi_0049_0030,D7G2W7,CBJ48824.1
Ec-09_004630,Esi_0049_0033,D7G2W8,CBJ48825.1
,Esi_0049_0036,D7G2W9,CBJ48826.1
Ec-09_004620,Esi_0049_0037,D7G2X0,CBJ48827.1
Ec-09_004610,Esi_0049_0040,D7G2X1,CBJ48828.1
Ec-09_004600,Esi_0049_0048,D7G2X2,CBJ48829.1
Ec-09_004590,Esi_0049_0049,D7G2X3,CBJ48830.1
Ec-09_004580,Esi_0049_0051,D7G2X4,CBJ48831.1
Ec-09_004570,Esi_0049_0053,D7G2X5,CBJ48832.1
Ec-09_004560,Esi_0049_0054,D7G2X6,CBJ48833.1
Ec-09_004550,Esi_0049_0055,D7G2X7,CBJ48834.1
Ec-09_004540,Esi_0049_0056,D7G2X8,CBJ48835.1
Ec-09_004530,Esi_0049_0059,D7G2X9,CBJ48836.1
Ec-09_004520,Esi_0049_0064,D7G2Y0,CBJ48837.1
Ec-09_004490,Esi_0049_0065,D7G2Y1,CBJ48838.1
Ec-09_004470,Esi_0049_0068,D7G2Y2,CBJ48839.1
Ec-09_004460,Esi_0049_0070,D7G2Y3,CBJ48840.1
Ec-09_004450,Esi_0049_0075,D7G2Y4,CBJ48841.1
Ec-09_004430,Esi_0049_0076,D7G2Y5,CBJ48842.1
Ec-09_004400,Esi_0049_0078,D7G2Y6,CBJ48843.1
Ec-09_004370,Esi_0049_0089,D7G2Y7,CBJ48844.1
Ec-09_004360,Esi_0049_0093,D7G2Y8,CBJ48845.1
Ec-09_004350,Esi_0049_0096,D7G2Y9,CBJ48846.1
Ec-09_004340,Esi_0049_0097,D7G2Z0,CBJ48847.1
Ec-09_004330,Esi_0049_0100,D7G2Z1,CBJ48848.1
Ec-09_004320,Esi_0049_0101,D7G2Z2,CBJ48849.1
Ec-09_004310,Esi_0049_0103,D7G2Z3,CBJ48850.1
Ec-09_004300,Esi_0049_0105,D7G2Z4,CBJ48851.1
Ec-09_004290,Esi_0049_0108,D7G2Z5,CBJ48852.1
Ec-09_004280,Esi_0049_0109,D7G2Z6,CBJ48853.1
Ec-09_004270,Esi_0049_0111,D7G2Z7,CBJ48854.1
Ec-09_004260,Esi_0049_0112,D7G2Z8,CBJ48855.1
Ec-09_004250,Esi_0049_0114,D7G2Z9,CBJ48856.1
Ec-09_004240,Esi_0049_0119,D7G300,CBJ48857.1
Ec-09_004230,Esi_0049_0120,D7G301,CBJ48858.1
Ec-09_004220,Esi_0049_0121,D7G302,CBJ48859.1
Ec-09_004210,Esi_0049_0122,D7G303,CBJ48860.1
Ec-09_004200,Esi_0049_0123,D7G304,CBJ48861.1
Ec-09_004190,Esi_0049_0126,D7G305,CBJ48862.1
Ec-09_004180,Esi_0049_0127,D7G306,CBJ48863.1
Ec-09_004170,Esi_0049_0128,D7G307,CBJ48864.1
Ec-09_004160,Esi_0049_0129,D7G308,CBJ48865.1
Ec-09_004150,Esi_0049_0131,D7G309,CBJ48866.1
Ec-09_004140,Esi_0049_0134,D7G310,CBJ48867.1
Ec-09_004130,Esi_0049_0136,D7G311,CBJ48868.1
Ec-09_004120,Esi_0049_0137,D7G312,CBJ48869.1
Ec-09_004110,Esi_0049_0138,D7G313,CBJ48870.1
Ec-09_004100,Esi_0049_0139,D7G314,CBJ48871.1
Ec-09_004440,Esi_0049_0151,,
Ec-09_004420,Esi_0049_0152,,
Ec-09_004410,Esi_0049_0153,,
Ec-09_004380,Esi_0049_0154,,
Ec-09_004510,Esi_0049_0155,,
Ec-09_004500,Esi_0049_0156,,
Ec-09_004480,Esi_0049_0157,,
Ec-09_004760,Esi_0049_0158,,
Ec-09_004390,Esi_0049_0159,,
Ec-03_004530,Esi_0050_0003,D7G353,CBJ26900.1
Ec-03_004540,Esi_0050_0005,D7G354,CBJ26901.1
Ec-03_004550,Esi_0050_0006,D7G355,CBJ26902.1
Ec-03_004560,Esi_0050_0008,D7G356,CBJ26903.1
Ec-03_004570,Esi_0050_0009,D7G357,CBJ26904.1
Ec-03_004590,Esi_0050_0010,D7G358,CBJ26905.1
Ec-03_004600,Esi_0050_0013,D7G359,CBJ26906.1
Ec-03_004610,Esi_0050_0016,D7G360,CBJ26907.1
Ec-03_004620,Esi_0050_0017,D7G361,CBJ26908.1
Ec-03_004630,Esi_0050_0018,D7G362,CBJ26909.1
Ec-03_004640,Esi_0050_0019,D7G363,CBJ26910.1
Ec-03_004650,Esi_0050_0021,D7G364,CBJ26911.1
Ec-03_004670,Esi_0050_0025,D7G365,CBJ26912.1
Ec-03_004680,Esi_0050_0026,D7G366,CBJ26913.1
Ec-03_004690,Esi_0050_0029,D7G367,CBJ26914.1
Ec-03_004700,Esi_0050_0033,D7G368,CBJ26915.1
Ec-03_004720,Esi_0050_0038,D7G369,CBJ26916.1
Ec-03_004730,Esi_0050_0039,D7G370,CBJ26917.1
Ec-03_004750,Esi_0050_0050,D7G371,CBJ26918.1
Ec-03_004760,Esi_0050_0054,D7G372,CBJ26919.1
Ec-03_004770,Esi_0050_0056,D7G373,CBJ26920.1
Ec-03_004780,Esi_0050_0060,D7G374,CBJ26921.1
Ec-03_004790,Esi_0050_0061,D7G375,CBJ26922.1
Ec-03_004810,Esi_0050_0067,D7G376,CBJ26923.1
Ec-03_004830,Esi_0050_0072,D7G377,CBJ26924.1
Ec-03_004840,Esi_0050_0073,D7G378,CBJ26925.1
Ec-03_004850,Esi_0050_0074,D7G379,CBJ26926.1
Ec-03_004860,Esi_0050_0076,D7G380,CBJ26927.1
Ec-03_004870,Esi_0050_0077,D7G381,CBJ26928.1
Ec-03_004890,Esi_0050_0080,D7G382,CBJ26929.1
Ec-03_004900,Esi_0050_0081,D7G383,CBJ26930.1
Ec-03_004910,Esi_0050_0082,D7G384,CBJ26931.1
Ec-03_004920,Esi_0050_0083,D7G385,CBJ26932.1
Ec-03_004930,Esi_0050_0084,D7G386,CBJ26933.1
Ec-03_004940,Esi_0050_0085,,
Ec-03_004950,Esi_0050_0086,D7G388,CBJ26935.1
Ec-03_004960,Esi_0050_0087,D7G389,CBJ26936.1
Ec-03_004970,Esi_0050_0088,D7G390,CBJ26937.1
,Esi_0050_0089,D7G391,CBJ26938.1
Ec-03_004990,Esi_0050_0091,D7G392,CBJ26939.1
Ec-03_005000,Esi_0050_0092,D7G393,CBJ26940.1
Ec-03_005010,Esi_0050_0094,D7G394,CBJ26941.1
Ec-03_005020,Esi_0050_0096,D7G395,CBJ26942.1
Ec-03_005030,Esi_0050_0098,D7G396,CBJ26943.1
Ec-03_005040,Esi_0050_0100,D7G397,CBJ26944.1
Ec-03_005050,Esi_0050_0103,D7G398,CBJ26945.1
Ec-03_005060,Esi_0050_0105,D7G399,CBJ26946.1
Ec-03_005070,Esi_0050_0107,D7G3A0,CBJ26947.1
Ec-03_005090,Esi_0050_0118,D7G3A1,CBJ26948.1
Ec-03_004660,Esi_0050_0132,,
Ec-03_004710,Esi_0050_0133,,
Ec-03_004740,Esi_0050_0134,,
Ec-03_004520,Esi_0050_0135,,
Ec-03_004800,Esi_0050_0136,,
Ec-03_004820,Esi_0050_0137,,
Ec-03_004880,Esi_0050_0138,,
Ec-03_004980,Esi_0050_0139,,
Ec-03_005080,Esi_0050_0140,,
Ec-03_004580,Esi_0050_0141,,
Ec-19_004320,Esi_0051_0003,D7G3F1,CBJ26949.1
Ec-19_004330,Esi_0051_0010,D7G3F2,CBJ26950.1
Ec-19_004340,Esi_0051_0011,D7G3F3,CBJ26951.1
Ec-19_004360,Esi_0051_0013,D7G3F4,CBJ26952.1
Ec-19_004370,Esi_0051_0015,D7G3F5,CBJ26953.1
Ec-19_004380,Esi_0051_0017,D7G3F6,CBJ26954.1
Ec-19_004390,Esi_0051_0019,D7G3F7,CBJ26955.1
Ec-19_004400,Esi_0051_0024,D7G3F8,CBJ26956.1
Ec-19_004410,Esi_0051_0027,D7G3F9,CBJ26957.1
Ec-19_004420,Esi_0051_0030,D7G3G0,CBJ26958.1
,Esi_0051_0031,D7G3G1,CBJ26959.1
Ec-19_004460,Esi_0051_0034,D7G3G2,CBJ26960.1
Ec-19_004470,Esi_0051_0035,D7G3G3,CBJ26961.1
Ec-19_004510,Esi_0051_0037,D7G3G4,CBJ26962.1
Ec-19_004520,Esi_0051_0039,D7G3G5,CBJ26963.1
Ec-19_004530,Esi_0051_0041,D7G3G6,CBJ26964.1
Ec-19_004540,Esi_0051_0045,D7G3G7,CBJ26965.1
Ec-19_004550,Esi_0051_0046,D7G3G8,CBJ26966.1
Ec-19_004560,Esi_0051_0048,D7G3G9,CBJ26967.1
Ec-19_004570,Esi_0051_0050,D7G3H0,CBJ26968.1
Ec-19_004580,Esi_0051_0052,D7G3H1,CBJ26969.1
Ec-19_004600,Esi_0051_0055,D7G3H2,CBJ26970.1
Ec-19_004610,Esi_0051_0056,D7G3H3,CBJ26971.1
Ec-19_004630,Esi_0051_0057,D7G3H4,CBJ26972.1
Ec-19_004640,Esi_0051_0060,D7G3H5,CBJ26973.1
Ec-19_004650,Esi_0051_0061,D7G3H6,CBJ26974.1
Ec-19_004660,Esi_0051_0062,D7G3H7,CBJ26975.1
Ec-19_004670,Esi_0051_0063,D7G3H8,CBJ26976.1
Ec-19_004680,Esi_0051_0064,D7G3H9,CBJ26977.1
Ec-19_004690,Esi_0051_0066,D7G3I0,CBJ26978.1
,Esi_0051_0067,D7G3I1,CBJ26979.1
Ec-19_004700,Esi_0051_0069,D7G3I2,CBJ26980.1
Ec-19_004710,Esi_0051_0071,D7G3I3,CBJ26981.1
Ec-19_004720,Esi_0051_0072,D7G3I4,CBJ26982.1
Ec-19_004730,Esi_0051_0073,D7G3I5,CBJ26983.1
Ec-19_004740,Esi_0051_0074,D7G3I6,CBJ26984.1
Ec-19_004750,Esi_0051_0077,D7G3I7,CBJ26985.1
Ec-19_004760,Esi_0051_0080,D7G3I8,CBJ26986.1
Ec-19_004780,Esi_0051_0081,D7G3I9,CBJ26987.1
Ec-19_004790,Esi_0051_0084,D7G3J0,CBJ26988.1
Ec-19_004800,Esi_0051_0085,D7G3J1,CBJ26989.1
Ec-19_004810,Esi_0051_0086,D7G3J2,CBJ26990.1
Ec-19_004820,Esi_0051_0089,D7G3J3,CBJ26991.1
Ec-19_004830,Esi_0051_0091,D7G3J4,CBJ26992.1
Ec-19_004880,Esi_0051_0092,D7G3J5,CBJ26993.1
Ec-19_004890,Esi_0051_0093,D7G3J6,CBJ26994.1
Ec-19_004900,Esi_0051_0095,D7G3J7,CBJ26995.1
Ec-19_004920,Esi_0051_0097,D7G3J8,CBJ26996.1
Ec-19_004930,Esi_0051_0101,D7G3J9,CBJ26997.1
Ec-19_004940,Esi_0051_0102,D7G3K0,CBJ26998.1
Ec-19_004960,Esi_0051_0109,D7G3K1,CBJ26999.1
Ec-19_004970,Esi_0051_0110,D7G3K2,CBJ27000.1
Ec-19_004980,Esi_0051_0111,D7G3K3,CBJ27001.1
Ec-19_004990,Esi_0051_0113,D7G3K4,CBJ27002.1
Ec-19_005000,Esi_0051_0115,D7G3K5,CBJ27003.1
Ec-19_005020,Esi_0051_0117,D7G3K6,CBJ27004.1
Ec-19_005030,Esi_0051_0118,D7G3K7,CBJ27005.1
Ec-19_005040,Esi_0051_0119,D7G3K8,CBJ27006.1
Ec-19_005050,Esi_0051_0120,D7G3K9,CBJ27007.1
Ec-19_005060,Esi_0051_0122,D7G3L0,CBJ27008.1
Ec-19_005070,Esi_0051_0123,D7G3L1,CBJ27009.1
Ec-19_005080,Esi_0051_0125,D7G3L2,CBJ27010.1
Ec-19_004590,Esi_0051_0143,,
Ec-19_004840,Esi_0051_0149,,
Ec-19_004850,Esi_0051_0150,,
Ec-19_004860,Esi_0051_0151,,
Ec-19_004870,Esi_0051_0152,,
Ec-19_004910,Esi_0051_0153,,
Ec-19_004350,Esi_0051_0154,,
Ec-19_004430,Esi_0051_0155,,
Ec-19_004440,Esi_0051_0156,,
Ec-19_004450,Esi_0051_0157,,
Ec-19_004480,Esi_0051_0158,,
Ec-19_004490,Esi_0051_0159,,
Ec-19_004500,Esi_0051_0160,,
Ec-19_004620,Esi_0051_0161,,
Ec-19_004770,Esi_0051_0162,,
Ec-19_004950,Esi_0051_0163,,
Ec-19_005010,Esi_0051_0164,,
Ec-06_007120,Esi_0052_0002,D8LP01,CBN80272.1
Ec-06_007110,Esi_0052_0004,D8LP02,CBN80273.1
Ec-06_007100,Esi_0052_0006,D8LP03,CBN80274.1
Ec-06_007090,Esi_0052_0007,D8LP04,CBN80275.1
Ec-06_007080,Esi_0052_0008,D8LP05,CBN80276.1
Ec-06_007070,Esi_0052_0010,D8LP06,CBN80277.1
Ec-06_007050,Esi_0052_0011,D8LP07,CBN80278.1
Ec-06_007040,Esi_0052_0013,D8LP08,CBN80279.1
Ec-06_007030,Esi_0052_0014,D8LP09,CBN80280.1
Ec-06_007020,Esi_0052_0015,D8LP10,CBN80281.1
Ec-06_007010,Esi_0052_0016,D8LP11,CBN80282.1
Ec-06_007000,Esi_0052_0017,D8LP12,CBN80283.1
Ec-06_006990,Esi_0052_0018,D8LP13,CBN80284.1
Ec-06_006980,Esi_0052_0021,D8LP14,CBN80285.1
Ec-06_006970,Esi_0052_0022,D8LP15,CBN80286.1
Ec-06_006960,Esi_0052_0023,D8LP16,CBN80287.1
Ec-06_006950,Esi_0052_0024,D8LP17,CBN80288.1
Ec-06_006940,Esi_0052_0028,D8LP18,CBN80289.1
Ec-06_006930,Esi_0052_0030,D8LP19,CBN80290.2
Ec-06_006920,Esi_0052_0032,D8LP20,CBN80291.1
Ec-06_006900,Esi_0052_0036,D8LP21,CBN80292.1
Ec-06_006890,Esi_0052_0037,D8LP22,CBN80293.1
Ec-06_006870,Esi_0052_0039,D8LP23,CBN80294.1
Ec-06_006860,Esi_0052_0040,D8LP24,CBN80295.1
Ec-06_006850,Esi_0052_0041,D8LP25,CBN80296.1
Ec-06_006840,Esi_0052_0042,D8LP26,CBN80297.1
Ec-06_006830,Esi_0052_0044,D8LP27,CBN80298.1
Ec-06_006820,Esi_0052_0046,D8LP28,CBN80299.2
Ec-06_006800,Esi_0052_0051,D8LP29,CBN80300.1
Ec-06_006790,Esi_0052_0052,D8LP30,CBN80301.1
Ec-06_006780,Esi_0052_0056,D8LP32,CBN80303.1
Ec-06_006770,Esi_0052_0057,D8LP34,CBN80305.1
Ec-06_006760,Esi_0052_0058,D8LP35,CBN80306.1
Ec-06_006740,Esi_0052_0061,D8LP37,CBN80308.1
Ec-06_006730,Esi_0052_0062,D8LP38,CBN80309.1
Ec-06_006710,Esi_0052_0063,D8LP40,CBN80311.1
Ec-06_006700,Esi_0052_0064,D8LP41,CBN80312.1
Ec-06_006690,Esi_0052_0065,D8LP42,CBN80313.1
,Esi_0052_0066,D8LP43,CBN80314.1
Ec-06_006680,Esi_0052_0067,D8LP44,CBN80315.1
Ec-06_006670,Esi_0052_0068,D8LP45,CBN80316.1
Ec-06_006660,Esi_0052_0071,D8LP46,CBN80317.1
Ec-06_006640,Esi_0052_0072,D8LP48,CBN80319.1
Ec-06_006630,Esi_0052_0073,D8LP49,CBN80320.1
Ec-06_006620,Esi_0052_0075,D8LP50,CBN80321.1
Ec-06_006600,Esi_0052_0077,D8LP52,CBN80323.1
Ec-06_006590,Esi_0052_0078,D8LP53,CBN80324.1
Ec-06_006560,Esi_0052_0080,D8LP56,CBN80327.1
Ec-06_006550,Esi_0052_0081,D8LP57,CBN80328.1
Ec-06_006540,Esi_0052_0082,D8LP58,CBN80329.1
Ec-06_006530,Esi_0052_0083,D8LP59,CBN80330.1
Ec-06_006490,Esi_0052_0085,D8LP63,CBN80334.1
Ec-06_006480,Esi_0052_0086,D8LP64,CBN80335.1
Ec-06_006460,Esi_0052_0087,D8LP66,CBN80337.1
Ec-06_006450,Esi_0052_0088,D8LP67,CBN80338.1
Ec-06_006440,Esi_0052_0089,D8LP68,CBN80339.1
Ec-06_006430,Esi_0052_0090,D8LP69,CBN80340.1
Ec-06_006420,Esi_0052_0091,D8LP70,CBN80341.1
Ec-06_006390,Esi_0052_0093,D8LP73,CBN80344.1
Ec-06_006370,Esi_0052_0094,D8LP75,CBN80346.1
Ec-06_006360,Esi_0052_0095,D8LP76,CBN80347.1
Ec-06_006340,Esi_0052_0096,D8LP78,CBN80349.1
Ec-06_006290,Esi_0052_0097,D8LP83,CBN80354.1
Ec-06_006280,Esi_0052_0098,D8LP84,CBN80355.1
Ec-06_006230,Esi_0052_0099,D8LP89,CBN80360.1
Ec-06_006220,Esi_0052_0100,D8LP90,CBN80361.1
Ec-06_006210,Esi_0052_0101,D8LP91,CBN80362.1
Ec-06_006170,Esi_0052_0102,D8LP95,CBN80366.1
Ec-06_006140,Esi_0052_0103,D8LP98,CBN80369.1
Ec-06_006120,Esi_0052_0104,D8LPA0,CBN80371.1
Ec-06_006110,Esi_0052_0105,D8LPA1,CBN80372.1
Ec-06_006100,Esi_0052_0106,D8LPA2,CBN80373.1
Ec-06_006080,Esi_0052_0107,D8LPA4,CBN80375.1
Ec-06_006060,Esi_0052_0108,D8LPA6,CBN80377.1
Ec-06_006050,Esi_0052_0109,D8LPA7,CBN80378.1
Ec-06_006040,Esi_0052_0110,D8LPA8,CBN80379.1
Ec-06_006000,Esi_0052_0111,D8LPB2,CBN80383.1
Ec-06_005990,Esi_0052_0112,D8LPB3,CBN80384.1
Ec-06_005980,Esi_0052_0113,D8LPB4,CBN80385.1
Ec-06_005970,Esi_0052_0114,D8LPB5,CBN80386.1
Ec-06_005940,Esi_0052_0115,D8LPB8,CBN80389.1
Ec-06_005920,Esi_0052_0116,D8LPC0,CBN80391.1
Ec-06_005900,Esi_0052_0117,D8LPC2,CBN80393.1
Ec-06_005880,Esi_0052_0118,D8LPC4,CBN80395.1
Ec-06_005800,Esi_0052_0119,D8LPD2,CBN80403.1
Ec-06_005790,Esi_0052_0120,D8LPD3,CBN80404.1
Ec-06_005780,Esi_0052_0121,D8LPD4,CBN80405.1
Ec-06_005750,Esi_0052_0122,D8LPD7,CBN80408.1
Ec-06_005730,Esi_0052_0123,,
Ec-06_005710,Esi_0052_0124,D8LPE0,CBN80412.1
Ec-06_005690,Esi_0052_0125,D8LPE2,CBN80414.1
Ec-06_005680,Esi_0052_0126,D8LPE3,CBN80415.1
Ec-06_005670,Esi_0052_0127,D8LPE4,CBN80416.1
Ec-06_005660,Esi_0052_0128,D8LPE5,CBN80417.1
Ec-06_005640,Esi_0052_0129,D8LPE7,CBN80419.1
Ec-06_005630,Esi_0052_0131,D8LPE8,CBN80420.1
Ec-06_005590,Esi_0052_0133,D8LPF2,CBN80424.1
Ec-06_005570,Esi_0052_0134,D8LPF4,CBN80426.1
Ec-06_005560,Esi_0052_0135,D8LPF5,CBN80427.1
Ec-06_005530,Esi_0052_0136,D8LPF8,CBN80430.1
Ec-06_005500,Esi_0052_0137,D8LPG1,CBN80433.1
Ec-06_005460,Esi_0052_0138,D8LPG5,CBN80437.1
Ec-06_005440,Esi_0052_0139,D8LPG7,CBN80439.1
Ec-06_005430,Esi_0052_0140,D8LPG8,CBN80440.1
Ec-06_005400,Esi_0052_0142,D8LPH1,CBN80443.1
Ec-06_005390,Esi_0052_0143,D8LPH2,CBN80444.1
Ec-06_005380,Esi_0052_0144,D8LPH3,CBN80445.1
Ec-06_005350,Esi_0052_0145,D8LPH6,CBN80448.1
Ec-06_005340,Esi_0052_0146,D8LPH7,CBN80449.1
Ec-06_005330,Esi_0052_0147,D8LPH8,CBN80450.1
Ec-06_005310,Esi_0052_0148,D8LPI0,CBN80452.1
Ec-06_005300,Esi_0052_0149,D8LPI1,CBN80453.1
Ec-06_005290,Esi_0052_0150,D8LPI2,CBN80454.1
Ec-06_005280,Esi_0052_0151,D8LPI3,CBN80455.1
Ec-06_005260,Esi_0052_0152,D8LPI5,CBN80457.1
Ec-06_005230,Esi_0052_0153,D8LPI8,CBN80460.1
Ec-06_005220,Esi_0052_0154,D8LPI9,CBN80461.1
Ec-06_005210,Esi_0052_0156,D8LPJ0,CBN80462.1
Ec-06_005200,Esi_0052_0157,D8LPJ1,CBN80463.1
Ec-06_005190,Esi_0052_0158,D8LPJ2,CBN80464.1
Ec-06_005170,Esi_0052_0159,D8LPJ4,CBN80466.1
Ec-06_005160,Esi_0052_0160,D8LPJ5,CBN80467.1
Ec-06_005150,Esi_0052_0161,D8LPJ6,CBN80468.1
Ec-06_005140,Esi_0052_0162,D8LPJ7,CBN80469.1
Ec-06_005120,Esi_0052_0163,D8LPJ9,CBN80471.1
Ec-06_005110,Esi_0052_0164,D8LPK0,CBN80472.1
Ec-06_005100,Esi_0052_0165,D8LPK1,CBN80473.1
Ec-06_005090,Esi_0052_0166,D8LPK2,CBN80474.1
Ec-06_005070,Esi_0052_0167,D8LPK4,CBN80476.1
Ec-06_005060,Esi_0052_0168,D8LPK5,CBN80477.1
Ec-06_005050,Esi_0052_0169,D8LPK6,CBN80478.1
Ec-06_005020,Esi_0052_0170,D8LPK9,CBN80481.1
Ec-06_005010,Esi_0052_0171,D8LPL0,CBN80482.1
Ec-06_005000,Esi_0052_0172,D8LPL1,CBN80483.1
Ec-06_004990,Esi_0052_0173,D8LPL2,CBN80484.1
Ec-06_004970,Esi_0052_0174,D8LPL4,CBN80486.1
Ec-06_004960,Esi_0052_0175,D8LPL5,CBN80487.1
Ec-06_004930,Esi_0052_0180,D8LPL6,CBN80488.1
Ec-06_004920,Esi_0052_0182,D8LPL7,CBN80489.1
Ec-06_004910,Esi_0052_0183,D8LPL8,CBN80490.1
Ec-06_004890,Esi_0052_0185,D8LPL9,CBN80491.1
Ec-06_004870,Esi_0052_0186,D8LPM1,CBN80493.1
Ec-06_004860,Esi_0052_0191,D8LPM2,CBN80494.1
Ec-06_004850,Esi_0052_0193,D8LPM3,CBN80495.1
Ec-06_004840,Esi_0052_0194,D8LPM4,CBN80496.1
Ec-06_004830,Esi_0052_0195,D8LPM5,CBN80497.1
Ec-06_004820,Esi_0052_0196,D8LPM6,CBN80498.1
Ec-06_004810,Esi_0052_0197,D8LPM7,CBN80499.1
Ec-06_004800,Esi_0052_0198,D8LPM8,CBN80500.1
Ec-06_004760,Esi_0052_0199,D8LPM9,CBN80501.1
Ec-06_004750,Esi_0052_0200,D8LPN0,CBN80502.1
Ec-06_005930,Esi_0052_0201,D8LPB9,CBN80390.1
Ec-06_005470,Esi_0052_0202,D8LPG4,CBN80436.1
Ec-06_005250,Esi_0052_0203,D8LPI6,CBN80458.1
Ec-06_005240,Esi_0052_0204,D8LPI7,CBN80459.1
Ec-06_005320,Esi_0052_0205,D8LPH9,CBN80451.1
Ec-06_005770,Esi_0052_0206,D8LPD5,CBN80406.1
Ec-06_006470,Esi_0052_0207,D8LP65,CBN80336.1
Ec-06_006580,Esi_0052_0208,D8LP54,CBN80325.1
Ec-06_006570,Esi_0052_0209,D8LP55,CBN80326.1
Ec-06_006500,Esi_0052_0210,D8LP62,CBN80333.1
Ec-06_006410,Esi_0052_0211,D8LP71,CBN80342.1
Ec-06_006400,Esi_0052_0212,D8LP72,CBN80343.1
Ec-06_006380,Esi_0052_0213,D8LP74,CBN80345.1
Ec-06_006330,Esi_0052_0214,D8LP79,CBN80350.1
Ec-06_006320,Esi_0052_0215,D8LP80,CBN80351.1
Ec-06_006310,Esi_0052_0216,D8LP81,CBN80352.1
Ec-06_006300,Esi_0052_0217,D8LP82,CBN80353.1
Ec-06_006270,Esi_0052_0218,D8LP85,CBN80356.1
Ec-06_006260,Esi_0052_0219,D8LP86,CBN80357.1
Ec-06_006250,Esi_0052_0220,D8LP87,CBN80358.1
Ec-06_006240,Esi_0052_0221,D8LP88,CBN80359.1
Ec-06_006200,Esi_0052_0222,D8LP92,CBN80363.1
Ec-06_006190,Esi_0052_0223,D8LP93,CBN80364.1
Ec-06_006180,Esi_0052_0224,D8LP94,CBN80365.1
Ec-06_006160,Esi_0052_0225,D8LP96,CBN80367.1
Ec-06_006150,Esi_0052_0226,D8LP97,CBN80368.1
Ec-06_006090,Esi_0052_0227,D8LPA3,CBN80374.1
Ec-06_006070,Esi_0052_0228,D8LPA5,CBN80376.1
Ec-06_006030,Esi_0052_0229,D8LPA9,CBN80380.1
Ec-06_006020,Esi_0052_0230,D8LPB0,CBN80381.1
Ec-06_006010,Esi_0052_0231,D8LPB1,CBN80382.1
Ec-06_005960,Esi_0052_0232,D8LPB6,CBN80387.1
Ec-06_005950,Esi_0052_0233,D8LPB7,CBN80388.1
Ec-06_005910,Esi_0052_0234,D8LPC1,CBN80392.1
Ec-06_005890,Esi_0052_0235,D8LPC3,CBN80394.1
,Esi_0052_0236,D8LPC5,CBN80396.1
Ec-06_005870,Esi_0052_0253,,
Ec-06_005860,Esi_0052_0254,D8LPC6,CBN80397.1
Ec-06_005850,Esi_0052_0255,D8LPC7,CBN80398.1
Ec-06_005840,Esi_0052_0256,D8LPC8,CBN80399.1
Ec-06_005830,Esi_0052_0257,D8LPC9,CBN80400.1
Ec-06_005820,Esi_0052_0258,D8LPD0,CBN80401.1
Ec-06_005810,Esi_0052_0259,D8LPD1,CBN80402.1
Ec-06_005760,Esi_0052_0260,D8LPD6,CBN80407.1
Ec-06_005740,Esi_0052_0261,D8LPD8,CBN80409.1
Ec-06_005720,Esi_0052_0262,D8LPD9,CBN80411.1
Ec-06_005700,Esi_0052_0263,D8LPE1,CBN80413.1
Ec-06_005650,Esi_0052_0264,D8LPE6,CBN80418.1
Ec-06_005620,Esi_0052_0265,D8LPE9,CBN80421.1
Ec-06_005610,Esi_0052_0266,D8LPF0,CBN80422.1
Ec-06_005600,Esi_0052_0267,D8LPF1,CBN80423.1
Ec-06_005580,Esi_0052_0268,D8LPF3,CBN80425.1
Ec-06_005550,Esi_0052_0269,D8LPF6,CBN80428.1
Ec-06_005540,Esi_0052_0270,D8LPF7,CBN80429.1
Ec-06_005520,Esi_0052_0271,D8LPF9,CBN80431.1
Ec-06_005510,Esi_0052_0272,D8LPG0,CBN80432.1
Ec-06_005490,Esi_0052_0273,D8LPG2,CBN80434.1
Ec-06_005480,Esi_0052_0274,D8LPG3,CBN80435.1
Ec-06_005450,Esi_0052_0275,D8LPG6,CBN80438.1
Ec-06_005420,Esi_0052_0276,D8LPG9,CBN80441.1
Ec-06_005410,Esi_0052_0277,D8LPH0,CBN80442.1
Ec-06_005370,Esi_0052_0278,D8LPH4,CBN80446.1
Ec-06_005360,Esi_0052_0279,D8LPH5,CBN80447.1
Ec-06_005180,Esi_0052_0280,D8LPJ3,CBN80465.1
Ec-06_006720,Esi_0052_0281,D8LP39,CBN80310.1
Ec-06_005080,Esi_0052_0282,D8LPK3,CBN80475.1
Ec-06_005040,Esi_0052_0283,D8LPK7,CBN80479.1
Ec-06_005030,Esi_0052_0284,D8LPK8,CBN80480.1
Ec-06_004980,Esi_0052_0285,D8LPL3,CBN80485.1
Ec-06_006520,Esi_0052_0286,D8LP60,CBN80331.1
Ec-06_006650,Esi_0052_0287,D8LP47,CBN80318.1
Ec-06_006610,Esi_0052_0288,D8LP51,CBN80322.1
Ec-06_005270,Esi_0052_0289,D8LPI4,CBN80456.1
Ec-06_005130,Esi_0052_0290,D8LPJ8,CBN80470.1
Ec-06_006130,Esi_0052_0291,D8LP99,CBN80370.1
Ec-06_006350,Esi_0052_0292,D8LP77,CBN80348.1
Ec-06_006510,Esi_0052_0293,D8LP61,CBN80332.1
Ec-06_006750,Esi_0052_0294,D8LP36,CBN80307.1
,Esi_0052_0295,D8LP33,CBN80304.1
Ec-06_004880,Esi_0052_0296,D8LPM0,CBN80492.1
,Esi_0052_0297,D8LP31,CBN80302.1
Ec-06_006910,Esi_0052_0309,,
Ec-06_007060,Esi_0052_0310,,
Ec-06_004900,Esi_0052_0311,,
Ec-06_004790,Esi_0052_0312,,
Ec-06_004780,Esi_0052_0313,,
Ec-06_004770,Esi_0052_0314,,
Ec-06_006880,Esi_0052_0315,,
Ec-06_006810,Esi_0052_0316,,
Ec-06_004950,Esi_0052_0317,,
Ec-06_004940,Esi_0052_0318,,
Ec-18_001830,Esi_0053_0001,D8LPN1,CBN77336.1
Ec-18_001840,Esi_0053_0002,D8LPN2,CBN77337.1
Ec-18_001850,Esi_0053_0003,D8LPN3,CBN77338.1
Ec-18_001860,Esi_0053_0004,D8LPN4,CBN77339.1
Ec-18_001870,Esi_0053_0006,D8LPN5,CBN77340.1
Ec-18_001880,Esi_0053_0007,D8LPN6,CBN77341.1
,Esi_0053_0009,D8LPN7,CBN77342.1
Ec-18_001900,Esi_0053_0012,D8LPN8,CBN77343.1
Ec-18_001910,Esi_0053_0013,D8LPN9,CBN77344.1
Ec-18_001920,Esi_0053_0014,D8LPP0,CBN77345.1
Ec-18_001930,Esi_0053_0015,D8LPP1,CBN77346.1
Ec-18_001940,Esi_0053_0021,D8LPP2,CBN77347.1
,Esi_0053_0023,D8LPP3,CBN77348.1
Ec-18_001950,Esi_0053_0024,D8LPP4,CBN77349.1
Ec-18_001960,Esi_0053_0026,D8LPP5,CBN77350.1
Ec-18_001980,Esi_0053_0030,D8LPP6,CBN77351.1
Ec-18_001990,Esi_0053_0032,D8LPP7,CBN77352.1
Ec-18_002000,Esi_0053_0033,D8LPP8,CBN77353.1
Ec-18_002010,Esi_0053_0034,D8LPP9,CBN77354.1
Ec-18_002020,Esi_0053_0035,D8LPQ0,CBN77355.1
Ec-18_002030,Esi_0053_0036,D8LPQ1,CBN77356.1
Ec-18_002040,Esi_0053_0037,D8LPQ2,CBN77357.1
Ec-18_002060,Esi_0053_0039,D8LPQ3,CBN77358.1
Ec-18_002070,Esi_0053_0040,D8LPQ4,CBN77359.1
Ec-18_002080,Esi_0053_0041,D8LPQ5,CBN77360.1
Ec-18_002090,Esi_0053_0042,D8LPQ6,CBN77361.1
Ec-18_002100,Esi_0053_0043,D8LPQ7,CBN77362.1
Ec-18_002120,Esi_0053_0044,D8LPQ8,CBN77363.1
Ec-18_002130,Esi_0053_0045,D8LPQ9,CBN77364.1
Ec-18_002140,Esi_0053_0047,D8LPR0,CBN77365.1
Ec-18_002160,Esi_0053_0049,D8LPR1,CBN77366.1
obsolete,Esi_0053_0050,D8LPR2,CBN77367.1
Ec-18_002170,Esi_0053_0052,D8LPR3,CBN77368.1
Ec-18_002180,Esi_0053_0053,D8LPR4,CBN77369.1
Ec-18_002190,Esi_0053_0055,D8LPR5,CBN77370.1
Ec-18_002200,Esi_0053_0056,D8LPR6,CBN77371.1
Ec-18_002210,Esi_0053_0058,D8LPR7,CBN77372.1
Ec-18_002220,Esi_0053_0059,D8LPR8,CBN77373.1
Ec-18_002230,Esi_0053_0060,D8LPR9,CBN77374.1
Ec-18_002240,Esi_0053_0061,D8LPS0,CBN77375.1
Ec-18_002250,Esi_0053_0068,D8LPS1,CBN77376.1
Ec-18_002260,Esi_0053_0069,D8LPS2,CBN77377.1
Ec-18_002270,Esi_0053_0070,,CBN77378.1
Ec-18_002280,Esi_0053_0071,D8LPS4,CBN77379.1
Ec-18_002290,Esi_0053_0072,D8LPS5,CBN77380.1
Ec-18_002300,Esi_0053_0073,D8LPS6,CBN77381.1
Ec-18_002310,Esi_0053_0074,D8LPS7,CBN77382.1
Ec-18_002320,Esi_0053_0077,D8LPS8,CBN77383.1
Ec-18_002330,Esi_0053_0078,D8LPS9,CBN77384.1
Ec-18_002340,Esi_0053_0080,D8LPT0,CBN77385.1
Ec-18_002350,Esi_0053_0082,D8LPT1,CBN77386.1
Ec-18_002360,Esi_0053_0083,D8LPT2,CBN77387.1
Ec-18_002380,Esi_0053_0085,D8LPT3,CBN77388.1
Ec-18_002390,Esi_0053_0087,D8LPT4,CBN77389.1
Ec-18_002400,Esi_0053_0089,D8LPT5,CBN77390.1
Ec-18_002410,Esi_0053_0095,D8LPT6,CBN77391.1
Ec-18_002430,Esi_0053_0098,D8LPT7,CBN77392.1
Ec-18_002440,Esi_0053_0099,D8LPT8,CBN77393.2
Ec-18_002450,Esi_0053_0101,D8LPT9,CBN77394.1
Ec-18_002470,Esi_0053_0104,D8LPU0,CBN77395.1
,Esi_0053_0106,D8LPU1,CBN77396.1
Ec-18_002500,Esi_0053_0108,D8LPU2,CBN77397.1
Ec-18_002510,Esi_0053_0116,D8LPU3,CBN77398.1
Ec-18_002520,Esi_0053_0117,D8LPU4,CBN77399.1
Ec-18_002530,Esi_0053_0119,D8LPU5,CBN77400.1
Ec-18_002540,Esi_0053_0122,D8LPU6,CBN77401.1
Ec-18_002550,Esi_0053_0124,D8LPU7,CBN77402.1
Ec-18_002560,Esi_0053_0126,D8LPU8,CBN77403.1
Ec-18_002570,Esi_0053_0129,D8LPU9,CBN77404.1
Ec-18_002580,Esi_0053_0136,D8LPV0,CBN77405.1
Ec-18_002590,Esi_0053_0138,D8LPV1,CBN77406.1
Ec-18_002600,Esi_0053_0139,D8LPV2,CBN77407.1
Ec-18_002420,Esi_0053_0159,,
Ec-18_001970,Esi_0053_0160,,
Ec-18_002050,Esi_0053_0161,,
Ec-18_002110,Esi_0053_0162,,
Ec-18_002150,Esi_0053_0163,,
Ec-18_002370,Esi_0053_0164,,
Ec-18_002460,Esi_0053_0165,,
Ec-18_002480,Esi_0053_0166,,
Ec-18_002490,Esi_0053_0167,,
Ec-18_001890,Esi_0053_0168,,
,Esi_0054_0001,D7G3X6,CBJ27011.1
Ec-19_000930,Esi_0054_0002,D7G3X7,CBJ27012.1
Ec-19_000920,Esi_0054_0003,D7G3X8,CBJ27013.1
Ec-19_000910,Esi_0054_0005,D7G3X9,CBJ27014.1
Ec-19_000900,Esi_0054_0006,D7G3Y0,CBJ27015.1
Ec-19_000890,Esi_0054_0010,D7G3Y1,CBJ27016.1
Ec-19_000870,Esi_0054_0013,D7G3Y2,CBJ27017.1
Ec-19_000850,Esi_0054_0018,D7G3Y3,CBJ27018.1
Ec-19_000840,Esi_0054_0020,D7G3Y4,CBJ27019.1
Ec-19_000810,Esi_0054_0026,D7G3Y5,CBJ27020.1
Ec-19_000790,Esi_0054_0027,D7G3Y6,CBJ27021.1
Ec-19_000780,Esi_0054_0030,D7G3Y7,CBJ27022.1
Ec-19_000770,Esi_0054_0031,D7G3Y8,CBJ27023.1
Ec-19_000760,Esi_0054_0034,D7G3Y9,CBJ27024.1
Ec-19_000750,Esi_0054_0036,D7G3Z0,CBJ27025.1
Ec-19_000740,Esi_0054_0037,D7G3Z1,CBJ27026.1
Ec-19_000730,Esi_0054_0038,D7G3Z2,CBJ27027.1
Ec-19_000710,Esi_0054_0039,D7G3Z3,CBJ27028.1
Ec-19_000700,Esi_0054_0044,D7G3Z4,CBJ27029.1
Ec-19_000690,Esi_0054_0056,D7G3Z5,CBJ27030.1
Ec-19_000680,Esi_0054_0057,D7G3Z6,CBJ27031.1
Ec-19_000670,Esi_0054_0059,D7G3Z7,CBJ27032.1
Ec-19_000660,Esi_0054_0060,D7G3Z8,CBJ27033.1
Ec-19_000650,Esi_0054_0061,D7G3Z9,CBJ27034.1
Ec-19_000640,Esi_0054_0062,D7G400,CBJ27035.1
Ec-19_000630,Esi_0054_0063,D7G401,CBJ27036.1
Ec-19_000620,Esi_0054_0065,D7G402,CBJ27037.1
Ec-19_000610,Esi_0054_0067,D7G403,CBJ27038.1
Ec-19_000600,Esi_0054_0068,D7G404,CBJ27039.1
Ec-19_000590,Esi_0054_0069,D7G405,CBJ27040.1
Ec-19_000580,Esi_0054_0071,D7G406,CBJ27041.1
Ec-19_000570,Esi_0054_0078,D7G407,CBJ27042.1
Ec-19_000560,Esi_0054_0080,D7G408,CBJ27043.1
Ec-19_000540,Esi_0054_0083,D7G409,CBJ27044.1
Ec-19_000530,Esi_0054_0085,D7G410,CBJ27045.1
Ec-19_000520,Esi_0054_0088,D7G411,CBJ27046.1
Ec-19_000510,Esi_0054_0089,D7G412,CBJ27047.1
Ec-19_000500,Esi_0054_0092,D7G413,CBJ27048.1
Ec-19_000490,Esi_0054_0093,D7G414,CBJ27049.1
Ec-19_000470,Esi_0054_0097,D7G415,CBJ27050.1
Ec-19_000460,Esi_0054_0098,D7G416,CBJ27051.1
Ec-19_000450,Esi_0054_0100,D7G417,CBJ27052.1
Ec-19_000440,Esi_0054_0102,D7G418,CBJ27053.1
Ec-19_000430,Esi_0054_0103,D7G419,CBJ27054.1
Ec-19_000420,Esi_0054_0104,D7G420,CBJ27055.1
Ec-19_000410,Esi_0054_0105,D7G421,CBJ27056.1
Ec-19_000390,Esi_0054_0107,D7G422,CBJ27057.1
Ec-19_000380,Esi_0054_0114,,
Ec-19_000370,Esi_0054_0118,D7G424,CBJ27059.1
Ec-19_000360,Esi_0054_0120,D7G425,CBJ27060.1
Ec-19_000340,Esi_0054_0121,D7G426,CBJ27061.1
Ec-19_000330,Esi_0054_0122,D7G427,CBJ27062.1
Ec-19_000320,Esi_0054_0123,D7G428,CBJ27063.1
Ec-19_000310,Esi_0054_0124,D7G429,CBJ27064.1
Ec-19_000300,Esi_0054_0133,D7G430,CBJ27065.1
Ec-19_000290,Esi_0054_0136,D7G431,CBJ27066.1
Ec-19_000270,Esi_0054_0138,,
Ec-19_000260,Esi_0054_0142,D7G434,CBJ27069.1
Ec-19_000280,Esi_0054_0156,D7G433,CBJ27068.1
Ec-19_000820,Esi_0054_0160,,
Ec-19_000720,Esi_0054_0161,,
Ec-19_000550,Esi_0054_0162,,
Ec-19_000350,Esi_0054_0163,,
Ec-19_000860,Esi_0054_0164,,
Ec-19_000830,Esi_0054_0165,,
Ec-19_000800,Esi_0054_0166,,
Ec-19_000940,Esi_0054_0167,,
Ec-19_000480,Esi_0054_0168,,
Ec-19_000400,Esi_0054_0169,,
Ec-19_000880,Esi_0054_0170,,
Ec-02_001350,Esi_0055_0003,D7G455,CBJ27070.1
Ec-02_001360,Esi_0055_0005,D7G456,CBJ27071.1
Ec-02_001370,Esi_0055_0008,D7G457,CBJ27072.1
Ec-02_001380,Esi_0055_0009,D7G458,CBJ27073.1
Ec-02_001390,Esi_0055_0012,D7G459,CBJ27074.1
Ec-02_001400,Esi_0055_0013,D7G460,CBJ27075.1
Ec-02_001410,Esi_0055_0014,D7G461,CBJ27076.1
Ec-02_001420,Esi_0055_0016,D7G462,CBJ27077.1
Ec-02_001430,Esi_0055_0017,D7G463,CBJ27078.1
Ec-02_001440,Esi_0055_0019,D7G464,CBJ27079.1
,Esi_0055_0021,D7G465,CBJ27080.1
Ec-02_001450,Esi_0055_0022,D7G466,CBJ27081.1
Ec-02_001460,Esi_0055_0024,D7G467,CBJ27082.1
Ec-02_001470,Esi_0055_0025,D7G468,CBJ27083.1
Ec-02_001480,Esi_0055_0027,D7G469,CBJ27084.1
Ec-02_001490,Esi_0055_0028,D7G470,CBJ27085.1
Ec-02_001500,Esi_0055_0030,D7G471,CBJ27086.1
Ec-02_001510,Esi_0055_0032,D7G472,CBJ27087.1
Ec-02_001530,Esi_0055_0035,D7G473,CBJ27088.1
Ec-02_001540,Esi_0055_0036,D7G474,CBJ27089.1
Ec-02_001560,Esi_0055_0037,D7G475,CBJ27090.1
Ec-02_001580,Esi_0055_0038,D7G476,CBJ27091.1
Ec-02_001590,Esi_0055_0040,D7G477,CBJ27092.1
Ec-02_001610,Esi_0055_0044,D7G478,CBJ27093.1
Ec-02_001620,Esi_0055_0045,D7G479,CBJ27094.1
Ec-02_001640,Esi_0055_0046,D7G480,CBJ27095.1
Ec-02_001650,Esi_0055_0047,D7G481,CBJ27096.1
Ec-02_001660,Esi_0055_0048,D7G482,CBJ27097.1
Ec-02_001670,Esi_0055_0051,D7G483,CBJ27098.1
Ec-02_001680,Esi_0055_0056,D7G484,CBJ27099.1
Ec-02_001710,Esi_0055_0057,D7G485,CBJ27100.1
Ec-02_001720,Esi_0055_0058,D7G486,CBJ27101.1
Ec-02_001730,Esi_0055_0059,D7G487,CBJ27102.1
Ec-02_001740,Esi_0055_0060,D7G488,CBJ27103.1
Ec-02_001750,Esi_0055_0061,D7G489,CBJ27104.1
Ec-02_001760,Esi_0055_0062,D7G490,CBJ27105.1
Ec-02_001770,Esi_0055_0064,D7G491,CBJ27106.1
Ec-02_001780,Esi_0055_0068,D7G492,CBJ27107.1
Ec-02_001820,Esi_0055_0072,D7G493,CBJ27108.1
Ec-02_001830,Esi_0055_0073,D7G494,CBJ27109.1
Ec-02_001840,Esi_0055_0074,D7G495,CBJ27110.1
Ec-02_001850,Esi_0055_0077,D7G496,CBJ27111.1
Ec-02_001880,Esi_0055_0078,D7G498,CBJ27113.1
Ec-02_001890,Esi_0055_0080,D7G499,CBJ27114.1
Ec-02_001900,Esi_0055_0081,D7G4A0,CBJ27115.1
Ec-02_001910,Esi_0055_0083,,
Ec-02_001920,Esi_0055_0084,,
Ec-02_001930,Esi_0055_0085,D7G4A3,CBJ27118.1
Ec-02_001940,Esi_0055_0086,D7G4A4,CBJ27119.1
Ec-02_001950,Esi_0055_0088,D7G4A5,CBJ27120.1
Ec-02_001960,Esi_0055_0090,D7G4A6,CBJ27121.1
Ec-02_001970,Esi_0055_0091,D7G4A7,CBJ27122.1
Ec-02_001980,Esi_0055_0092,D7G4A8,CBJ27123.1
Ec-02_001990,Esi_0055_0094,D7G4A9,CBJ27124.1
Ec-02_002000,Esi_0055_0096,D7G4B0,CBJ27125.1
Ec-02_002020,Esi_0055_0097,D7G4B1,CBJ27126.1
Ec-02_002030,Esi_0055_0098,D7G4B2,CBJ27127.1
Ec-02_002040,Esi_0055_0099,D7G4B3,CBJ27128.1
Ec-02_002050,Esi_0055_0100,D7G4B4,CBJ27129.1
Ec-02_002070,Esi_0055_0103,D7G4B5,CBJ27130.1
Ec-02_002080,Esi_0055_0104,D7G4B6,CBJ27131.1
Ec-02_002090,Esi_0055_0105,D7G4B7,CBJ27132.1
Ec-02_002100,Esi_0055_0106,D7G4B8,CBJ27133.1
Ec-02_002110,Esi_0055_0107,D7G4B9,CBJ27134.1
Ec-02_002150,Esi_0055_0109,D7G4C0,CBJ27135.1
Ec-02_002160,Esi_0055_0110,D7G4C1,CBJ27136.1
Ec-02_002170,Esi_0055_0112,D7G4C2,CBJ27137.1
Ec-02_002190,Esi_0055_0113,D7G451,CBJ27138.1
Ec-02_002200,Esi_0055_0114,D7G452,CBJ27139.1
Ec-02_002210,Esi_0055_0115,D7G453,CBJ27140.1
Ec-02_002220,Esi_0055_0116,D7G454,CBJ27141.1
Ec-02_001690,Esi_0055_0130,,
Ec-02_002060,Esi_0055_0131,,
Ec-02_002120,Esi_0055_0132,,
Ec-02_002130,Esi_0055_0133,,
Ec-02_002140,Esi_0055_0134,,
Ec-02_001860,Esi_0055_0135,D7G497,CBJ27112.1
Ec-02_001520,Esi_0055_0137,,
Ec-02_001790,Esi_0055_0138,,
Ec-02_001800,Esi_0055_0139,,
Ec-02_001810,Esi_0055_0140,,
Ec-02_002010,Esi_0055_0141,,
Ec-02_002180,Esi_0055_0142,,
Ec-02_001550,Esi_0055_0143,,
Ec-02_001570,Esi_0055_0144,,
Ec-02_001600,Esi_0055_0145,,
Ec-02_001630,Esi_0055_0146,,
Ec-02_001700,Esi_0055_0147,,
Ec-02_001870,Esi_0055_0148,,
Ec-15_001940,Esi_0056_0003,D8LPV9,CBN74851.1
,Esi_0056_0004,D8LPW0,CBN74852.1
Ec-15_001930,Esi_0056_0005,D8LPW1,CBN74853.1
Ec-15_001920,Esi_0056_0007,D8LPW2,CBN74854.1
Ec-15_001910,Esi_0056_0009,D8LPW3,CBN74855.1
Ec-15_001900,Esi_0056_0014,D8LPW4,CBN74856.1
Ec-15_001890,Esi_0056_0015,D8LPW5,CBN74857.1
Ec-15_001880,Esi_0056_0017,D8LPW6,CBN74858.1
,Esi_0056_0018,D8LPW7,CBN74859.1
Ec-15_001860,Esi_0056_0021,D8LPW8,CBN74860.1
Ec-15_001850,Esi_0056_0022,D8LPW9,CBN74861.1
Ec-15_001840,Esi_0056_0024,D8LPX0,CBN74862.1
Ec-15_001830,Esi_0056_0025,D8LPX1,CBN74863.1
Ec-15_001820,Esi_0056_0026,D8LPX2,CBN74864.1
Ec-15_001800,Esi_0056_0033,D8LPX3,CBN74865.1
Ec-15_001790,Esi_0056_0036,D8LPX4,CBN74866.1
Ec-15_001780,Esi_0056_0037,D8LPX5,CBN74867.1
Ec-15_001770,Esi_0056_0038,D8LPX6,CBN74868.1
Ec-15_001760,Esi_0056_0039,D8LPX7,CBN74869.1
Ec-15_001750,Esi_0056_0040,D8LPX8,CBN74870.1
Ec-15_001720,Esi_0056_0045,D8LPX9,CBN74871.1
Ec-15_001710,Esi_0056_0048,D8LPY0,CBN74872.1
Ec-15_001700,Esi_0056_0049,D8LPY1,CBN74873.1
Ec-15_001680,Esi_0056_0053,D8LPY2,CBN74874.1
Ec-15_001670,Esi_0056_0054,D8LPY3,CBN74875.1
Ec-15_001660,Esi_0056_0055,D8LPY4,CBN74876.1
Ec-15_001650,Esi_0056_0056,D8LPY5,CBN74877.1
Ec-15_001640,Esi_0056_0058,D8LPY6,CBN74878.1
Ec-15_001630,Esi_0056_0059,D8LPY7,CBN74879.1
Ec-15_001620,Esi_0056_0064,D8LPY8,CBN74880.1
Ec-15_001610,Esi_0056_0067,D8LPY9,CBN74881.1
Ec-15_001600,Esi_0056_0068,D8LPZ0,CBN74882.1
Ec-15_001590,Esi_0056_0075,D8LPZ1,CBN74883.1
Ec-15_001580,Esi_0056_0076,D8LPZ2,CBN74884.1
Ec-15_001570,Esi_0056_0077,D8LPZ3,CBN74885.1
,Esi_0056_0078,D8LPZ4,CBN74886.1
Ec-15_001560,Esi_0056_0079,D8LPZ5,CBN74887.1
Ec-15_001550,Esi_0056_0081,D8LPZ6,CBN74888.1
Ec-15_001530,Esi_0056_0082,D8LPZ7,CBN74889.1
Ec-15_001510,Esi_0056_0083,D8LPZ8,CBN74890.1
Ec-15_001500,Esi_0056_0084,D8LPZ9,CBN74891.1
Ec-15_001480,Esi_0056_0087,D8LQ00,CBN74892.1
Ec-15_001470,Esi_0056_0090,D8LQ01,CBN74893.1
Ec-15_001460,Esi_0056_0091,D8LQ02,CBN74894.1
Ec-15_001450,Esi_0056_0092,D8LQ03,CBN74895.1
Ec-15_001430,Esi_0056_0093,D8LQ04,CBN74896.1
Ec-15_001420,Esi_0056_0094,D8LQ05,CBN74897.1
Ec-15_001410,Esi_0056_0095,D8LQ06,CBN74898.1
Ec-15_001400,Esi_0056_0096,D8LQ07,CBN74899.1
Ec-15_001390,Esi_0056_0099,D8LQ08,CBN74900.1
Ec-15_001380,Esi_0056_0100,D8LQ09,CBN74901.1
Ec-15_001370,Esi_0056_0101,D8LQ10,CBN74902.1
Ec-15_001360,Esi_0056_0103,D8LQ11,CBN74903.1
Ec-15_001350,Esi_0056_0104,D8LQ12,CBN74904.1
Ec-15_001340,Esi_0056_0106,D8LQ13,CBN74905.1
Ec-15_001330,Esi_0056_0107,D8LQ14,CBN74906.1
Ec-15_001320,Esi_0056_0108,D8LQ15,CBN74907.1
Ec-15_001310,Esi_0056_0109,D8LQ16,CBN74908.1
Ec-15_001300,Esi_0056_0112,D8LQ17,CBN74909.1
Ec-15_001290,Esi_0056_0113,D8LQ18,CBN74910.1
Ec-15_001280,Esi_0056_0114,D8LQ19,CBN74911.1
Ec-15_001270,Esi_0056_0116,D8LQ20,CBN74912.1
Ec-15_001250,Esi_0056_0118,D8LQ21,CBN74913.1
Ec-15_001240,Esi_0056_0119,D8LQ22,CBN74914.1
Ec-15_001230,Esi_0056_0121,D8LQ23,CBN74915.1
,Esi_0056_0123,D8LQ24,CBN74916.1
Ec-15_001220,Esi_0056_0124,D8LQ25,CBN74917.1
Ec-15_001210,Esi_0056_0126,D8LQ26,CBN74918.1
Ec-15_001190,Esi_0056_0127,D8LQ27,CBN74919.1
Ec-15_001730,Esi_0056_0140,,
Ec-15_001870,Esi_0056_0143,,
Ec-15_001810,Esi_0056_0144,,
Ec-15_001740,Esi_0056_0145,,
Ec-15_001690,Esi_0056_0146,,
Ec-15_001540,Esi_0056_0147,,
Ec-15_001520,Esi_0056_0148,,
Ec-15_001490,Esi_0056_0149,,
Ec-15_001440,Esi_0056_0150,,
Ec-15_001260,Esi_0056_0151,,
Ec-15_001200,Esi_0056_0152,,
Ec-07_000690,Esi_0057_0001,D7G4G9,CBJ48872.1
Ec-07_000680,Esi_0057_0002,D7G4H0,CBJ48873.1
Ec-07_000670,Esi_0057_0011,D7G4H1,CBJ48874.1
Ec-07_000660,Esi_0057_0015,D7G4H2,CBJ48875.1
Ec-07_000650,Esi_0057_0035,D7G4H3,CBJ48876.1
Ec-07_000630,Esi_0057_0042,D7G4H4,CBJ48877.1
Ec-07_000620,Esi_0057_0043,D7G4H5,CBJ48878.1
Ec-07_000610,Esi_0057_0044,D7G4H6,CBJ48879.1
Ec-07_000580,Esi_0057_0046,D7G4H7,CBJ48880.1
Ec-07_000560,Esi_0057_0048,D7G4H8,CBJ48881.1
Ec-07_000550,Esi_0057_0049,D7G4H9,CBJ48882.1
Ec-07_000540,Esi_0057_0050,D7G4I0,CBJ48883.1
Ec-07_000530,Esi_0057_0051,D7G4I1,CBJ48884.1
Ec-07_000520,Esi_0057_0052,D7G4I2,CBJ48885.1
Ec-07_000510,Esi_0057_0053,,
Ec-07_000500,Esi_0057_0055,D7G4I4,CBJ48887.1
Ec-07_000490,Esi_0057_0056,D7G4I5,CBJ48888.1
Ec-07_000480,Esi_0057_0057,D7FWI5,CBJ48889.1
Ec-07_000470,Esi_0057_0058,,
Ec-07_000460,Esi_0057_0059,,
Ec-07_000450,Esi_0057_0060,D7G4I9,CBJ48892.1
Ec-07_000440,Esi_0057_0062,D7G4J0,CBJ48893.1
Ec-07_000430,Esi_0057_0063,D7G4J1,CBJ48894.1
Ec-07_000410,Esi_0057_0066,D7G4J2,CBJ48895.1
Ec-07_000400,Esi_0057_0067,D7G4J3,CBJ48896.1
Ec-07_000390,Esi_0057_0068,D7G4J4,CBJ48897.1
Ec-07_000380,Esi_0057_0069,D7G4J5,CBJ48898.1
,Esi_0057_0070,D7G4J6,CBJ48899.1
Ec-07_000370,Esi_0057_0071,D7G4J7,CBJ48900.1
Ec-07_000360,Esi_0057_0072,D7G4J8,CBJ48901.1
Ec-07_000350,Esi_0057_0074,D7G4J9,CBJ48902.1
Ec-07_000340,Esi_0057_0075,D7G4K0,CBJ48903.1
Ec-07_000330,Esi_0057_0076,D7G4K1,CBJ48904.1
Ec-07_000310,Esi_0057_0078,D7G4K2,CBJ48905.1
Ec-07_000300,Esi_0057_0079,D7G4K3,CBJ48906.1
Ec-07_000280,Esi_0057_0084,D7G4K4,CBJ48907.1
Ec-07_000270,Esi_0057_0085,D7G4K5,CBJ48908.1
Ec-07_000260,Esi_0057_0087,D7G4K6,CBJ48909.1
Ec-07_000240,Esi_0057_0091,D7G4K7,CBJ48910.1
Ec-07_000230,Esi_0057_0092,D7G4K8,CBJ48911.1
Ec-07_000220,Esi_0057_0093,D7G4K9,CBJ48912.1
Ec-07_000210,Esi_0057_0096,D7G4L0,CBJ48913.1
Ec-07_000190,Esi_0057_0097,D7G4L1,CBJ48914.1
Ec-07_000180,Esi_0057_0098,D7G4L2,CBJ48915.1
Ec-07_000170,Esi_0057_0100,D7G4L3,CBJ48916.1
Ec-07_000160,Esi_0057_0101,D7G4L4,CBJ48917.1
Ec-07_000140,Esi_0057_0103,D7G4L5,CBJ48918.1
Ec-07_000130,Esi_0057_0105,D7G4L6,CBJ48919.1
Ec-07_000120,Esi_0057_0106,D7G4L7,CBJ48920.1
Ec-07_000110,Esi_0057_0107,D7G4L8,CBJ48921.1
Ec-07_000100,Esi_0057_0108,D7G4L9,CBJ48922.1
Ec-07_000090,Esi_0057_0111,D7G4M0,CBJ48923.1
Ec-07_000070,Esi_0057_0113,D7G4M1,CBJ48924.1
Ec-07_000060,Esi_0057_0114,D7G4M2,CBJ48925.1
Ec-07_000050,Esi_0057_0118,D7G4M3,CBJ48926.1
Ec-07_000040,Esi_0057_0119,D7G4M4,CBJ48927.1
Ec-07_000030,Esi_0057_0121,D7G4M5,CBJ48928.1
Ec-07_000020,Esi_0057_0130,D7G4M6,CBJ48929.1
Ec-07_000010,Esi_0057_0131,D7G4M7,CBJ48930.1
Ec-07_000200,Esi_0057_0142,,
Ec-07_000080,Esi_0057_0143,,
Ec-07_000590,Esi_0057_0150,,
Ec-07_000640,Esi_0057_0151,,
Ec-07_000600,Esi_0057_0152,,
Ec-07_000570,Esi_0057_0153,,
Ec-07_000420,Esi_0057_0154,,
Ec-07_000320,Esi_0057_0155,,
Ec-07_000290,Esi_0057_0156,,
Ec-07_000250,Esi_0057_0157,,
Ec-07_000150,Esi_0057_0158,,
Ec-20_000820,Esi_0058_0001,D7G4P9,CBJ27142.1
,Esi_0058_0004,D7G4Q0,CBJ27143.1
Ec-20_000810,Esi_0058_0005,D7G4Q1,CBJ27144.1
Ec-20_000800,Esi_0058_0006,D7G4Q2,CBJ27145.1
Ec-20_000790,Esi_0058_0008,D7G4Q3,CBJ27146.1
Ec-20_000780,Esi_0058_0009,D7G4Q4,CBJ27147.1
Ec-20_000770,Esi_0058_0010,D7G4Q5,CBJ27148.1
Ec-20_000760,Esi_0058_0011,D7G4Q6,CBJ27149.1
Ec-20_000740,Esi_0058_0012,D7G4Q7,CBJ27150.1
Ec-20_000720,Esi_0058_0014,D7G4Q8,CBJ27151.1
Ec-20_000710,Esi_0058_0015,D7G4Q9,CBJ27152.1
Ec-20_000700,Esi_0058_0017,D7G4R0,CBJ27153.1
,Esi_0058_0018,D7G4R2,CBJ27155.1
Ec-20_000690,Esi_0058_0019,D7G4R1,CBJ27154.1
Ec-20_000680,Esi_0058_0020,D7G4R3,CBJ27156.1
Ec-20_000670,Esi_0058_0023,D7G4R4,CBJ27157.1
Ec-20_000660,Esi_0058_0024,D7G4R5,CBJ27158.1
Ec-20_000650,Esi_0058_0027,D7G4R6,CBJ27159.1
Ec-20_000640,Esi_0058_0029,D7G4R7,CBJ27160.1
Ec-20_000630,Esi_0058_0033,D7G4R8,CBJ27161.1
Ec-20_000620,Esi_0058_0037,D7G4R9,CBJ27162.1
Ec-20_000610,Esi_0058_0039,D7G4S0,CBJ27163.1
Ec-20_000600,Esi_0058_0041,D7G4S1,CBJ27164.1
Ec-20_000590,Esi_0058_0042,D7G4S2,CBJ27165.1
Ec-20_000580,Esi_0058_0049,D7G4S3,CBJ27166.1
Ec-20_000570,Esi_0058_0050,D7G4S4,CBJ27167.1
Ec-20_000560,Esi_0058_0051,D7G4S5,CBJ27168.1
Ec-20_000540,Esi_0058_0052,D7G4S6,CBJ27169.1
Ec-20_000530,Esi_0058_0054,D7G4S7,CBJ27170.1
Ec-20_000520,Esi_0058_0055,D7G4S8,CBJ27171.1
Ec-20_000510,Esi_0058_0057,D7G4S9,CBJ27172.1
Ec-20_000490,Esi_0058_0060,D7G4T0,CBJ27173.1
Ec-20_000470,Esi_0058_0061,D7G4T1,CBJ27174.1
,Esi_0058_0063,D7G4T2,CBJ27175.1
Ec-20_000460,Esi_0058_0065,D7G4T3,CBJ27176.1
Ec-20_000440,Esi_0058_0072,D7G4T4,CBJ27177.1
Ec-20_000430,Esi_0058_0075,D7G4T5,CBJ27178.1
Ec-20_000420,Esi_0058_0077,D7G4T6,CBJ27179.1
Ec-20_000410,Esi_0058_0078,D7G4T7,CBJ27180.1
Ec-20_000390,Esi_0058_0080,D7G4T8,CBJ27181.1
Ec-20_000380,Esi_0058_0081,D7G4T9,CBJ27182.1
Ec-20_000370,Esi_0058_0083,D7G4U0,CBJ27183.1
Ec-20_000340,Esi_0058_0086,D7G4U1,CBJ27184.1
Ec-20_000330,Esi_0058_0087,D7G4U2,CBJ27185.1
Ec-20_000320,Esi_0058_0088,D7G4U3,CBJ27186.1
Ec-20_000300,Esi_0058_0091,D7G4U4,CBJ27187.1
,Esi_0058_0093,D7G4U5,CBJ27188.1
Ec-20_000290,Esi_0058_0095,D7G4U6,CBJ27189.1
Ec-20_000280,Esi_0058_0096,D7G4U7,CBJ27190.1
Ec-20_000270,Esi_0058_0097,D7G4U8,CBJ27191.1
Ec-20_000260,Esi_0058_0098,D7G4U9,CBJ27192.1
Ec-20_000250,Esi_0058_0099,D7G4V0,CBJ27193.1
Ec-20_000240,Esi_0058_0100,D7G4V1,CBJ27194.1
Ec-20_000230,Esi_0058_0101,D7G4V2,CBJ27195.1
Ec-20_000210,Esi_0058_0108,D7G4V3,CBJ27196.1
Ec-20_000200,Esi_0058_0109,D7G4V4,CBJ27197.1
Ec-20_000190,Esi_0058_0110,D7G4V5,CBJ27198.1
Ec-20_000180,Esi_0058_0111,D7G4V6,CBJ27199.1
Ec-20_000160,Esi_0058_0112,D7G4V7,CBJ27200.1
Ec-20_000150,Esi_0058_0113,D7G4V8,CBJ27201.1
Ec-20_000130,Esi_0058_0117,D7G4V9,CBJ27202.1
Ec-20_000120,Esi_0058_0120,D7G4W0,CBJ27203.1
Ec-20_000110,Esi_0058_0122,D7G4W1,CBJ27204.1
Ec-20_000100,Esi_0058_0124,D7G4W2,CBJ27205.1
Ec-20_000090,Esi_0058_0126,D7G4W3,CBJ27206.1
Ec-20_000080,Esi_0058_0133,D7G4W4,CBJ27207.1
,Esi_0058_0134,D7G4W5,CBJ27208.1
Ec-20_000070,Esi_0058_0136,D7G4W6,CBJ27209.1
Ec-20_000060,Esi_0058_0137,D7G4W7,CBJ27210.1
Ec-20_000050,Esi_0058_0140,D7G4W8,CBJ27211.1
Ec-20_000050,Esi_0058_0141,D7G4W9,CBJ27212.1
Ec-20_000040,Esi_0058_0142,D7G4X0,CBJ27213.1
Ec-20_000030,Esi_0058_0143,D7G4X1,CBJ27214.1
Ec-20_000010,Esi_0058_0146,D7G4X2,CBJ27215.1
Ec-20_000730,Esi_0058_0152,,
Ec-20_000750,Esi_0058_0155,,
Ec-20_000220,Esi_0058_0156,,
Ec-20_000550,Esi_0058_0157,,
Ec-20_000500,Esi_0058_0158,,
Ec-20_000480,Esi_0058_0159,,
Ec-20_000450,Esi_0058_0160,,
Ec-20_000400,Esi_0058_0161,,
Ec-20_000360,Esi_0058_0162,,
Ec-20_000350,Esi_0058_0163,,
Ec-20_000310,Esi_0058_0164,,
Ec-20_000170,Esi_0058_0165,,
Ec-20_000140,Esi_0058_0166,,
Ec-20_000020,Esi_0058_0167,,
Ec-26_006370,Esi_0059_0002,D8LQ28,CBN77408.1
Ec-26_006360,Esi_0059_0003,,
Ec-26_006340,Esi_0059_0004,D8LQ30,CBN77410.1
Ec-26_006330,Esi_0059_0005,D8LQ31,CBN77411.1
Ec-26_006320,Esi_0059_0006,D8LQ32,CBN77412.1
,Esi_0059_0008,D8LQ33,CBN77413.1
Ec-26_006300,Esi_0059_0009,D8LQ34,CBN77414.1
Ec-26_006290,Esi_0059_0010,D8LQ35,CBN77415.1
Ec-26_006280,Esi_0059_0013,D8LQ36,CBN77416.1
Ec-26_006270,Esi_0059_0014,D8LQ37,CBN77417.1
Ec-26_006260,Esi_0059_0017,D8LQ38,CBN77418.1
Ec-26_006250,Esi_0059_0018,D8LQ39,CBN77419.1
Ec-26_006240,Esi_0059_0019,D8LQ40,CBN77420.1
Ec-26_006230,Esi_0059_0020,D8LQ41,CBN77421.1
Ec-26_006220,Esi_0059_0026,D8LQ42,CBN77422.1
Ec-26_006210,Esi_0059_0028,D8LQ43,CBN77423.1
Ec-26_006200,Esi_0059_0032,D8LQ44,CBN77424.1
Ec-26_006190,Esi_0059_0033,D8LQ45,CBN77425.1
Ec-26_006180,Esi_0059_0035,D8LQ46,CBN77426.1
Ec-26_006170,Esi_0059_0037,D8LQ47,CBN77427.1
Ec-26_006160,Esi_0059_0038,D8LQ48,CBN77428.1
Ec-26_006150,Esi_0059_0039,D8LQ49,CBN77429.1
Ec-26_006130,Esi_0059_0043,D8LQ50,CBN77430.1
Ec-26_006120,Esi_0059_0045,D8LQ51,CBN77431.1
Ec-26_006110,Esi_0059_0046,D8LQ52,CBN77432.1
Ec-26_006100,Esi_0059_0047,D8LQ53,CBN77433.1
Ec-26_006090,Esi_0059_0048,D8LQ54,CBN77434.1
Ec-26_006080,Esi_0059_0049,D8LQ55,CBN77435.1
Ec-26_006070,Esi_0059_0050,D8LQ56,CBN77436.1
Ec-26_006060,Esi_0059_0051,D8LQ57,CBN77437.1
Ec-26_006050,Esi_0059_0052,D8LQ58,CBN77438.1
Ec-26_006040,Esi_0059_0053,D8LQ59,CBN77439.1
Ec-26_006030,Esi_0059_0055,D8LQ60,CBN77440.1
Ec-26_006020,Esi_0059_0056,D8LQ61,CBN77441.1
Ec-26_006010,Esi_0059_0058,D8LQ62,CBN77442.1
Ec-26_006000,Esi_0059_0059,D8LQ63,CBN77443.1
Ec-26_005990,Esi_0059_0061,D8LQ64,CBN77444.1
Ec-26_005980,Esi_0059_0062,D8LQ65,CBN77445.1
Ec-26_005970,Esi_0059_0064,D8LQ66,CBN77446.1
Ec-26_005960,Esi_0059_0066,D8LQ67,CBN77447.1
Ec-26_005950,Esi_0059_0067,D8LQ68,CBN77448.1
Ec-26_005940,Esi_0059_0068,D8LQ69,CBN77449.1
Ec-26_005930,Esi_0059_0072,D8LQ70,CBN77450.1
Ec-26_005920,Esi_0059_0073,,
Ec-26_005910,Esi_0059_0075,,
Ec-26_005900,Esi_0059_0076,,
Ec-26_005890,Esi_0059_0077,D7FWI7,CBN77454.1
Ec-26_005880,Esi_0059_0078,D8LQ75,CBN77455.1
Ec-26_005870,Esi_0059_0079,,
Ec-26_005860,Esi_0059_0080,,
Ec-26_005850,Esi_0059_0081,,
Ec-26_005840,Esi_0059_0084,,
Ec-26_005830,Esi_0059_0085,D8LQ80,CBN77460.1
Ec-26_005820,Esi_0059_0086,,
Ec-26_005810,Esi_0059_0087,D8LQ82,CBN77462.1
Ec-26_005790,Esi_0059_0091,D8LQ83,CBN77463.1
Ec-26_005780,Esi_0059_0092,D8LQ84,CBN77464.1
Ec-26_005770,Esi_0059_0093,D8LQ85,CBN77465.1
Ec-26_005760,Esi_0059_0094,D8LQ86,CBN77466.1
Ec-26_005750,Esi_0059_0095,D8LQ87,CBN77467.1
Ec-26_005740,Esi_0059_0096,D8LQ88,CBN77468.1
Ec-26_005720,Esi_0059_0099,D8LQ89,CBN77469.1
Ec-26_005710,Esi_0059_0101,D8LQ90,CBN77470.1
Ec-26_005700,Esi_0059_0102,D8LQ91,CBN77471.1
Ec-26_005690,Esi_0059_0103,D8LQ92,CBN77472.1
Ec-26_005670,Esi_0059_0106,D8LQ93,CBN77473.1
Ec-26_005660,Esi_0059_0109,D8LQ94,CBN77474.1
Ec-26_005640,Esi_0059_0110,D8LQ95,CBN77475.1
Ec-26_005630,Esi_0059_0111,D8LQ96,CBN77476.1
Ec-26_005620,Esi_0059_0115,D8LQ97,CBN77477.1
Ec-26_005610,Esi_0059_0116,D8LQ98,CBN77478.1
Ec-26_005600,Esi_0059_0117,D8LQ99,CBN77479.1
Ec-26_005590,Esi_0059_0118,D8LQA0,CBN77480.1
Ec-26_005570,Esi_0059_0120,D8LQA1,CBN77481.1
Ec-26_005560,Esi_0059_0122,D8LQA2,CBN77482.1
Ec-26_005550,Esi_0059_0123,D8LQA3,CBN77483.1
Ec-26_005540,Esi_0059_0125,D8LQA4,CBN77484.1
Ec-26_005530,Esi_0059_0126,D8LQA5,CBN77485.1
Ec-26_005520,Esi_0059_0128,D8LQA6,CBN77486.1
Ec-26_005500,Esi_0059_0129,D8LQA7,CBN77487.1
Ec-26_005490,Esi_0059_0130,D8LQA8,CBN77488.1
Ec-26_005480,Esi_0059_0131,D8LQA9,CBN77489.1
Ec-26_005470,Esi_0059_0132,D8LQB0,CBN77490.2
Ec-26_005460,Esi_0059_0133,D8LQB1,CBN77491.1
Ec-26_005450,Esi_0059_0134,D8LQB2,CBN77492.1
Ec-26_005440,Esi_0059_0137,D8LQB3,CBN77493.1
Ec-26_005430,Esi_0059_0138,D8LQB4,CBN77494.1
Ec-26_005420,Esi_0059_0139,D8LQB5,CBN77495.1
Ec-26_006350,Esi_0059_0144,,
Ec-26_005800,Esi_0059_0150,,
Ec-26_005680,Esi_0059_0151,,
Ec-26_005650,Esi_0059_0152,,
Ec-26_006140,Esi_0059_0153,,
Ec-26_005730,Esi_0059_0154,,
Ec-26_006310,Esi_0059_0155,,
Ec-26_005580,Esi_0059_0156,,
Ec-26_005510,Esi_0059_0157,,
Ec-24_001780,Esi_0060_0002,D8LQP3,CBN74920.1
Ec-24_001790,Esi_0060_0006,D8LQP4,CBN74921.1
Ec-24_001800,Esi_0060_0007,D8LQP5,CBN74922.1
,Esi_0060_0008,D8LQP6,CBN74923.1
Ec-24_001810,Esi_0060_0011,D8LQP7,CBN74924.1
Ec-24_001820,Esi_0060_0012,D8LQP8,CBN74925.1
Ec-24_001830,Esi_0060_0013,D8LQP9,CBN74926.1
Ec-24_001840,Esi_0060_0015,D8LQQ0,CBN74927.1
Ec-24_001850,Esi_0060_0020,D8LQQ1,CBN74928.1
Ec-24_001870,Esi_0060_0022,D8LQQ2,CBN74929.1
Ec-24_001880,Esi_0060_0024,D8LQQ3,CBN74930.1
Ec-24_001890,Esi_0060_0026,D8LQQ4,CBN74931.1
,Esi_0060_0027,D8LQQ5,CBN74932.1
Ec-24_001900,Esi_0060_0030,D8LQQ6,CBN74933.1
,Esi_0060_0032,D8LQQ7,CBN74934.1
Ec-24_001910,Esi_0060_0033,D8LQQ8,CBN74935.1
Ec-24_001920,Esi_0060_0034,D8LQQ9,CBN74936.1
Ec-24_001940,Esi_0060_0039,D8LQR0,CBN74937.1
Ec-24_001950,Esi_0060_0042,D8LQR1,CBN74938.1
Ec-24_001970,Esi_0060_0044,D8LQR2,CBN74939.1
Ec-24_001980,Esi_0060_0045,D8LQR3,CBN74940.1
Ec-24_001990,Esi_0060_0046,D8LQR4,CBN74941.1
Ec-24_002000,Esi_0060_0047,D8LQR5,CBN74942.1
Ec-24_002010,Esi_0060_0049,D8LQR6,CBN74943.1
Ec-24_002020,Esi_0060_0050,D8LQR7,CBN74944.1
Ec-24_002030,Esi_0060_0052,D8LQR8,CBN74945.1
Ec-24_002040,Esi_0060_0054,D8LQR9,CBN74946.1
Ec-24_002060,Esi_0060_0056,D8LQS0,CBN74947.1
Ec-24_002070,Esi_0060_0058,D8LQS1,CBN74948.1
Ec-24_002080,Esi_0060_0065,D8LQS2,CBN74949.1
Ec-24_002090,Esi_0060_0069,D8LQS3,CBN74950.1
Ec-24_002100,Esi_0060_0070,D8LQS4,CBN74951.1
Ec-24_002110,Esi_0060_0071,D8LQS5,CBN74952.1
Ec-24_002120,Esi_0060_0073,D8LQS6,CBN74953.1
Ec-24_002130,Esi_0060_0076,D8LQS7,CBN74954.1
Ec-24_002140,Esi_0060_0077,,
Ec-24_002150,Esi_0060_0078,D8LQS9,CBN74956.1
Ec-24_002160,Esi_0060_0079,D8LQT0,CBN74957.1
Ec-24_002170,Esi_0060_0080,D8LQT1,CBN74958.1
Ec-24_002180,Esi_0060_0081,D8LQT2,CBN74959.1
Ec-24_002190,Esi_0060_0082,D8LQT3,CBN74960.1
Ec-24_002200,Esi_0060_0084,D8LQT4,CBN74961.1
Ec-24_002210,Esi_0060_0088,D8LQT5,CBN74962.1
Ec-24_002220,Esi_0060_0089,D8LQT6,CBN74963.1
Ec-24_002230,Esi_0060_0090,D8LQT7,CBN74964.1
Ec-24_002240,Esi_0060_0093,D8LQT8,CBN74965.1
Ec-24_002260,Esi_0060_0096,D8LQT9,CBN74966.1
Ec-24_002270,Esi_0060_0097,D8LQU0,CBN74967.1
Ec-24_002280,Esi_0060_0098,D8LQU1,CBN74968.1
Ec-24_002290,Esi_0060_0100,D8LQU2,CBN74969.1
Ec-24_002300,Esi_0060_0101,D8LQU3,CBN74970.1
Ec-24_002310,Esi_0060_0102,D8LQU4,CBN74971.1
Ec-24_002330,Esi_0060_0104,D8LQU5,CBN74972.1
Ec-24_002340,Esi_0060_0106,D8LQU6,CBN74973.1
Ec-24_002350,Esi_0060_0107,D8LQU7,CBN74974.1
Ec-24_002360,Esi_0060_0108,D8LQU8,CBN74975.1
Ec-24_002370,Esi_0060_0110,D8LQU9,CBN74976.1
Ec-24_002380,Esi_0060_0112,D8LQV0,CBN74977.1
Ec-24_002390,Esi_0060_0114,D8LQV1,CBN74978.1
Ec-24_002400,Esi_0060_0115,D8LQV2,CBN74979.1
Ec-24_002410,Esi_0060_0117,D8LQV3,CBN74980.1
Ec-24_002430,Esi_0060_0119,D8LQV4,CBN74981.1
Ec-24_002440,Esi_0060_0120,D8LQV5,CBN74982.1
Ec-24_002450,Esi_0060_0121,D8LQV6,CBN74983.1
Ec-24_002460,Esi_0060_0124,D8LQV7,CBN74984.1
Ec-24_002470,Esi_0060_0128,D8LQV8,CBN74985.1
Ec-24_001860,Esi_0060_0135,,
Ec-24_002050,Esi_0060_0138,,
Ec-24_001930,Esi_0060_0139,,
Ec-24_001960,Esi_0060_0140,,
Ec-24_002250,Esi_0060_0141,,
Ec-24_002320,Esi_0060_0142,,
Ec-24_002420,Esi_0060_0143,,
Ec-07_001760,Esi_0061_0001,D8LQV9,CBN77632.1
Ec-07_001770,Esi_0061_0002,D8LQW0,CBN77633.1
Ec-07_001780,Esi_0061_0003,D8LQW1,CBN77634.1
Ec-07_001790,Esi_0061_0005,D8LQW2,CBN77635.1
Ec-07_001800,Esi_0061_0006,D8LQW3,CBN77636.1
Ec-07_001830,Esi_0061_0007,D8LQW4,CBN77637.1
Ec-07_001840,Esi_0061_0008,D8LQW5,CBN77638.1
Ec-07_001850,Esi_0061_0010,D8LQW6,CBN77639.1
Ec-07_001860,Esi_0061_0012,D8LQW7,CBN77640.1
Ec-07_001870,Esi_0061_0014,D8LQW8,CBN77641.1
Ec-07_001880,Esi_0061_0023,D8LQW9,CBN77642.1
Ec-07_001890,Esi_0061_0024,D8LQX0,CBN77643.1
Ec-07_001900,Esi_0061_0025,D8LQX1,CBN77644.1
Ec-07_001910,Esi_0061_0026,D8LQX2,CBN77645.1
Ec-07_001920,Esi_0061_0029,D8LQX3,CBN77646.1
Ec-07_001930,Esi_0061_0030,D8LQX4,CBN77647.1
Ec-07_001940,Esi_0061_0031,D8LQX5,CBN77648.1
Ec-07_001970,Esi_0061_0033,D8LQX6,CBN77649.1
Ec-07_001980,Esi_0061_0039,D8LQX7,CBN77650.1
Ec-07_002010,Esi_0061_0046,D8LQX8,CBN77651.1
Ec-07_002030,Esi_0061_0047,D8LQX9,CBN77652.1
Ec-07_002040,Esi_0061_0049,D8LQY0,CBN77653.2
Ec-07_002060,Esi_0061_0051,D8LQY1,CBN77654.1
Ec-07_002070,Esi_0061_0053,D8LQY2,CBN77655.1
Ec-07_002080,Esi_0061_0055,D8LQY3,CBN77656.1
Ec-07_002110,Esi_0061_0059,D8LQY4,CBN77657.1
,Esi_0061_0061,D8LQY5,CBN77658.1
Ec-07_002120,Esi_0061_0065,D8LQY6,CBN77659.1
Ec-07_002130,Esi_0061_0067,D8LQY7,CBN77660.1
Ec-07_002140,Esi_0061_0068,D8LQY8,CBN77661.1
Ec-07_002150,Esi_0061_0069,D8LQY9,CBN77662.1
Ec-07_002160,Esi_0061_0075,D8LQZ0,CBN77663.1
Ec-07_002170,Esi_0061_0076,D8LQZ1,CBN77664.1
Ec-07_002180,Esi_0061_0077,D8LQZ2,CBN77665.1
Ec-07_002190,Esi_0061_0078,D8LQZ3,CBN77666.1
Ec-07_002210,Esi_0061_0083,D8LQZ4,CBN77667.1
Ec-07_002220,Esi_0061_0084,D8LQZ5,CBN77668.1
Ec-07_002230,Esi_0061_0085,D8LQZ6,CBN77669.1
Ec-07_002240,Esi_0061_0086,D8LQZ7,CBN77670.1
Ec-07_002250,Esi_0061_0087,D8LQZ8,CBN77671.1
Ec-07_002260,Esi_0061_0089,D8LQZ9,CBN77672.1
Ec-07_002270,Esi_0061_0090,D8LR00,CBN77673.1
Ec-07_002280,Esi_0061_0091,D8LR01,CBN77674.1
Ec-07_002290,Esi_0061_0094,D8LR02,CBN77675.1
Ec-07_002300,Esi_0061_0095,D8LR03,CBN77676.1
Ec-07_002310,Esi_0061_0097,D8LR04,CBN77677.1
Ec-07_002320,Esi_0061_0098,D8LR05,CBN77678.1
Ec-07_002330,Esi_0061_0101,D8LR06,CBN77679.1
Ec-07_002340,Esi_0061_0103,D8LR07,CBN77680.1
Ec-07_002350,Esi_0061_0110,D8LR08,CBN77681.1
Ec-07_002360,Esi_0061_0113,D8LR09,CBN77682.1
Ec-07_002370,Esi_0061_0114,D8LR10,CBN77683.1
Ec-07_002380,Esi_0061_0116,D8LR11,CBN77684.1
Ec-07_002390,Esi_0061_0119,D8LR12,CBN77685.1
Ec-07_002400,Esi_0061_0120,D8LR13,CBN77686.1
Ec-07_002410,Esi_0061_0121,D8LR14,CBN77687.1
Ec-07_002420,Esi_0061_0122,D8LR15,CBN77688.1
Ec-07_002430,Esi_0061_0124,D8LR16,CBN77689.1
Ec-07_002440,Esi_0061_0125,D8LR17,CBN77690.1
Ec-07_002450,Esi_0061_0143,,
Ec-07_001990,Esi_0061_0146,,
Ec-07_001810,Esi_0061_0147,,
Ec-07_001820,Esi_0061_0148,,
Ec-07_001950,Esi_0061_0149,,
Ec-07_001960,Esi_0061_0150,,
Ec-07_002000,Esi_0061_0151,,
Ec-07_002020,Esi_0061_0152,,
Ec-07_002050,Esi_0061_0153,,
Ec-07_002090,Esi_0061_0154,,
Ec-07_002100,Esi_0061_0155,,
Ec-07_002200,Esi_0061_0156,,
Ec-06_004730,Esi_0062_0004,D8LR18,CBN77691.1
Ec-06_004720,Esi_0062_0005,D8LR19,CBN77692.1
Ec-06_004710,Esi_0062_0006,D8LR20,CBN77693.1
Ec-06_004670,Esi_0062_0007,D8LR21,CBN77694.1
Ec-06_004660,Esi_0062_0008,D8LR22,CBN77695.1
Ec-06_004650,Esi_0062_0010,D8LR23,CBN77696.1
Ec-06_004630,Esi_0062_0012,D8LR24,CBN77697.1
Ec-06_004620,Esi_0062_0016,D8LR25,CBN77698.1
Ec-06_004610,Esi_0062_0018,D8LR26,CBN77699.1
Ec-06_004600,Esi_0062_0031,D8LR27,CBN77700.1
Ec-06_004590,Esi_0062_0032,D8LR28,CBN77701.1
Ec-06_004580,Esi_0062_0033,D8LR29,CBN77702.1
Ec-06_004570,Esi_0062_0034,D8LR30,CBN77703.1
Ec-06_004560,Esi_0062_0035,D8LR31,CBN77704.1
Ec-06_004550,Esi_0062_0039,D8LR32,CBN77705.1
Ec-06_004540,Esi_0062_0041,D8LR33,CBN77706.1
Ec-06_004520,Esi_0062_0043,D8LR34,CBN77707.1
Ec-06_004510,Esi_0062_0044,D8LR35,CBN77708.1
Ec-06_004500,Esi_0062_0045,D8LR36,CBN77709.1
Ec-06_004490,Esi_0062_0046,D8LR37,CBN77710.1
Ec-06_004480,Esi_0062_0049,D8LR38,CBN77711.1
Ec-06_004470,Esi_0062_0056,D8LR39,CBN77712.1
Ec-06_004460,Esi_0062_0057,D8LR40,CBN77713.1
Ec-06_004450,Esi_0062_0062,D8LR41,CBN77714.1
Ec-06_004440,Esi_0062_0064,D8LR42,CBN77715.1
Ec-06_004430,Esi_0062_0066,D8LR43,CBN77716.1
Ec-06_004420,Esi_0062_0067,D8LR44,CBN77717.1
Ec-06_004410,Esi_0062_0072,D8LR45,CBN77718.1
Ec-06_004400,Esi_0062_0073,D8LR46,CBN77719.1
Ec-06_004380,Esi_0062_0074,D8LR47,CBN77720.1
Ec-06_004370,Esi_0062_0075,D8LR48,CBN77721.1
Ec-06_004360,Esi_0062_0080,D8LR49,CBN77722.1
Ec-06_004340,Esi_0062_0082,D8LR50,CBN77723.1
Ec-06_004330,Esi_0062_0083,D8LR51,CBN77724.1
Ec-06_004320,Esi_0062_0088,D8LR52,CBN77725.1
Ec-06_004310,Esi_0062_0090,D8LR53,CBN77726.1
,Esi_0062_0091,D8LR54,CBN77727.1
Ec-06_004290,Esi_0062_0092,D8LR55,CBN77728.1
Ec-06_004280,Esi_0062_0093,D8LR56,CBN77729.1
Ec-06_004270,Esi_0062_0094,D8LR57,CBN77730.1
Ec-06_004260,Esi_0062_0095,D8LR58,CBN77731.1
Ec-06_004250,Esi_0062_0097,D8LR59,CBN77732.1
Ec-06_004240,Esi_0062_0099,D8LR60,CBN77733.1
Ec-06_004230,Esi_0062_0100,D8LR61,CBN77734.1
Ec-06_004220,Esi_0062_0101,D8LR62,CBN77735.1
Ec-06_004210,Esi_0062_0102,D8LR63,CBN77736.1
Ec-06_004200,Esi_0062_0104,D8LR64,CBN77737.1
Ec-06_004190,Esi_0062_0107,D8LR65,CBN77738.1
Ec-06_004180,Esi_0062_0109,D8LR66,CBN77739.1
Ec-06_004170,Esi_0062_0110,D8LR67,CBN77740.1
Ec-06_004160,Esi_0062_0111,D8LR68,CBN77741.1
,Esi_0062_0112,D8LR69,CBN77742.1
Ec-06_004140,Esi_0062_0113,D8LR70,CBN77743.1
Ec-06_004130,Esi_0062_0114,D8LR71,CBN77744.1
Ec-06_004120,Esi_0062_0116,D8LR72,CBN77745.1
Ec-06_004110,Esi_0062_0118,D8LR73,CBN77746.1
Ec-06_004100,Esi_0062_0119,D8LR74,CBN77747.1
Ec-06_004090,Esi_0062_0123,D8LR75,CBN77748.1
Ec-06_004080,Esi_0062_0124,D8LR76,CBN77749.1
Ec-06_004070,Esi_0062_0127,D8LR77,CBN77750.1
Ec-06_004060,Esi_0062_0129,D8LR78,CBN77751.1
Ec-06_004050,Esi_0062_0132,D8LR79,CBN77752.1
Ec-06_004030,Esi_0062_0135,D8LR80,CBN77753.1
Ec-06_004390,Esi_0062_0148,,
Ec-06_004150,Esi_0062_0149,,
Ec-06_004640,Esi_0062_0150,,
Ec-06_004740,Esi_0062_0151,,
Ec-06_004530,Esi_0062_0152,,
Ec-06_004350,Esi_0062_0153,,
Ec-06_004300,Esi_0062_0154,,
Ec-06_004700,Esi_0062_0155,,
Ec-06_004690,Esi_0062_0156,,
Ec-06_004040,Esi_0062_0157,,
Ec-06_004680,Esi_0062_0158,,
Ec-14_006350,Esi_0063_0002,D7G562,CBJ27216.1
Ec-14_006360,Esi_0063_0005,D7G563,CBJ27217.1
Ec-14_006370,Esi_0063_0006,D7G564,CBJ27218.1
Ec-14_006380,Esi_0063_0009,D7G565,CBJ27219.1
Ec-14_006390,Esi_0063_0013,D7G566,CBJ27220.1
Ec-14_006400,Esi_0063_0016,D7G567,CBJ27221.1
Ec-14_006410,Esi_0063_0017,D7G568,CBJ27222.1
Ec-14_006420,Esi_0063_0018,D7G569,CBJ27223.1
Ec-14_006430,Esi_0063_0020,D7G570,CBJ27224.1
Ec-14_006440,Esi_0063_0023,D7G571,CBJ27225.1
Ec-14_006450,Esi_0063_0024,D7G572,CBJ27226.1
Ec-14_006460,Esi_0063_0026,D7G573,CBJ27227.1
Ec-14_006470,Esi_0063_0028,D7G574,CBJ27228.1
Ec-14_006490,Esi_0063_0032,D7G575,CBJ27229.1
Ec-14_006500,Esi_0063_0035,D7G576,CBJ27230.1
Ec-14_006510,Esi_0063_0037,D7G577,CBJ27231.1
Ec-14_006520,Esi_0063_0039,D7G578,CBJ27232.1
Ec-14_006530,Esi_0063_0042,D7G579,CBJ27233.1
Ec-14_006540,Esi_0063_0044,D7G580,CBJ27234.1
Ec-14_006550,Esi_0063_0045,D7G581,CBJ27235.1
Ec-14_006570,Esi_0063_0050,D7G582,CBJ27236.1
Ec-14_006580,Esi_0063_0052,D7G583,CBJ27237.1
Ec-14_006590,Esi_0063_0053,D7G584,CBJ27238.1
Ec-14_006600,Esi_0063_0055,D7G585,CBJ27239.1
Ec-14_006610,Esi_0063_0056,D7G586,CBJ27240.1
Ec-14_006620,Esi_0063_0057,D7G587,CBJ27241.1
Ec-14_006630,Esi_0063_0058,D7G588,CBJ27242.1
Ec-14_006640,Esi_0063_0060,D7G589,CBJ27243.1
Ec-14_006650,Esi_0063_0061,D7G590,CBJ27244.1
Ec-14_006660,Esi_0063_0062,D7G591,CBJ27245.1
Ec-14_006670,Esi_0063_0064,D7G592,CBJ27246.1
Ec-14_006680,Esi_0063_0066,D7G593,CBJ27247.1
Ec-14_006690,Esi_0063_0067,D7G594,CBJ27248.1
Ec-14_006700,Esi_0063_0068,D7G595,CBJ27249.1
Ec-14_006710,Esi_0063_0071,D7G596,CBJ27250.1
Ec-14_006720,Esi_0063_0073,D7G597,CBJ27251.1
Ec-14_006730,Esi_0063_0076,D7G598,CBJ27252.1
Ec-14_006740,Esi_0063_0079,D7G599,CBJ27253.1
Ec-14_006750,Esi_0063_0080,D7G5A0,CBJ27254.1
Ec-14_006760,Esi_0063_0082,D7G5A1,CBJ27255.1
Ec-14_006770,Esi_0063_0083,D7G5A2,CBJ27256.1
Ec-14_006780,Esi_0063_0084,D7G5A3,CBJ27257.1
Ec-14_006790,Esi_0063_0088,D7G5A4,CBJ27258.1
Ec-14_006800,Esi_0063_0089,D7G5A5,CBJ27259.1
Ec-14_006810,Esi_0063_0095,D7G5A6,CBJ27260.1
Ec-14_006830,Esi_0063_0098,D7G5A7,CBJ27261.1
Ec-14_006840,Esi_0063_0099,D7G5A8,CBJ27262.1
Ec-14_006850,Esi_0063_0101,D7G5A9,CBJ27263.1
Ec-14_006860,Esi_0063_0102,D7G5B0,CBJ27264.1
Ec-14_006870,Esi_0063_0104,D7G5B1,CBJ27265.1
Ec-14_006880,Esi_0063_0107,D7G5B2,CBJ27266.1
Ec-14_006890,Esi_0063_0108,D7G5B3,CBJ27267.1
Ec-14_006900,Esi_0063_0109,D7G5B4,CBJ27268.1
Ec-14_006910,Esi_0063_0110,D7G5B5,CBJ27269.1
Ec-14_006920,Esi_0063_0113,D7G5B6,CBJ27270.1
Ec-14_006930,Esi_0063_0115,D7G5B7,CBJ27271.1
Ec-14_006940,Esi_0063_0116,D7G5B8,CBJ27272.1
Ec-14_006950,Esi_0063_0117,D7G5B9,CBJ27273.1
Ec-14_006960,Esi_0063_0119,D7G5C0,CBJ27274.1
Ec-14_006970,Esi_0063_0120,D7G5C1,CBJ27275.1
,Esi_0063_0121,D7G5C2,CBJ27276.1
Ec-14_006980,Esi_0063_0122,D7G5C3,CBJ27277.1
Ec-14_006990,Esi_0063_0123,D7G5C4,CBJ27278.1
Ec-14_007000,Esi_0063_0124,D7G5C5,CBJ27279.1
Ec-14_007010,Esi_0063_0125,D7G5C6,CBJ27280.1
Ec-14_007020,Esi_0063_0127,D7G5C7,CBJ27281.1
Ec-14_007030,Esi_0063_0131,D7G5C8,CBJ27282.1
,Esi_0063_0132,D7G5C9,CBJ27283.1
Ec-14_007050,Esi_0063_0133,D7G5D0,CBJ27284.1
Ec-14_006480,Esi_0063_0143,,
Ec-14_006560,Esi_0063_0144,,
Ec-14_006820,Esi_0063_0145,,
Ec-14_007040,Esi_0063_0146,,
Ec-14_007060,Esi_0063_0147,,
Ec-06_003570,Esi_0064_0004,D8LR81,CBN74986.1
Ec-06_003560,Esi_0064_0005,D8LR82,CBN74987.1
Ec-06_003550,Esi_0064_0006,D8LR83,CBN74988.1
Ec-06_003520,Esi_0064_0011,D8LR84,CBN74989.1
Ec-06_003500,Esi_0064_0012,D8LR85,CBN74990.1
Ec-06_003490,Esi_0064_0013,D8LR86,CBN74991.1
Ec-06_003480,Esi_0064_0015,D8LR87,CBN74992.1
Ec-06_003470,Esi_0064_0016,D8LR88,CBN74993.1
Ec-06_003460,Esi_0064_0017,D8LR89,CBN74994.1
Ec-06_003450,Esi_0064_0018,D8LR90,CBN74995.1
Ec-06_003440,Esi_0064_0020,D8LR91,CBN74996.1
Ec-06_003430,Esi_0064_0023,D8LR92,CBN74997.1
Ec-06_003390,Esi_0064_0036,D8LR93,CBN74998.1
Ec-06_003370,Esi_0064_0039,D8LR94,CBN74999.1
Ec-06_003360,Esi_0064_0042,D8LR95,CBN75000.1
Ec-06_003350,Esi_0064_0043,D8LR96,CBN75001.1
Ec-06_003340,Esi_0064_0044,D8LR97,CBN75002.1
Ec-06_003330,Esi_0064_0045,D8LR98,CBN75003.1
Ec-06_003320,Esi_0064_0046,D8LR99,CBN75004.1
Ec-06_003310,Esi_0064_0048,D8LRA0,CBN75005.1
Ec-06_003290,Esi_0064_0050,D8LRA1,CBN75006.1
Ec-06_003280,Esi_0064_0051,D8LRA2,CBN75007.1
Ec-06_003270,Esi_0064_0052,D8LRA3,CBN75008.1
Ec-06_003260,Esi_0064_0053,D8LRA4,CBN75009.1
Ec-06_003250,Esi_0064_0055,D8LRA5,CBN75010.1
Ec-06_003240,Esi_0064_0056,D8LRA6,CBN75011.1
Ec-06_003230,Esi_0064_0057,D8LRA7,CBN75012.1
Ec-06_003220,Esi_0064_0058,D8LRA8,CBN75013.1
Ec-06_003210,Esi_0064_0059,D8LRA9,CBN75014.1
Ec-06_003200,Esi_0064_0062,D8LRB0,CBN75015.1
Ec-06_003180,Esi_0064_0066,D8LRB1,CBN75016.1
Ec-06_003170,Esi_0064_0067,D8LRB2,CBN75017.1
Ec-06_003160,Esi_0064_0068,D8LRB3,CBN75018.1
Ec-06_003150,Esi_0064_0069,D8LRB4,CBN75019.1
Ec-06_003140,Esi_0064_0072,D8LRB5,CBN75020.1
Ec-06_003130,Esi_0064_0075,D8LRB6,CBN75021.1
Ec-06_003120,Esi_0064_0077,D8LRB7,CBN75022.1
Ec-06_003110,Esi_0064_0079,D8LRB8,CBN75023.1
Ec-06_003100,Esi_0064_0081,D8LRB9,CBN75024.1
Ec-06_003090,Esi_0064_0084,D8LRC0,CBN75025.1
Ec-06_003080,Esi_0064_0085,D8LRC1,CBN75026.1
Ec-06_003070,Esi_0064_0087,D8LRC2,CBN75027.1
Ec-06_003060,Esi_0064_0088,D8LRC3,CBN75028.1
Ec-06_003050,Esi_0064_0089,D8LRC4,CBN75029.1
Ec-06_003040,Esi_0064_0091,D8LRC5,CBN75030.1
Ec-06_003030,Esi_0064_0092,D8LRC6,CBN75031.1
Ec-06_003020,Esi_0064_0095,D8LRC7,CBN75032.1
Ec-06_003010,Esi_0064_0096,D8LRC8,CBN75033.1
Ec-06_003000,Esi_0064_0097,D8LRC9,CBN75034.1
Ec-06_002990,Esi_0064_0100,D8LRD0,CBN75035.1
Ec-06_002980,Esi_0064_0101,D8LRD1,CBN75036.1
Ec-06_002970,Esi_0064_0102,D8LRD2,CBN75037.1
Ec-06_002960,Esi_0064_0103,D8LRD3,CBN75038.1
Ec-06_002950,Esi_0064_0104,D8LRD4,CBN75039.1
Ec-06_002940,Esi_0064_0105,D8LRD5,CBN75040.1
Ec-06_002930,Esi_0064_0106,D8LRD6,CBN75041.1
Ec-06_002920,Esi_0064_0107,D8LRD7,CBN75042.1
Ec-06_002910,Esi_0064_0109,D8LRD8,CBN75043.1
Ec-06_002900,Esi_0064_0111,D8LRD9,CBN75044.1
Ec-06_002890,Esi_0064_0112,D8LRE0,CBN75045.1
Ec-06_003510,Esi_0064_0123,,
Ec-06_003420,Esi_0064_0124,,
Ec-06_003410,Esi_0064_0125,,
Ec-06_003400,Esi_0064_0126,,
Ec-06_003380,Esi_0064_0127,,
Ec-06_003300,Esi_0064_0128,,
Ec-06_003190,Esi_0064_0129,,
Ec-06_003540,Esi_0064_0130,,
Ec-06_003530,Esi_0064_0131,,
Ec-22_000490,Esi_0065_0002,D7G5G2,CBJ27285.1
Ec-22_000500,Esi_0065_0004,D7G5G3,CBJ27286.1
Ec-22_000510,Esi_0065_0007,D7G5G4,CBJ27287.1
Ec-22_000520,Esi_0065_0008,D7G5G5,CBJ27288.1
Ec-22_000530,Esi_0065_0011,D7G5G6,CBJ27289.1
Ec-22_000540,Esi_0065_0014,D7G5G7,CBJ27290.1
Ec-22_000550,Esi_0065_0017,D7G5G8,CBJ27291.1
Ec-22_000560,Esi_0065_0018,D7G5G9,CBJ27292.1
Ec-22_000570,Esi_0065_0025,D7G5H0,CBJ27293.1
Ec-22_000580,Esi_0065_0026,D7G5H1,CBJ27294.1
Ec-22_000590,Esi_0065_0030,D7G5H2,CBJ27295.1
Ec-22_000600,Esi_0065_0031,D7G5H3,CBJ27296.1
Ec-22_000610,Esi_0065_0036,D7G5H4,CBJ27297.1
Ec-22_000620,Esi_0065_0038,D7G5H5,CBJ27298.1
Ec-22_000630,Esi_0065_0041,D7G5H6,CBJ27299.1
Ec-22_000640,Esi_0065_0045,D7G5H7,CBJ27300.1
Ec-22_000660,Esi_0065_0053,D7G5H8,CBJ27301.1
Ec-22_000670,Esi_0065_0060,D7G5H9,CBJ27302.1
Ec-22_000680,Esi_0065_0061,D7G5I0,CBJ27303.1
Ec-22_000690,Esi_0065_0063,D7G5I1,CBJ27304.1
Ec-22_000710,Esi_0065_0064,D7G5I2,CBJ27305.1
Ec-22_000720,Esi_0065_0069,D7G5I3,CBJ27306.1
Ec-22_000740,Esi_0065_0074,D7G5I4,CBJ27307.1
Ec-22_000760,Esi_0065_0078,D7G5I5,CBJ27308.1
Ec-22_000790,Esi_0065_0084,D7G5I6,CBJ27309.1
Ec-22_000800,Esi_0065_0087,D7G5I7,CBJ27310.1
Ec-22_000810,Esi_0065_0090,D7G5I8,CBJ27311.1
Ec-22_000820,Esi_0065_0092,D7G5I9,CBJ27312.1
Ec-22_000830,Esi_0065_0093,D7G5J0,CBJ27313.1
Ec-22_000840,Esi_0065_0094,D7G5J1,CBJ27314.1
Ec-22_000850,Esi_0065_0095,D7G5J2,CBJ27315.1
Ec-22_000860,Esi_0065_0096,D7G5J3,CBJ27316.1
Ec-22_000870,Esi_0065_0097,D7G5J4,CBJ27317.1
Ec-22_000880,Esi_0065_0098,D7G5J5,CBJ27318.1
Ec-22_000900,Esi_0065_0103,D7G5J6,CBJ27319.1
,Esi_0065_0105,D7G5J7,CBJ27320.1
Ec-22_000910,Esi_0065_0106,D7G5J8,CBJ27321.1
,Esi_0065_0107,D7G5J9,CBJ27322.1
Ec-22_000920,Esi_0065_0109,D7G5K0,CBJ27323.1
Ec-22_000940,Esi_0065_0112,D7G5K1,CBJ27324.1
Ec-22_000950,Esi_0065_0115,D7G5K2,CBJ27325.1
Ec-22_000960,Esi_0065_0117,D7G5K3,CBJ27326.1
Ec-22_000970,Esi_0065_0120,D7G5K4,CBJ27327.1
Ec-22_000980,Esi_0065_0121,D7G5K5,CBJ27328.1
Ec-22_000990,Esi_0065_0124,D7G5K6,CBJ27329.1
Ec-22_001020,Esi_0065_0126,D7G5K7,CBJ27330.1
Ec-22_001040,Esi_0065_0127,D7G5K8,CBJ27331.1
Ec-22_001050,Esi_0065_0132,D7G5K9,CBJ27332.1
Ec-22_001030,Esi_0065_0145,,
Ec-22_000750,Esi_0065_0149,,
Ec-22_000930,Esi_0065_0150,,
Ec-22_001000,Esi_0065_0151,,
Ec-22_001010,Esi_0065_0152,,
Ec-22_000650,Esi_0065_0153,,
Ec-22_000700,Esi_0065_0154,,
Ec-22_000730,Esi_0065_0155,,
Ec-22_000770,Esi_0065_0156,,
Ec-22_000780,Esi_0065_0157,,
Ec-22_000890,Esi_0065_0158,,
,Esi_0066_0008,D8LRE5,CBN75046.1
Ec-18_004250,Esi_0066_0010,D8LRE6,CBN75047.1
Ec-18_004260,Esi_0066_0012,D8LRE7,CBN75048.1
Ec-18_004270,Esi_0066_0014,D8LRE8,CBN75049.1
,Esi_0066_0030,D8LRE9,CBN75050.1
Ec-18_004290,Esi_0066_0034,D8LRF0,CBN75051.1
Ec-18_004310,Esi_0066_0035,D8LRF1,CBN75052.1
Ec-18_004320,Esi_0066_0043,D8LRF2,CBN75053.1
Ec-18_004330,Esi_0066_0044,D8LRF3,CBN75054.1
Ec-18_004340,Esi_0066_0051,D8LRF4,CBN75055.1
Ec-18_004350,Esi_0066_0054,D8LRF5,CBN75056.1
Ec-18_004360,Esi_0066_0056,D8LRF6,CBN75057.1
,Esi_0066_0057,D8LRF7,CBN75058.1
Ec-18_004370,Esi_0066_0058,D8LRF8,CBN75059.1
Ec-18_004380,Esi_0066_0062,D8LRF9,CBN75060.1
Ec-18_004390,Esi_0066_0064,D8LRG0,CBN75061.1
Ec-18_004400,Esi_0066_0065,D8LRG1,CBN75062.1
Ec-18_004410,Esi_0066_0066,D8LRG2,CBN75063.1
Ec-18_004430,Esi_0066_0068,D8LRG3,CBN75064.1
Ec-18_004440,Esi_0066_0069,D8LRG4,CBN75065.1
Ec-18_004450,Esi_0066_0070,D8LRG5,CBN75066.1
Ec-18_004460,Esi_0066_0071,D8LRG6,CBN75067.1
Ec-18_004470,Esi_0066_0073,D8LRG7,CBN75068.1
Ec-18_004480,Esi_0066_0074,D8LRG8,CBN75069.1
Ec-18_004490,Esi_0066_0075,D8LRG9,CBN75070.1
Ec-18_004500,Esi_0066_0076,D8LRH0,CBN75071.1
,Esi_0066_0078,D8LRH1,CBN75072.1
Ec-18_004510,Esi_0066_0079,D8LRH2,CBN75073.1
Ec-18_004520,Esi_0066_0081,D8LRH3,CBN75074.1
Ec-18_004530,Esi_0066_0082,D8LRH4,CBN75075.1
Ec-18_004540,Esi_0066_0083,D8LRH5,CBN75076.1
Ec-18_004550,Esi_0066_0084,D8LRH6,CBN75077.1
Ec-18_004560,Esi_0066_0085,D8LRH7,CBN75078.1
Ec-18_004570,Esi_0066_0090,D8LRH8,CBN75079.1
Ec-18_004580,Esi_0066_0093,D8LRH9,CBN75080.1
Ec-18_004590,Esi_0066_0094,D8LRI0,CBN75081.1
Ec-18_004610,Esi_0066_0101,D8LRI1,CBN75082.1
Ec-18_004620,Esi_0066_0103,D8LRI2,CBN75083.1
Ec-18_004630,Esi_0066_0104,D8LRI3,CBN75084.1
Ec-18_004640,Esi_0066_0106,D8LRI4,CBN75085.1
Ec-18_004660,Esi_0066_0108,D8LRI5,CBN75086.1
Ec-18_004680,Esi_0066_0117,D8LRI6,CBN75087.1
Ec-18_004690,Esi_0066_0118,D8LRI7,CBN75088.1
Ec-18_004700,Esi_0066_0119,D8LRI8,CBN75089.1
Ec-18_004710,Esi_0066_0121,D8LRI9,CBN75090.1
,Esi_0066_0122,D8LRJ0,CBN75091.1
Ec-18_004740,Esi_0066_0123,D8LRJ1,CBN75092.1
Ec-18_004750,Esi_0066_0125,D8LRJ2,CBN75093.1
Ec-18_004670,Esi_0066_0135,,
Ec-18_004720,Esi_0066_0137,,
Ec-18_004240,Esi_0066_0141,,
Ec-18_004280,Esi_0066_0142,,
Ec-18_004300,Esi_0066_0143,,
Ec-18_004420,Esi_0066_0144,,
Ec-18_004600,Esi_0066_0145,,
Ec-18_004650,Esi_0066_0146,,
Ec-18_004730,Esi_0066_0147,,
Ec-12_008530,Esi_0067_0001,D7G5N6,CBJ27333.1
Ec-12_008540,Esi_0067_0006,D7G5N7,CBJ27334.1
Ec-12_008550,Esi_0067_0007,D7G5N8,CBJ27335.1
Ec-12_008560,Esi_0067_0008,D7G5N9,CBJ27336.1
Ec-12_008570,Esi_0067_0009,D7G5P0,CBJ27337.1
Ec-12_008580,Esi_0067_0012,D7G5P1,CBJ27338.1
Ec-12_008590,Esi_0067_0014,D7G5P2,CBJ27339.1
Ec-12_008600,Esi_0067_0016,D7G5P3,CBJ27340.1
Ec-12_008620,Esi_0067_0018,D7G5P4,CBJ27341.1
Ec-12_008630,Esi_0067_0019,D7G5P5,CBJ27342.1
Ec-12_008650,Esi_0067_0020,D7G5P6,CBJ27343.1
Ec-12_008660,Esi_0067_0021,D7G5P7,CBJ27344.1
Ec-12_008670,Esi_0067_0022,D7G5P8,CBJ27345.1
Ec-12_008680,Esi_0067_0023,D7G5P9,CBJ27346.1
Ec-12_008690,Esi_0067_0024,D7G5Q0,CBJ27347.1
Ec-12_008700,Esi_0067_0026,D7G5Q1,CBJ27348.1
Ec-12_008710,Esi_0067_0027,D7G5Q2,CBJ27349.1
Ec-12_008720,Esi_0067_0029,D7G5Q3,CBJ27350.1
Ec-12_008730,Esi_0067_0031,D7G5Q4,CBJ27351.1
Ec-12_008740,Esi_0067_0032,D7G5Q5,CBJ27352.1
Ec-12_008750,Esi_0067_0033,D7G5Q6,CBJ27353.1
Ec-12_008760,Esi_0067_0034,D7G5Q7,CBJ27354.1
Ec-12_008770,Esi_0067_0035,D7G5Q8,CBJ27355.1
Ec-12_008780,Esi_0067_0037,D7G5Q9,CBJ27356.1
Ec-12_008790,Esi_0067_0039,D7G5R0,CBJ27357.1
Ec-12_008800,Esi_0067_0040,D7G5R1,CBJ27358.1
Ec-12_008810,Esi_0067_0044,D7G5R2,CBJ27359.1
Ec-12_008820,Esi_0067_0046,D7G5R3,CBJ27360.1
Ec-12_008830,Esi_0067_0047,D7G5R4,CBJ27361.1
Ec-12_008840,Esi_0067_0048,D7G5R5,CBJ27362.1
Ec-12_008850,Esi_0067_0050,D7G5R6,CBJ27363.1
Ec-12_008860,Esi_0067_0051,D7G5R7,CBJ27364.1
Ec-12_008870,Esi_0067_0053,D7G5R8,CBJ27365.1
,Esi_0067_0054,D7G5R9,CBJ27366.1
Ec-12_008890,Esi_0067_0055,D7G5S0,CBJ27367.1
Ec-12_008900,Esi_0067_0056,D7G5S1,CBJ27368.1
Ec-12_008910,Esi_0067_0058,D7G5S2,CBJ27369.1
Ec-12_008920,Esi_0067_0060,D7G5S3,CBJ27370.1
,Esi_0067_0061,D7G5S4,CBJ27371.1
Ec-12_008930,Esi_0067_0062,D7G5S5,CBJ27372.1
Ec-12_008940,Esi_0067_0068,D7G5S6,CBJ27373.1
Ec-12_008950,Esi_0067_0070,D7G5S7,CBJ27374.1
,Esi_0067_0071,D7G5S8,CBJ27375.1
Ec-12_008960,Esi_0067_0072,D7G5S9,CBJ27376.1
Ec-12_008970,Esi_0067_0076,D7G5T0,CBJ27377.1
Ec-12_008980,Esi_0067_0077,D7G5T1,CBJ27378.1
Ec-12_008990,Esi_0067_0079,D7G5T2,CBJ27379.1
Ec-12_009000,Esi_0067_0083,D7G5T3,CBJ27380.1
Ec-12_009020,Esi_0067_0087,D7G5T4,CBJ27381.1
Ec-12_009060,Esi_0067_0092,D7G5T5,CBJ27382.1
Ec-12_009070,Esi_0067_0094,D7G5T6,CBJ27383.1
Ec-12_009080,Esi_0067_0095,D7G5T7,CBJ27384.1
Ec-12_009090,Esi_0067_0098,D7G5T8,CBJ27385.1
Ec-12_009100,Esi_0067_0101,D7G5T9,CBJ27386.1
Ec-12_009110,Esi_0067_0103,D7G5U0,CBJ27387.1
Ec-12_009130,Esi_0067_0105,D7G5U1,CBJ27388.1
Ec-12_009150,Esi_0067_0107,D7G5U2,CBJ27389.1
Ec-12_009160,Esi_0067_0115,D7G5U3,CBJ27390.1
Ec-12_008640,Esi_0067_0127,,
Ec-12_008880,Esi_0067_0128,,
Ec-12_008610,Esi_0067_0134,,
Ec-12_009010,Esi_0067_0135,,
Ec-12_009030,Esi_0067_0136,,
Ec-12_009040,Esi_0067_0137,,
Ec-12_009050,Esi_0067_0138,,
Ec-12_009120,Esi_0067_0139,,
Ec-12_009140,Esi_0067_0140,,
Ec-13_001710,Esi_0068_0003,D7G5V3,CBJ27391.1
Ec-13_001750,Esi_0068_0016,D7G5V4,CBJ27392.1
Ec-13_001770,Esi_0068_0017,D7G5V5,CBJ27393.1
Ec-13_001800,Esi_0068_0025,D7G5V6,CBJ27394.1
Ec-13_001810,Esi_0068_0027,D7G5V7,CBJ27395.1
Ec-13_001830,Esi_0068_0035,D7G5V8,CBJ27396.1
Ec-13_001840,Esi_0068_0039,D7G5V9,CBJ27397.1
Ec-13_001850,Esi_0068_0050,D7G5W0,CBJ27398.1
Ec-13_001890,Esi_0068_0052,D7G5W1,CBJ27399.1
,Esi_0068_0056,D7G5W2,CBJ27400.1
,Esi_0068_0057,D7G5W3,CBJ27401.1
Ec-13_001910,Esi_0068_0058,D7G5W4,CBJ27402.1
obsolete,Esi_0068_0061,D7G5W5,CBJ27403.1
,Esi_0068_0062,D7G5W6,CBJ27404.1
Ec-13_001930,Esi_0068_0064,D7FSZ6,CBJ27405.1
Ec-13_001950,Esi_0068_0067,D7G5W8,CBJ27406.1
Ec-13_001960,Esi_0068_0068,D7G5W9,CBJ27407.1
,Esi_0068_0069,D7G5X0,CBJ27408.1
,Esi_0068_0070,D7G5X1,CBJ27409.1
Ec-13_001980,Esi_0068_0071,D7G5X2,CBJ27410.1
,Esi_0068_0072,D7G5X3,CBJ27411.1
,Esi_0068_0074,D7G5X4,CBJ27412.1
Ec-13_001990,Esi_0068_0079,D7G5X5,CBJ27413.1
,Esi_0068_0080,D7G5X6,CBJ27414.1
Ec-13_001760,Esi_0068_0098,,
Ec-13_001900,Esi_0068_0099,,
Ec-13_001970,Esi_0068_0100,,
Ec-13_002000,Esi_0068_0101,,
Ec-13_001740,Esi_0068_0102,,
Ec-13_001780,Esi_0068_0103,,
Ec-13_001790,Esi_0068_0104,,
Ec-13_001820,Esi_0068_0105,,
Ec-13_001860,Esi_0068_0106,,
Ec-13_001870,Esi_0068_0107,,
Ec-13_001880,Esi_0068_0108,,
Ec-13_001920,Esi_0068_0109,,
Ec-13_001940,Esi_0068_0110,,
Ec-13_001720,Esi_0068_0111,,
Ec-13_001730,Esi_0068_0112,,
Ec-12_000010,Esi_0069_0003,D8LRJ3,CBN77754.1
,Esi_0069_0004,D8LRJ4,CBN77755.1
Ec-12_000020,Esi_0069_0005,D8LRJ5,CBN77756.1
Ec-12_000030,Esi_0069_0006,D8LRJ6,CBN77757.1
Ec-12_000040,Esi_0069_0007,D8LRJ7,CBN77758.1
Ec-12_000060,Esi_0069_0009,D8LRJ8,CBN77759.1
Ec-12_000070,Esi_0069_0010,D8LRJ9,CBN77760.1
Ec-12_000080,Esi_0069_0011,D8LRK0,CBN77761.1
Ec-12_000100,Esi_0069_0015,D8LRK1,CBN77762.1
Ec-12_000110,Esi_0069_0018,D8LRK2,CBN77763.1
Ec-12_000120,Esi_0069_0021,D8LRK3,CBN77764.1
Ec-12_000130,Esi_0069_0022,D8LRK4,CBN77765.1
Ec-12_000140,Esi_0069_0023,D8LRK5,CBN77766.1
Ec-12_000150,Esi_0069_0024,D8LRK6,CBN77767.1
Ec-12_000160,Esi_0069_0025,D8LRK7,CBN77768.1
Ec-12_000170,Esi_0069_0026,D8LRK8,CBN77769.1
Ec-12_000180,Esi_0069_0027,D8LRK9,CBN77770.1
Ec-12_000200,Esi_0069_0028,D8LRL0,CBN77771.1
Ec-12_000220,Esi_0069_0029,D8LRL1,CBN77772.1
Ec-12_000230,Esi_0069_0033,D8LRL2,CBN77773.1
Ec-12_000240,Esi_0069_0034,D8LRL3,CBN77774.1
Ec-12_000250,Esi_0069_0035,D8LRL4,CBN77775.1
Ec-12_000260,Esi_0069_0036,D8LRL5,CBN77776.1
Ec-12_000270,Esi_0069_0038,D8LRL6,CBN77777.1
Ec-12_000290,Esi_0069_0041,D8LRL7,CBN77778.1
Ec-12_000300,Esi_0069_0043,D8LRL8,CBN77779.1
Ec-12_000310,Esi_0069_0045,D8LRL9,CBN77780.1
Ec-12_000320,Esi_0069_0046,D8LRM0,CBN77781.1
Ec-12_000330,Esi_0069_0047,D8LRM1,CBN77782.1
Ec-12_000340,Esi_0069_0048,D8LRM2,CBN77783.1
Ec-12_000350,Esi_0069_0049,D8LRM3,CBN77784.1
Ec-12_000360,Esi_0069_0050,D8LRM4,CBN77785.1
Ec-12_000370,Esi_0069_0051,D8LRM5,CBN77786.1
Ec-12_000380,Esi_0069_0052,D8LRM6,CBN77787.1
Ec-12_000390,Esi_0069_0053,D8LRM7,CBN77788.1
,Esi_0069_0054,D8LRM8,CBN77789.1
Ec-12_000400,Esi_0069_0058,D8LRM9,CBN77790.1
Ec-12_000410,Esi_0069_0059,D8LRN0,CBN77791.1
Ec-12_000420,Esi_0069_0061,D8LRN1,CBN77792.1
Ec-12_000430,Esi_0069_0062,D8LRN2,CBN77793.1
Ec-12_000440,Esi_0069_0064,D8LRN3,CBN77794.1
Ec-12_000450,Esi_0069_0065,D8LRN4,CBN77795.1
Ec-12_000460,Esi_0069_0067,D8LRN5,CBN77796.1
Ec-12_000470,Esi_0069_0069,D8LRN6,CBN77797.1
Ec-12_000480,Esi_0069_0070,D8LRN7,CBN77798.1
Ec-12_000490,Esi_0069_0073,D8LRN8,CBN77799.1
Ec-12_000500,Esi_0069_0074,D8LRN9,CBN77800.1
Ec-12_000510,Esi_0069_0075,D8LRP0,CBN77801.1
Ec-12_000520,Esi_0069_0076,D8LRP1,CBN77802.1
Ec-12_000530,Esi_0069_0081,D8LRP2,CBN77803.1
Ec-12_000540,Esi_0069_0083,D8LRP3,CBN77804.1
Ec-12_000560,Esi_0069_0086,D8LRP4,CBN77805.1
Ec-12_000570,Esi_0069_0088,D8LRP5,CBN77806.1
Ec-12_000580,Esi_0069_0089,D8LRP6,CBN77807.1
Ec-12_000590,Esi_0069_0095,D8LRP7,CBN77808.1
Ec-12_000600,Esi_0069_0097,D8LRP8,CBN77809.1
Ec-12_000610,Esi_0069_0101,D8LRP9,CBN77810.1
Ec-12_000620,Esi_0069_0102,D8LRQ0,CBN77811.1
Ec-12_000630,Esi_0069_0105,D8LRQ1,CBN77812.2
Ec-12_000640,Esi_0069_0106,D8LRQ2,CBN77813.1
Ec-12_000650,Esi_0069_0107,D8LRQ3,CBN77814.1
Ec-12_000210,Esi_0069_0117,,
Ec-12_000190,Esi_0069_0119,,
Ec-12_000090,Esi_0069_0120,,
Ec-12_000280,Esi_0069_0121,,
Ec-12_000550,Esi_0069_0122,,
Ec-12_000050,Esi_0069_0123,,
Ec-12_004940,Esi_0070_0001,D8LS37,CBN75094.1
Ec-12_004930,Esi_0070_0005,D8LS38,CBN75095.1
Ec-12_004910,Esi_0070_0009,D8LS39,CBN75096.1
Ec-12_004900,Esi_0070_0011,D8LS40,CBN75097.1
Ec-12_004890,Esi_0070_0013,D8LS41,CBN75098.1
Ec-12_004880,Esi_0070_0014,D8LS42,CBN75099.1
Ec-12_004870,Esi_0070_0016,D8LS43,CBN75100.1
Ec-12_004860,Esi_0070_0017,D8LS44,CBN75101.1
Ec-12_004850,Esi_0070_0019,D8LS45,CBN75102.1
,Esi_0070_0020,D8LS46,CBN75103.1
Ec-12_004840,Esi_0070_0021,D8LS47,CBN75104.1
Ec-12_004830,Esi_0070_0024,D8LS48,CBN75105.1
Ec-12_004820,Esi_0070_0026,D8LS49,CBN75106.1
Ec-12_004810,Esi_0070_0027,D8LS50,CBN75107.1
Ec-12_004800,Esi_0070_0029,D8LS51,CBN75108.1
Ec-12_004790,Esi_0070_0031,D8LS52,CBN75109.1
Ec-12_004770,Esi_0070_0032,D8LS53,CBN75110.1
Ec-12_004760,Esi_0070_0035,D8LS54,CBN75111.1
Ec-12_004760,Esi_0070_0037,D8LS55,CBN75112.1
Ec-12_004750,Esi_0070_0038,D8LS56,CBN75113.1
Ec-12_004740,Esi_0070_0039,D8LS57,CBN75114.1
,Esi_0070_0040,D8LS58,CBN75115.1
Ec-12_004730,Esi_0070_0041,D8LS59,CBN75116.1
Ec-12_004720,Esi_0070_0043,D8LS60,CBN75117.1
Ec-12_004710,Esi_0070_0044,D8LS61,CBN75118.1
Ec-12_004700,Esi_0070_0045,D8LS62,CBN75119.1
Ec-12_004690,Esi_0070_0046,D8LS63,CBN75120.1
Ec-12_004670,Esi_0070_0047,D8LS64,CBN75121.1
Ec-12_004660,Esi_0070_0049,D8LS65,CBN75122.1
Ec-12_004650,Esi_0070_0051,D8LS66,CBN75123.1
Ec-12_004630,Esi_0070_0055,D8LS67,CBN75124.1
,Esi_0070_0058,D8LS68,CBN75125.1
Ec-12_004620,Esi_0070_0059,D8LS69,CBN75126.1
,Esi_0070_0061,D8LS70,CBN75127.1
Ec-12_004610,Esi_0070_0063,D8LS71,CBN75128.1
Ec-12_004600,Esi_0070_0066,D8LS72,CBN75129.1
Ec-12_004590,Esi_0070_0068,D8LS73,CBN75130.1
Ec-12_004580,Esi_0070_0069,D8LS74,CBN75131.1
Ec-12_004570,Esi_0070_0071,D8LS75,CBN75132.1
Ec-12_004560,Esi_0070_0072,D8LS76,CBN75133.1
Ec-12_004550,Esi_0070_0073,D8LS77,CBN75134.1
Ec-12_004530,Esi_0070_0078,D8LS78,CBN75135.1
Ec-12_004510,Esi_0070_0081,D8LS79,CBN75136.1
Ec-12_004500,Esi_0070_0083,D8LS80,CBN75137.1
Ec-12_004490,Esi_0070_0084,D8LS81,CBN75138.1
Ec-12_004480,Esi_0070_0085,D8LS82,CBN75139.1
Ec-12_004470,Esi_0070_0087,D8LS83,CBN75140.1
Ec-12_004460,Esi_0070_0091,D8LS84,CBN75141.1
Ec-12_004450,Esi_0070_0092,D8LS85,CBN75142.1
Ec-12_004440,Esi_0070_0093,D8LS86,CBN75143.1
Ec-12_004430,Esi_0070_0094,D8LS87,CBN75144.1
Ec-12_004420,Esi_0070_0095,D8LS88,CBN75145.1
Ec-12_004410,Esi_0070_0096,D8LS89,CBN75146.1
Ec-12_004400,Esi_0070_0104,D8LS90,CBN75147.1
Ec-12_004390,Esi_0070_0106,D8LS91,CBN75148.1
Ec-12_004380,Esi_0070_0107,D8LS92,CBN75149.1
Ec-12_004370,Esi_0070_0108,D8LS93,CBN75150.1
Ec-12_004360,Esi_0070_0110,D8LS94,CBN75151.1
Ec-12_004350,Esi_0070_0111,D8LS95,CBN75152.1
Ec-12_004340,Esi_0070_0112,D8LS96,CBN75153.1
Ec-12_004330,Esi_0070_0114,D8LS97,CBN75154.1
Ec-12_004320,Esi_0070_0115,D8LS98,CBN75155.1
Ec-12_004310,Esi_0070_0117,D8LS99,CBN75156.1
Ec-12_004300,Esi_0070_0119,D8LSA0,CBN75157.1
Ec-12_004290,Esi_0070_0120,D8LSA1,CBN75158.1
Ec-12_004270,Esi_0070_0121,D8LSA2,CBN75159.1
Ec-12_004260,Esi_0070_0123,D8LSA3,CBN75160.1
Ec-12_004250,Esi_0070_0125,D8LSA4,CBN75161.1
Ec-12_004240,Esi_0070_0127,D8LSA5,CBN75162.1
Ec-12_004230,Esi_0070_0129,D8LSA6,CBN75163.1
Ec-12_004220,Esi_0070_0130,D8LSA7,CBN75164.1
Ec-12_004210,Esi_0070_0132,D8LSA8,CBN75165.1
Ec-12_004200,Esi_0070_0133,D8LSA9,CBN75166.1
Ec-12_004190,Esi_0070_0136,D8LSB0,CBN75167.1
Ec-12_004180,Esi_0070_0137,D8LSB1,CBN75168.1
Ec-12_004170,Esi_0070_0139,D8LSB2,CBN75169.1
Ec-12_004160,Esi_0070_0141,D8LSB3,CBN75170.1
Ec-12_004150,Esi_0070_0142,D8LSB4,CBN75171.1
Ec-12_004140,Esi_0070_0143,D8LSB5,CBN75172.1
Ec-12_004680,Esi_0070_0147,,
Ec-12_004540,Esi_0070_0148,,
Ec-12_004920,Esi_0070_0149,,
Ec-12_004780,Esi_0070_0150,,
Ec-12_004640,Esi_0070_0151,,
Ec-12_004520,Esi_0070_0152,,
Ec-12_004280,Esi_0070_0153,,
Ec-11_004650,Esi_0071_0002,D7G606,CBJ27415.1
Ec-11_004660,Esi_0071_0005,D7G607,CBJ27416.1
Ec-11_004670,Esi_0071_0008,D7G608,CBJ27417.1
,Esi_0071_0010,D7G609,CBJ27418.1
Ec-11_004680,Esi_0071_0011,D7G610,CBJ27419.1
Ec-11_004690,Esi_0071_0014,D7G611,CBJ27420.1
Ec-11_004700,Esi_0071_0016,D7G612,CBJ27421.1
Ec-11_004710,Esi_0071_0018,D7G613,CBJ27422.1
Ec-11_004720,Esi_0071_0020,D7G614,CBJ27423.1
Ec-11_004730,Esi_0071_0022,D7G615,CBJ27424.1
Ec-11_004740,Esi_0071_0024,D7G616,CBJ27425.1
Ec-11_004750,Esi_0071_0025,D7G617,CBJ27426.1
Ec-11_004760,Esi_0071_0026,D7G618,CBJ27427.1
Ec-11_004770,Esi_0071_0027,D7G619,CBJ27428.1
Ec-11_004780,Esi_0071_0028,D7G620,CBJ27429.1
Ec-11_004790,Esi_0071_0031,D7G621,CBJ27430.1
Ec-11_004800,Esi_0071_0032,D7G622,CBJ27431.1
Ec-11_004820,Esi_0071_0034,D7G623,CBJ27432.1
Ec-11_004830,Esi_0071_0035,D7G624,CBJ27433.1
Ec-11_004840,Esi_0071_0036,D7G625,CBJ27434.1
Ec-11_004850,Esi_0071_0038,D7G626,CBJ27435.1
Ec-11_004870,Esi_0071_0041,D7G627,CBJ27436.1
Ec-11_004880,Esi_0071_0045,D7G628,CBJ27437.1
Ec-11_004890,Esi_0071_0046,D7G629,CBJ27438.1
Ec-11_004900,Esi_0071_0048,D7G630,CBJ27439.1
Ec-11_004910,Esi_0071_0051,D7G631,CBJ27440.1
Ec-11_004920,Esi_0071_0052,D7G632,CBJ27441.1
Ec-11_004940,Esi_0071_0055,D7G633,CBJ27442.1
Ec-11_004970,Esi_0071_0057,D7G634,CBJ27443.1
Ec-11_004980,Esi_0071_0061,D7G635,CBJ27444.1
Ec-11_004990,Esi_0071_0063,D7G636,CBJ27445.1
Ec-11_005000,Esi_0071_0065,D7G637,CBJ27446.1
Ec-11_005010,Esi_0071_0066,D7G638,CBJ27447.1
Ec-11_005020,Esi_0071_0067,D7G639,CBJ27448.1
Ec-11_005030,Esi_0071_0069,D7G640,CBJ27449.1
Ec-11_005040,Esi_0071_0070,D7G641,CBJ27450.1
Ec-11_005050,Esi_0071_0071,D7G642,CBJ27451.1
Ec-11_005060,Esi_0071_0072,D7G643,CBJ27452.1
Ec-11_005070,Esi_0071_0075,D7G644,CBJ27453.1
Ec-11_005100,Esi_0071_0081,D7G645,CBJ27454.1
Ec-11_005140,Esi_0071_0090,D7G646,CBJ27455.1
Ec-11_005150,Esi_0071_0091,D7G647,CBJ27456.1
Ec-11_005160,Esi_0071_0092,D7G648,CBJ27457.1
,Esi_0071_0093,D7G649,CBJ27458.1
Ec-11_005170,Esi_0071_0094,D7G650,CBJ27459.1
Ec-11_005180,Esi_0071_0098,D7G651,CBJ27460.1
,Esi_0071_0099,D7G652,CBJ27461.1
Ec-11_005210,Esi_0071_0101,D7G653,CBJ27462.1
Ec-11_005220,Esi_0071_0103,D7G654,CBJ27463.1
Ec-11_005230,Esi_0071_0107,D7G655,CBJ27464.1
Ec-11_005250,Esi_0071_0110,D7G656,CBJ27465.1
Ec-11_005260,Esi_0071_0111,D7G657,CBJ27466.1
Ec-11_005270,Esi_0071_0112,D7G658,CBJ27467.1
Ec-11_005280,Esi_0071_0113,D7G659,CBJ27468.1
Ec-11_005290,Esi_0071_0114,D7G660,CBJ27469.1
,Esi_0071_0116,D7G661,CBJ27470.1
Ec-11_005310,Esi_0071_0117,D7G662,CBJ27471.1
Ec-11_005300,Esi_0071_0133,,
Ec-11_004640,Esi_0071_0137,,
Ec-11_004810,Esi_0071_0138,,
Ec-11_004860,Esi_0071_0139,,
Ec-11_004930,Esi_0071_0140,,
Ec-11_004950,Esi_0071_0141,,
Ec-11_004960,Esi_0071_0142,,
Ec-11_005080,Esi_0071_0143,,
Ec-11_005090,Esi_0071_0144,,
Ec-11_005110,Esi_0071_0145,,
Ec-11_005120,Esi_0071_0146,,
Ec-11_005130,Esi_0071_0147,,
Ec-11_005190,Esi_0071_0148,,
Ec-11_005200,Esi_0071_0149,,
Ec-11_005240,Esi_0071_0150,,
Ec-11_005320,Esi_0071_0151,,
Ec-21_003100,Esi_0072_0001,D8LSB6,CBN75173.1
Ec-21_003110,Esi_0072_0002,D8LSB7,CBN75174.1
Ec-21_003120,Esi_0072_0004,D8LSB8,CBN75175.1
Ec-21_003130,Esi_0072_0006,D8LSB9,CBN75176.1
Ec-21_003140,Esi_0072_0009,D8LSC0,CBN75177.1
Ec-21_003160,Esi_0072_0015,D8LSC1,CBN75178.1
Ec-21_003170,Esi_0072_0016,D8LSC2,CBN75179.1
,Esi_0072_0017,D8LSC3,CBN75180.1
Ec-21_003190,Esi_0072_0019,D8LSC4,CBN75181.1
Ec-21_003200,Esi_0072_0020,D8LSC5,CBN75182.1
,Esi_0072_0021,D8LSC6,CBN75183.1
Ec-21_003210,Esi_0072_0022,D8LSC7,CBN75184.1
Ec-21_003220,Esi_0072_0023,D8LSC8,CBN75185.1
,Esi_0072_0024,D8LSC9,CBN75186.1
Ec-21_003230,Esi_0072_0029,D8LSD0,CBN75187.1
Ec-21_003240,Esi_0072_0030,D8LSD1,CBN75188.1
Ec-21_003250,Esi_0072_0031,D8LSD2,CBN75189.1
Ec-21_003260,Esi_0072_0032,D8LSD3,CBN75190.1
Ec-21_003270,Esi_0072_0033,D8LSD4,CBN75191.1
Ec-21_003280,Esi_0072_0034,D8LSD5,CBN75192.1
Ec-21_003290,Esi_0072_0035,D8LSD6,CBN75193.1
Ec-21_003300,Esi_0072_0036,D8LSD7,CBN75194.1
,Esi_0072_0039,D8LSD8,CBN75195.1
Ec-21_003320,Esi_0072_0040,D8LSD9,CBN75196.1
Ec-21_003330,Esi_0072_0041,D8LSE0,CBN75197.1
Ec-21_003340,Esi_0072_0044,D8LSE1,CBN75198.1
Ec-21_003360,Esi_0072_0052,D8LSE2,CBN75199.1
Ec-21_003370,Esi_0072_0053,D8LSE3,CBN75200.1
Ec-21_003380,Esi_0072_0054,D8LSE4,CBN75201.1
Ec-21_003390,Esi_0072_0055,D8LSE5,CBN75202.1
Ec-21_003400,Esi_0072_0056,D8LSE6,CBN75203.1
Ec-21_003410,Esi_0072_0058,D8LSE7,CBN75204.1
Ec-21_003420,Esi_0072_0059,D8LSE8,CBN75205.1
Ec-21_003430,Esi_0072_0060,D8LSE9,CBN75206.1
Ec-21_003440,Esi_0072_0062,D8LSF0,CBN75207.1
Ec-21_003460,Esi_0072_0063,D8LSF1,CBN75208.1
Ec-21_003470,Esi_0072_0064,D8LSF2,CBN75209.1
Ec-21_003480,Esi_0072_0068,D8LSF3,CBN75210.1
Ec-21_003490,Esi_0072_0069,D8LSF4,CBN75211.1
Ec-21_003500,Esi_0072_0071,D8LSF5,CBN75212.1
,Esi_0072_0074,D8LSF6,CBN75213.1
Ec-21_003510,Esi_0072_0078,D8LSF7,CBN75214.1
Ec-21_003520,Esi_0072_0080,D8LSF8,CBN75215.1
Ec-21_003530,Esi_0072_0081,D8LSF9,CBN75216.1
Ec-21_003540,Esi_0072_0082,D8LSG0,CBN75217.1
Ec-21_003560,Esi_0072_0083,D8LSG1,CBN75218.1
Ec-21_003570,Esi_0072_0084,D8LSG2,CBN75219.1
Ec-21_003580,Esi_0072_0088,D8LSG3,CBN75220.1
Ec-21_003590,Esi_0072_0089,D8LSG4,CBN75221.1
Ec-21_003600,Esi_0072_0090,D8LSG5,CBN75222.1
Ec-21_003610,Esi_0072_0092,D8LSG6,CBN75223.1
Ec-21_003620,Esi_0072_0094,D8LSG7,CBN75224.1
Ec-21_003630,Esi_0072_0096,D8LSG8,CBN75225.1
Ec-21_003640,Esi_0072_0097,D8LSG9,CBN75226.1
Ec-21_003670,Esi_0072_0099,D8LSH0,CBN75227.1
Ec-21_003680,Esi_0072_0101,D8LSH1,CBN75228.1
Ec-21_003690,Esi_0072_0103,D8LSH2,CBN75229.1
Ec-21_003710,Esi_0072_0104,D8LSH3,CBN75230.1
Ec-21_003720,Esi_0072_0107,D8LSH4,CBN75231.1
Ec-21_003730,Esi_0072_0109,D8LSH5,CBN75232.1
Ec-21_003740,Esi_0072_0110,D8LSH6,CBN75233.1
Ec-21_003750,Esi_0072_0111,D8LSH7,CBN75234.1
Ec-21_003180,Esi_0072_0120,,
Ec-21_003450,Esi_0072_0123,,
Ec-21_003150,Esi_0072_0124,,
Ec-21_003090,Esi_0072_0125,,
Ec-21_003310,Esi_0072_0126,,
Ec-21_003350,Esi_0072_0127,,
Ec-21_003550,Esi_0072_0128,,
Ec-21_003650,Esi_0072_0129,,
Ec-21_003660,Esi_0072_0130,,
Ec-21_003700,Esi_0072_0131,,
Ec-21_003760,Esi_0072_0132,,
Ec-10_000930,Esi_0073_0002,D7G677,CBJ27472.1
,Esi_0073_0016,D7G678,CBJ27473.1
,Esi_0073_0021,D7G679,CBJ27474.1
,Esi_0073_0023,D7G680,CBJ27475.1
,Esi_0073_0025,D7G681,CBJ27476.1
,Esi_0073_0026,D7G682,CBJ27477.1
,Esi_0073_0030,D7G683,CBJ27478.1
,Esi_0073_0031,D7G684,CBJ27479.1
,Esi_0073_0032,D7G685,CBJ27480.1
Ec-10_000950,Esi_0073_0035,D7G686,CBJ27481.1
Ec-10_000960,Esi_0073_0036,D7G687,CBJ27482.1
Ec-10_000970,Esi_0073_0037,D7G688,CBJ27483.1
Ec-10_000980,Esi_0073_0040,D7G689,CBJ27484.1
Ec-10_000990,Esi_0073_0041,D7G690,CBJ27485.1
Ec-10_001000,Esi_0073_0044,D7G691,CBJ27486.1
Ec-10_001010,Esi_0073_0046,D7G692,CBJ27487.1
Ec-10_001020,Esi_0073_0047,D7G693,CBJ27488.1
Ec-10_001030,Esi_0073_0048,D7G694,CBJ27489.1
Ec-10_001040,Esi_0073_0049,D7G695,CBJ27490.1
Ec-10_001060,Esi_0073_0051,D7G696,CBJ27491.1
,Esi_0073_0052,D7G697,CBJ27492.1
Ec-10_001070,Esi_0073_0055,D7G698,CBJ27493.1
,Esi_0073_0056,D7G699,CBJ27494.1
Ec-10_001080,Esi_0073_0057,D7G6A0,CBJ27495.1
,Esi_0073_0058,D7G6A1,CBJ27496.1
Ec-10_001100,Esi_0073_0060,D7G6A2,CBJ27497.1
Ec-10_001120,Esi_0073_0062,D7G6A3,CBJ27498.1
Ec-10_001130,Esi_0073_0064,D7G6A4,CBJ27499.1
Ec-10_001140,Esi_0073_0066,D7G6A5,CBJ27500.1
Ec-10_001150,Esi_0073_0067,D7G6A6,CBJ27501.1
Ec-10_001160,Esi_0073_0068,D7G6A7,CBJ27502.1
Ec-10_001170,Esi_0073_0069,D7G6A8,CBJ27503.1
Ec-10_001180,Esi_0073_0070,D7G6A9,CBJ27504.1
Ec-10_001190,Esi_0073_0071,D7G6B0,CBJ27505.1
Ec-10_001200,Esi_0073_0072,D7G6B1,CBJ27506.1
Ec-10_001210,Esi_0073_0073,D7G6B2,CBJ27507.1
Ec-10_001220,Esi_0073_0074,D7G6B3,CBJ27508.1
Ec-10_001230,Esi_0073_0075,D7G6B4,CBJ27509.1
Ec-10_001240,Esi_0073_0076,D7G6B5,CBJ27510.1
Ec-10_001250,Esi_0073_0077,D7G6B6,CBJ27511.1
Ec-10_001260,Esi_0073_0078,D7G6B7,CBJ27512.1
Ec-10_001270,Esi_0073_0079,D7G6B8,CBJ27513.1
Ec-10_001280,Esi_0073_0082,D7G6B9,CBJ27514.1
Ec-10_001290,Esi_0073_0085,D7G6C0,CBJ27515.1
Ec-10_001300,Esi_0073_0086,D7G6C1,CBJ27516.1
Ec-10_001310,Esi_0073_0088,D7G6C2,CBJ27517.1
Ec-10_001320,Esi_0073_0090,D7G6C3,CBJ27518.1
Ec-10_001330,Esi_0073_0091,D7G6C4,CBJ27519.1
Ec-10_001340,Esi_0073_0092,D7G6C5,CBJ27520.1
Ec-10_001350,Esi_0073_0098,D7G6C6,CBJ27521.1
Ec-10_001370,Esi_0073_0111,D7G6C7,CBJ27522.1
Ec-10_001380,Esi_0073_0112,D7G6C8,CBJ27523.1
Ec-10_001400,Esi_0073_0114,D7G6C9,CBJ27524.1
Ec-10_001410,Esi_0073_0115,D7G6D0,CBJ27525.1
Ec-10_001420,Esi_0073_0116,D7G6D1,CBJ27526.1
Ec-10_001430,Esi_0073_0117,D7G6D2,CBJ27527.1
Ec-10_001440,Esi_0073_0118,D7G6D3,CBJ27528.1
Ec-10_001450,Esi_0073_0120,D7G6D4,CBJ27529.1
Ec-10_001460,Esi_0073_0122,D7G6D5,CBJ27530.1
,Esi_0073_0123,D7G6D6,CBJ27531.1
Ec-10_001470,Esi_0073_0124,D7G6D7,CBJ27532.1
Ec-10_001480,Esi_0073_0125,D7G6D8,CBJ27533.1
Ec-10_001500,Esi_0073_0128,D7G6D9,CBJ27534.1
Ec-10_001510,Esi_0073_0132,D7G6E0,CBJ27535.1
Ec-10_001520,Esi_0073_0135,D7G6E1,CBJ27536.1
Ec-10_001530,Esi_0073_0136,D7G6E2,CBJ27537.1
Ec-10_001540,Esi_0073_0137,D7G6E3,CBJ27538.1
Ec-10_001550,Esi_0073_0138,D7G6E4,CBJ27539.1
Ec-10_001560,Esi_0073_0139,D7G6E5,CBJ27540.1
Ec-10_001570,Esi_0073_0140,D7G6E6,CBJ27541.1
Ec-10_001580,Esi_0073_0141,D7G6E7,CBJ27542.1
Ec-10_001590,Esi_0073_0142,D7G6E8,CBJ27543.1
Ec-10_001600,Esi_0073_0143,D7G6E9,CBJ27544.1
Ec-10_001610,Esi_0073_0144,D7G6F0,CBJ27545.1
Ec-10_001620,Esi_0073_0146,D7G6F1,CBJ27546.1
Ec-10_001630,Esi_0073_0147,D7G6F2,CBJ27547.1
Ec-10_001640,Esi_0073_0151,D7G6F3,CBJ27548.1
Ec-10_001110,Esi_0073_0162,,
Ec-10_001050,Esi_0073_0167,,
Ec-10_001090,Esi_0073_0168,,
Ec-10_001360,Esi_0073_0169,,
Ec-10_001390,Esi_0073_0170,,
Ec-10_000940,Esi_0073_0171,,
Ec-10_001490,Esi_0073_0172,,
Ec-09_001690,Esi_0074_0001,D8LSH8,CBN77815.1
Ec-09_001700,Esi_0074_0002,D8LSH9,CBN77816.1
Ec-09_001710,Esi_0074_0004,D8LSI0,CBN77817.1
Ec-09_001730,Esi_0074_0005,D8LSI1,CBN77818.1
Ec-09_001740,Esi_0074_0006,D8LSI2,CBN77819.1
Ec-09_001750,Esi_0074_0007,D8LSI3,CBN77820.1
Ec-09_001760,Esi_0074_0008,D8LSI4,CBN77821.1
Ec-09_001770,Esi_0074_0009,D8LSI5,CBN77822.1
Ec-09_001780,Esi_0074_0010,D8LSI6,CBN77823.1
Ec-09_001790,Esi_0074_0012,D8LSI7,CBN77824.1
Ec-09_001800,Esi_0074_0014,D8LSI8,CBN77825.1
Ec-09_001810,Esi_0074_0023,D8LSI9,CBN77826.1
Ec-09_001820,Esi_0074_0024,D8LSJ0,CBN77827.1
Ec-09_001830,Esi_0074_0030,D8LSJ1,CBN77828.1
Ec-09_001840,Esi_0074_0032,D8LSJ2,CBN77829.1
Ec-09_001850,Esi_0074_0039,D8LSJ3,CBN77830.1
Ec-09_001860,Esi_0074_0040,D8LSJ4,CBN77831.1
Ec-09_001870,Esi_0074_0044,D8LSJ5,CBN77832.1
Ec-09_001880,Esi_0074_0045,D8LSJ6,CBN77833.1
Ec-09_001900,Esi_0074_0048,D8LSJ7,CBN77834.1
Ec-09_001910,Esi_0074_0050,D8LSJ8,CBN77835.1
Ec-09_001920,Esi_0074_0053,D8LSJ9,CBN77836.1
,Esi_0074_0054,D8LSK0,CBN77837.1
Ec-09_001930,Esi_0074_0055,D8LSK1,CBN77838.1
Ec-09_001940,Esi_0074_0056,D8LSK2,CBN77839.1
Ec-09_001950,Esi_0074_0057,D8LSK3,CBN77840.1
Ec-09_001960,Esi_0074_0058,D8LSK4,CBN77841.1
Ec-09_001970,Esi_0074_0059,D8LSK5,CBN77842.1
Ec-09_001980,Esi_0074_0060,D8LSK6,CBN77843.1
Ec-09_001990,Esi_0074_0061,D8LSK7,CBN77844.1
Ec-09_002000,Esi_0074_0062,D8LSK8,CBN77845.1
Ec-09_002010,Esi_0074_0065,D8LSK9,CBN77846.1
Ec-09_002030,Esi_0074_0067,D8LSL0,CBN77847.1
Ec-09_002040,Esi_0074_0069,D8LSL1,CBN77848.1
Ec-09_002050,Esi_0074_0070,D8LSL2,CBN77849.1
Ec-09_002060,Esi_0074_0071,D8LSL3,CBN77850.1
Ec-09_002070,Esi_0074_0073,D8LSL4,CBN77851.1
Ec-09_002090,Esi_0074_0075,D8LSL5,CBN77852.1
Ec-09_002110,Esi_0074_0078,D8LSL6,CBN77853.1
Ec-09_002120,Esi_0074_0079,D8LSL7,CBN77854.1
Ec-09_002130,Esi_0074_0081,D8LSL8,CBN77855.1
Ec-09_002140,Esi_0074_0082,D8LSL9,CBN77856.1
Ec-09_002150,Esi_0074_0084,D8LSM0,CBN77857.2
Ec-09_002160,Esi_0074_0087,D8LSM1,CBN77858.1
,Esi_0074_0088,D8LSM2,CBN77859.1
Ec-09_002170,Esi_0074_0089,D8LSM3,CBN77860.1
Ec-09_002180,Esi_0074_0092,D8LSM4,CBN77861.1
Ec-09_002190,Esi_0074_0093,D8LSM5,CBN77862.1
Ec-09_002220,Esi_0074_0097,D8LSM6,CBN77863.1
Ec-09_002230,Esi_0074_0098,D8LSM7,CBN77864.1
Ec-09_002240,Esi_0074_0099,D8LSM8,CBN77865.1
Ec-09_002260,Esi_0074_0100,D8LSM9,CBN77866.1
Ec-09_002280,Esi_0074_0101,D8LSN0,CBN77867.1
,Esi_0074_0102,D8LSN1,CBN77868.1
Ec-09_002290,Esi_0074_0103,D8LSN2,CBN77869.1
Ec-09_002300,Esi_0074_0105,D8LSN3,CBN77870.1
Ec-09_002310,Esi_0074_0106,D8LSN4,CBN77871.1
Ec-09_002020,Esi_0074_0120,,
Ec-09_001890,Esi_0074_0126,,
Ec-09_002080,Esi_0074_0127,,
Ec-09_002100,Esi_0074_0128,,
Ec-09_001720,Esi_0074_0129,,
Ec-09_002200,Esi_0074_0130,,
Ec-09_002210,Esi_0074_0131,,
Ec-09_002250,Esi_0074_0132,,
Ec-09_002270,Esi_0074_0133,,
Ec-05_006110,Esi_0075_0002,D7G6G4,CBJ27549.1
Ec-05_006120,Esi_0075_0004,D7G6G5,CBJ27550.1
Ec-05_006130,Esi_0075_0006,D7G6G6,CBJ27551.1
Ec-05_006140,Esi_0075_0008,D7G6G7,CBJ27552.1
Ec-05_006150,Esi_0075_0009,D7G6G8,CBJ27553.1
Ec-05_006160,Esi_0075_0010,D7G6G9,CBJ27554.1
Ec-05_006170,Esi_0075_0011,D7G6H0,CBJ27555.1
Ec-05_006180,Esi_0075_0012,D7G6H1,CBJ27556.1
Ec-05_006190,Esi_0075_0013,D7G6H2,CBJ27557.1
Ec-05_006200,Esi_0075_0014,D7G6H3,CBJ27558.1
Ec-05_006210,Esi_0075_0015,D7G6H4,CBJ27559.1
Ec-05_006210,Esi_0075_0018,D7G6H5,CBJ27560.1
Ec-05_006220,Esi_0075_0020,D7G6H6,CBJ27561.1
Ec-05_006230,Esi_0075_0022,D7G6H7,CBJ27562.1
Ec-05_006240,Esi_0075_0023,D7G6H8,CBJ27563.1
Ec-05_006250,Esi_0075_0025,D7G6H9,CBJ27564.1
Ec-05_006260,Esi_0075_0035,D7G6I0,CBJ27565.1
Ec-05_006270,Esi_0075_0039,D7G6I1,CBJ27566.1
Ec-05_006280,Esi_0075_0040,D7G6I2,CBJ27567.1
Ec-05_006290,Esi_0075_0042,D7G6I3,CBJ27568.1
Ec-05_006300,Esi_0075_0044,D7G6I4,CBJ27569.1
Ec-05_006310,Esi_0075_0046,D7G6I5,CBJ27570.1
Ec-05_006320,Esi_0075_0048,D7G6I6,CBJ27571.1
Ec-05_006330,Esi_0075_0050,D7G6I7,CBJ27572.1
Ec-05_006340,Esi_0075_0052,D7G6I8,CBJ27573.1
Ec-05_006350,Esi_0075_0053,D7G6I9,CBJ27574.1
Ec-05_006370,Esi_0075_0055,D7G6J0,CBJ27575.1
Ec-05_006380,Esi_0075_0059,D7G6J1,CBJ27576.1
Ec-05_006390,Esi_0075_0061,D7G6J2,CBJ27577.1
Ec-05_006400,Esi_0075_0063,D7G6J3,CBJ27578.1
Ec-05_006410,Esi_0075_0064,D7G6J4,CBJ27579.1
Ec-05_006420,Esi_0075_0065,D7G6J5,CBJ27580.1
Ec-05_006430,Esi_0075_0067,D7G6J6,CBJ27581.1
Ec-05_006440,Esi_0075_0068,D7G6J7,CBJ27582.1
Ec-05_006450,Esi_0075_0069,D7G6J8,CBJ27583.1
Ec-05_006460,Esi_0075_0071,D7G6J9,CBJ27584.1
Ec-05_006470,Esi_0075_0073,D7G6K0,CBJ27585.1
Ec-05_006480,Esi_0075_0075,D7G6K1,CBJ27586.1
Ec-05_006490,Esi_0075_0076,D7G6K2,CBJ27587.1
Ec-05_006500,Esi_0075_0079,D7G6K3,CBJ27588.1
Ec-05_006510,Esi_0075_0080,D7G6K4,CBJ27589.1
Ec-05_006520,Esi_0075_0084,D7G6K5,CBJ27590.1
Ec-05_006540,Esi_0075_0097,D7G6K6,CBJ27591.1
Ec-05_006560,Esi_0075_0110,D7G6K7,CBJ27592.1
Ec-05_006570,Esi_0075_0112,D7G6K8,CBJ27593.1
Ec-05_006580,Esi_0075_0113,D7G6K9,CBJ27594.1
Ec-05_006590,Esi_0075_0119,D7G5F8,CBJ27595.1
Ec-05_006090,Esi_0075_0129,,
Ec-05_006550,Esi_0075_0134,,
Ec-05_006080,Esi_0075_0135,,
Ec-05_006100,Esi_0075_0136,,
Ec-05_006360,Esi_0075_0137,,
Ec-05_006530,Esi_0075_0138,,
Ec-15_003230,Esi_0076_0002,D8LSN5,CBN75235.1
Ec-15_003210,Esi_0076_0004,D8LSN6,CBN75236.1
Ec-15_003200,Esi_0076_0005,D8LSN7,CBN75237.1
Ec-15_003170,Esi_0076_0010,D8LSN8,CBN75238.1
Ec-15_003160,Esi_0076_0012,D8LSN9,CBN75239.1
Ec-15_003150,Esi_0076_0013,D8LSP0,CBN75240.1
Ec-15_003140,Esi_0076_0022,D8LSP1,CBN75241.1
Ec-15_003130,Esi_0076_0026,D8LSP2,CBN75242.1
Ec-15_003120,Esi_0076_0027,D8LSP3,CBN75243.1
Ec-15_003110,Esi_0076_0029,D8LSP4,CBN75244.1
Ec-15_003100,Esi_0076_0030,D8LSP5,CBN75245.1
Ec-15_003090,Esi_0076_0031,D8LSP6,CBN75246.1
Ec-15_003070,Esi_0076_0032,D8LSP7,CBN75247.1
Ec-15_003060,Esi_0076_0036,D8LSP8,CBN75248.1
,Esi_0076_0037,D8LSP9,CBN75249.1
Ec-15_003050,Esi_0076_0038,D8LSQ0,CBN75250.1
Ec-15_003040,Esi_0076_0039,D8LSQ1,CBN75251.1
Ec-15_003030,Esi_0076_0040,D8LSQ2,CBN75252.1
Ec-15_003020,Esi_0076_0042,D8LSQ3,CBN75253.1
Ec-15_003010,Esi_0076_0043,D8LSQ4,CBN75254.1
Ec-15_002990,Esi_0076_0045,D8LSQ5,CBN75255.1
Ec-15_002980,Esi_0076_0048,D8LSQ6,CBN75256.1
Ec-15_002970,Esi_0076_0049,D8LSQ7,CBN75257.1
Ec-15_002960,Esi_0076_0050,D8LSQ8,CBN75258.1
Ec-15_002950,Esi_0076_0054,D8LSQ9,CBN75259.1
Ec-15_002940,Esi_0076_0057,D8LSR0,CBN75260.1
Ec-15_002930,Esi_0076_0060,D8LSR1,CBN75261.1
Ec-15_002920,Esi_0076_0061,D8LSR2,CBN75262.1
Ec-15_002910,Esi_0076_0063,D8LSR3,CBN75263.1
Ec-15_002900,Esi_0076_0066,D8LSR4,CBN75264.1
,Esi_0076_0067,D8LSR5,CBN75265.1
Ec-15_002890,Esi_0076_0069,D8LSR6,CBN75266.1
Ec-15_002870,Esi_0076_0071,D8LSR7,CBN75267.1
Ec-15_002860,Esi_0076_0072,D8LSR8,CBN75268.1
Ec-15_002850,Esi_0076_0074,D8LSR9,CBN75269.1
Ec-15_002830,Esi_0076_0075,D8LSS0,CBN75270.1
Ec-15_002820,Esi_0076_0076,D8LSS1,CBN75271.1
Ec-15_002810,Esi_0076_0077,D8LSS2,CBN75272.1
Ec-15_002800,Esi_0076_0078,D8LSS3,CBN75273.1
Ec-15_002800,Esi_0076_0080,D8LSS4,CBN75274.1
Ec-15_002790,Esi_0076_0081,D8LSS5,CBN75275.1
Ec-15_002780,Esi_0076_0082,D8LSS6,CBN75276.1
Ec-15_002770,Esi_0076_0083,D8LSS7,CBN75277.1
Ec-15_002760,Esi_0076_0087,D8LSS8,CBN75278.1
Ec-15_002750,Esi_0076_0089,D8LSS9,CBN75279.1
Ec-15_002740,Esi_0076_0090,D8LST0,CBN75280.1
Ec-15_002720,Esi_0076_0092,D8LST1,CBN75281.1
Ec-15_002700,Esi_0076_0093,D8LST2,CBN75282.1
Ec-15_002690,Esi_0076_0094,D8LST3,CBN75283.1
Ec-15_002680,Esi_0076_0098,D8LST4,CBN75284.1
Ec-15_002670,Esi_0076_0101,D8LST5,CBN75285.1
Ec-15_002660,Esi_0076_0102,D8LST6,CBN75286.1
Ec-15_002650,Esi_0076_0105,D8LST7,CBN75287.1
Ec-15_002640,Esi_0076_0106,D8LST8,CBN75288.1
Ec-15_002630,Esi_0076_0107,D8LST9,CBN75289.1
Ec-15_002620,Esi_0076_0110,D8LSU0,CBN75290.1
Ec-15_002600,Esi_0076_0111,D8LSU1,CBN75291.1
Ec-15_002580,Esi_0076_0113,D8LSU2,CBN75292.1
Ec-15_002570,Esi_0076_0114,D8LSU3,CBN75293.1
Ec-15_002710,Esi_0076_0127,,
Ec-15_003080,Esi_0076_0135,,
Ec-15_003000,Esi_0076_0136,,
Ec-15_003220,Esi_0076_0137,,
Ec-15_002880,Esi_0076_0138,,
Ec-15_002840,Esi_0076_0139,,
Ec-15_002730,Esi_0076_0140,,
Ec-15_003190,Esi_0076_0141,,
Ec-15_002610,Esi_0076_0142,,
Ec-15_002590,Esi_0076_0143,,
Ec-15_003180,Esi_0076_0144,,
Ec-26_001470,Esi_0077_0002,D8LSU5,CBN77872.1
Ec-26_001480,Esi_0077_0003,D8LSU6,CBN77873.1
Ec-26_001490,Esi_0077_0006,D8LSU7,CBN77874.1
Ec-26_001500,Esi_0077_0007,D8LSU8,CBN77875.1
Ec-26_001520,Esi_0077_0009,D8LSU9,CBN77876.1
Ec-26_001530,Esi_0077_0013,D8LSV0,CBN77877.1
,Esi_0077_0015,D8LSV1,CBN77878.1
Ec-26_001540,Esi_0077_0018,D8LSV2,CBN77879.1
Ec-26_001550,Esi_0077_0019,D8LSV3,CBN77880.1
Ec-26_001560,Esi_0077_0022,D8LSV4,CBN77881.1
Ec-26_001570,Esi_0077_0023,D8LSV5,CBN77882.1
Ec-26_001580,Esi_0077_0024,D8LSV6,CBN77883.1
Ec-26_001590,Esi_0077_0025,D8LSV7,CBN77884.1
Ec-26_001600,Esi_0077_0026,D8LSV8,CBN77885.1
Ec-26_001610,Esi_0077_0034,D8LSV9,CBN77886.1
Ec-26_001620,Esi_0077_0039,D8LSW0,CBN77887.1
Ec-26_001630,Esi_0077_0041,D8LSW1,CBN77888.1
Ec-26_001640,Esi_0077_0043,D8LSW2,CBN77889.1
Ec-26_001650,Esi_0077_0044,D8LSW3,CBN77890.1
Ec-26_001660,Esi_0077_0055,D8LSW4,CBN77891.1
Ec-26_001670,Esi_0077_0057,D8LSW5,CBN77892.1
,Esi_0077_0063,D8LSW6,CBN77893.1
Ec-26_001680,Esi_0077_0066,D8LSW7,CBN77894.1
Ec-26_001690,Esi_0077_0067,D8LSW8,CBN77895.1
Ec-26_001700,Esi_0077_0069,D8LSW9,CBN77896.1
Ec-26_001720,Esi_0077_0071,D8LSX0,CBN77897.1
Ec-26_001730,Esi_0077_0072,D8LSX1,CBN77898.1
Ec-26_001740,Esi_0077_0075,D8LSX2,CBN77899.1
Ec-26_001750,Esi_0077_0086,D8LSX3,CBN77900.1
Ec-26_001760,Esi_0077_0089,D8LSX4,CBN77901.1
Ec-26_001770,Esi_0077_0092,D8LSX5,CBN77902.1
Ec-26_001790,Esi_0077_0094,D8LSX6,CBN77903.1
Ec-26_001800,Esi_0077_0095,D8LSX7,CBN77904.1
Ec-26_001810,Esi_0077_0096,D8LSX8,CBN77905.1
Ec-26_001830,Esi_0077_0097,D8LSX9,CBN77906.1
,Esi_0077_0099,D8LSY0,CBN77907.1
Ec-26_001840,Esi_0077_0100,D8LSY1,CBN77908.1
Ec-26_001850,Esi_0077_0101,D8LSY2,CBN77909.1
Ec-26_001860,Esi_0077_0102,D8LSY3,CBN77910.1
Ec-26_001870,Esi_0077_0105,D8LSY4,CBN77911.1
Ec-26_001880,Esi_0077_0111,D8LSY5,CBN77912.1
Ec-26_001890,Esi_0077_0112,D8LSY6,CBN77913.2
Ec-26_001900,Esi_0077_0114,D8LSY7,CBN77914.1
Ec-26_001920,Esi_0077_0115,D8LSY8,CBN77915.1
Ec-26_001930,Esi_0077_0116,D8LSY9,CBN77916.1
Ec-26_001940,Esi_0077_0117,D8LSZ0,CBN77917.1
Ec-26_001950,Esi_0077_0118,D8LSZ1,CBN77918.1
Ec-26_001960,Esi_0077_0121,D8LSZ2,CBN77919.1
Ec-26_001970,Esi_0077_0122,D8LSZ3,CBN77920.1
Ec-26_001980,Esi_0077_0125,D8LSZ4,CBN77921.1
Ec-26_001990,Esi_0077_0126,D8LSZ5,CBN77922.1
Ec-26_002000,Esi_0077_0127,D8LSZ6,CBN77923.1
Ec-26_002010,Esi_0077_0128,D8LSZ7,CBN77924.1
Ec-26_002020,Esi_0077_0129,D8LSZ8,CBN77925.1
Ec-26_002030,Esi_0077_0130,D8LSZ9,CBN77926.1
Ec-26_002040,Esi_0077_0131,D8LT00,CBN77927.1
Ec-26_001510,Esi_0077_0140,,
Ec-26_001910,Esi_0077_0141,,
Ec-26_001710,Esi_0077_0142,,
Ec-26_001780,Esi_0077_0143,,
Ec-26_001820,Esi_0077_0144,,
Ec-08_003840,Esi_0078_0001,D8LT20,CBN75294.1
Ec-08_003850,Esi_0078_0002,D8LT21,CBN75295.1
Ec-08_003860,Esi_0078_0003,D8LT22,CBN75296.1
Ec-08_003860,Esi_0078_0005,D8LT23,CBN75297.1
Ec-08_003870,Esi_0078_0007,D8LT24,CBN75298.1
,Esi_0078_0010,D8LT25,CBN75299.1
Ec-08_003880,Esi_0078_0011,D8LT26,CBN75300.1
,Esi_0078_0012,D8LT27,CBN75301.1
Ec-08_003890,Esi_0078_0013,D8LT28,CBN75302.1
Ec-08_003900,Esi_0078_0015,D8LT29,CBN75303.1
Ec-08_003920,Esi_0078_0019,D8LT30,CBN75304.1
Ec-08_003940,Esi_0078_0020,D8LT31,CBN75305.1
Ec-08_003960,Esi_0078_0021,D8LT32,CBN75306.1
Ec-08_003970,Esi_0078_0024,D8LT33,CBN75307.1
Ec-08_003990,Esi_0078_0026,D8LT34,CBN75308.1
Ec-08_004000,Esi_0078_0030,D8LT35,CBN75309.1
Ec-08_004010,Esi_0078_0031,D8LT36,CBN75310.1
Ec-08_004020,Esi_0078_0033,D8LT37,CBN75311.1
Ec-08_004030,Esi_0078_0035,D8LT38,CBN75312.1
Ec-08_004040,Esi_0078_0041,D8LT39,CBN75313.1
Ec-08_004050,Esi_0078_0043,D8LT40,CBN75314.1
Ec-08_004060,Esi_0078_0045,D8LT41,CBN75315.1
Ec-08_004070,Esi_0078_0048,D8LT42,CBN75316.1
Ec-08_004080,Esi_0078_0049,D8LT43,CBN75317.1
Ec-08_004090,Esi_0078_0050,D8LT44,CBN75318.1
Ec-08_004100,Esi_0078_0051,D8LT45,CBN75319.1
Ec-08_004110,Esi_0078_0052,D8LT46,CBN75320.1
Ec-08_004130,Esi_0078_0055,D8LT47,CBN75321.1
Ec-08_004210,Esi_0078_0058,D8LT48,CBN75322.1
Ec-08_004230,Esi_0078_0062,D8LT49,CBN75323.1
Ec-08_004250,Esi_0078_0064,D8LT50,CBN75324.1
Ec-08_004260,Esi_0078_0065,D8LT51,CBN75325.1
Ec-08_004270,Esi_0078_0066,D8LT52,CBN75326.1
Ec-08_004280,Esi_0078_0067,D8LT53,CBN75327.1
Ec-08_004290,Esi_0078_0068,D8LT54,CBN75328.1
Ec-08_004290,Esi_0078_0069,D8LT55,CBN75329.1
Ec-08_004300,Esi_0078_0070,D8LT56,CBN75330.1
Ec-08_004310,Esi_0078_0072,D8LT01,CBN75331.1
Ec-08_004320,Esi_0078_0074,D8LT02,CBN75332.1
Ec-08_004330,Esi_0078_0075,D8LT03,CBN75333.1
Ec-08_004340,Esi_0078_0076,D8LT04,CBN75334.1
Ec-08_004350,Esi_0078_0077,D8LT05,CBN75335.1
Ec-08_004360,Esi_0078_0079,D8LT06,CBN75336.1
Ec-08_004370,Esi_0078_0080,D8LT07,CBN75337.1
Ec-08_004380,Esi_0078_0081,D8LT08,CBN75338.1
Ec-08_004390,Esi_0078_0082,D8LT09,CBN75339.1
Ec-08_004400,Esi_0078_0083,D8LT10,CBN75340.1
Ec-08_004410,Esi_0078_0085,D8LT11,CBN75341.1
Ec-08_004420,Esi_0078_0086,D8LT12,CBN75342.1
Ec-08_004430,Esi_0078_0087,D8LT13,CBN75343.1
Ec-08_004440,Esi_0078_0089,D8LT14,CBN75344.1
Ec-08_004450,Esi_0078_0091,D8LT15,CBN75345.1
Ec-08_004460,Esi_0078_0093,D8LT16,CBN75346.1
Ec-08_004470,Esi_0078_0095,D8LT17,CBN75347.1
Ec-08_004480,Esi_0078_0096,D8LT18,CBN75348.1
Ec-08_004500,Esi_0078_0100,D8LT19,CBN75349.1
Ec-08_003950,Esi_0078_0109,,
Ec-08_004120,Esi_0078_0110,,
Ec-08_004140,Esi_0078_0111,,
Ec-08_004150,Esi_0078_0112,,
Ec-08_004160,Esi_0078_0113,,
Ec-08_004170,Esi_0078_0114,,
Ec-08_004180,Esi_0078_0115,,
Ec-08_004190,Esi_0078_0116,,
Ec-08_004200,Esi_0078_0117,,
Ec-08_003930,Esi_0078_0118,,
Ec-08_003980,Esi_0078_0119,,
Ec-08_003910,Esi_0078_0120,,
Ec-08_004220,Esi_0078_0121,,
Ec-08_004240,Esi_0078_0122,,
Ec-08_004490,Esi_0078_0123,,
Ec-26_000550,Esi_0079_0003,D7G6Q2,CBJ27596.1
Ec-26_000540,Esi_0079_0014,D7G6Q3,CBJ27597.1
Ec-26_000530,Esi_0079_0016,D7G6Q4,CBJ27598.1
Ec-26_000520,Esi_0079_0018,D7G6Q5,CBJ27599.1
Ec-26_000510,Esi_0079_0019,D7G6Q6,CBJ27600.1
Ec-26_000500,Esi_0079_0020,D7G6Q7,CBJ27601.1
Ec-26_000490,Esi_0079_0022,D7G6Q8,CBJ27602.1
Ec-26_000480,Esi_0079_0023,D7G6Q9,CBJ27603.1
Ec-26_000470,Esi_0079_0024,D7G6R0,CBJ27604.1
Ec-26_000460,Esi_0079_0025,D7G6R1,CBJ27605.1
Ec-26_000430,Esi_0079_0029,D7G6R2,CBJ27606.1
Ec-26_000410,Esi_0079_0032,D7G6R3,CBJ27607.1
,Esi_0079_0034,D7G6R4,CBJ27608.1
,Esi_0079_0035,D7G6R5,CBJ27609.1
Ec-26_000400,Esi_0079_0036,D7G6R6,CBJ27610.1
Ec-26_000390,Esi_0079_0037,D7G6R7,CBJ27611.1
Ec-26_000370,Esi_0079_0040,D7G6R8,CBJ27612.1
Ec-26_000350,Esi_0079_0042,D7G6R9,CBJ27613.1
Ec-26_000340,Esi_0079_0044,D7G6S0,CBJ27614.1
Ec-26_000330,Esi_0079_0045,D7G6S1,CBJ27615.1
Ec-26_000310,Esi_0079_0050,D7G6S2,CBJ27616.1
Ec-26_000300,Esi_0079_0051,D7G6S3,CBJ27617.1
Ec-26_000290,Esi_0079_0052,D7G6S4,CBJ27618.1
Ec-26_000280,Esi_0079_0053,D7G6S5,CBJ27619.1
Ec-26_000270,Esi_0079_0055,D7G6S6,CBJ27620.1
Ec-26_000250,Esi_0079_0058,D7G6S7,CBJ27621.1
Ec-26_000240,Esi_0079_0059,D7G6N7,CBJ27622.1
Ec-26_000220,Esi_0079_0060,D7G6N8,CBJ27623.1
Ec-26_000200,Esi_0079_0061,D7G6N9,CBJ27624.1
Ec-26_000190,Esi_0079_0068,D7G6P0,CBJ27625.1
Ec-26_000180,Esi_0079_0069,D7G6P1,CBJ27626.1
Ec-26_000170,Esi_0079_0070,D7G6P2,CBJ27627.1
Ec-26_000160,Esi_0079_0072,D7G6P3,CBJ27628.1
Ec-26_000150,Esi_0079_0073,D7G6P4,CBJ27629.1
Ec-26_000140,Esi_0079_0074,D7G6P5,CBJ27630.1
Ec-26_000130,Esi_0079_0075,D7G6P6,CBJ27631.1
Ec-26_000120,Esi_0079_0076,D7G6P7,CBJ27632.1
Ec-26_000110,Esi_0079_0079,D7G6P8,CBJ27633.1
Ec-26_000100,Esi_0079_0080,D7G6P9,CBJ27634.1
Ec-26_000080,Esi_0079_0093,D7G6Q0,CBJ27635.1
Ec-26_000070,Esi_0079_0094,D7G6Q1,CBJ27636.1
Ec-26_000450,Esi_0079_0108,,
Ec-26_000440,Esi_0079_0109,,
Ec-26_000360,Esi_0079_0110,,
Ec-26_000320,Esi_0079_0111,,
Ec-26_000420,Esi_0079_0112,,
Ec-26_000380,Esi_0079_0114,,
Ec-26_000260,Esi_0079_0115,,
Ec-26_000230,Esi_0079_0116,,
Ec-26_000210,Esi_0079_0117,,
Ec-26_000090,Esi_0079_0118,,
Ec-04_003790,Esi_0080_0002,D7G786,CBJ27637.1
Ec-04_003770,Esi_0080_0004,D7G787,CBJ27638.1
Ec-04_003750,Esi_0080_0008,D7G788,CBJ27639.1
Ec-04_003730,Esi_0080_0009,D7G789,CBJ27640.1
Ec-04_003720,Esi_0080_0012,D7G790,CBJ27641.1
Ec-04_003710,Esi_0080_0014,D7G791,CBJ27642.1
Ec-04_003700,Esi_0080_0016,D7G792,CBJ27643.1
Ec-04_003690,Esi_0080_0017,D7G793,CBJ27644.1
,Esi_0080_0021,D7G794,CBJ27645.1
Ec-04_003680,Esi_0080_0023,D7G795,CBJ27646.1
Ec-04_003650,Esi_0080_0025,D7G796,CBJ27647.1
Ec-04_003640,Esi_0080_0028,D7G797,CBJ27648.1
Ec-04_003630,Esi_0080_0030,D7G798,CBJ27649.1
Ec-04_003620,Esi_0080_0032,D7G799,CBJ27650.1
Ec-04_003610,Esi_0080_0033,D7G7A0,CBJ27651.1
Ec-04_003600,Esi_0080_0036,D7G7A1,CBJ27652.1
Ec-04_003590,Esi_0080_0037,D7G7A2,CBJ27653.1
Ec-04_003580,Esi_0080_0041,D7G7A3,CBJ27654.1
Ec-04_003570,Esi_0080_0044,D7G7A4,CBJ27655.1
Ec-04_003560,Esi_0080_0047,D7G7A5,CBJ27656.1
Ec-04_003550,Esi_0080_0048,D7G7A6,CBJ27657.1
Ec-04_003540,Esi_0080_0051,D7G7A7,CBJ27658.1
Ec-04_003530,Esi_0080_0052,D7G7A8,CBJ27659.1
Ec-04_003520,Esi_0080_0053,D7G7A9,CBJ27660.1
Ec-04_003490,Esi_0080_0058,D7G7B0,CBJ27661.1
Ec-04_003480,Esi_0080_0060,D7G7B1,CBJ27662.1
Ec-04_003470,Esi_0080_0064,D7G7B2,CBJ27663.1
Ec-04_003460,Esi_0080_0066,D7G7B3,CBJ27664.1
Ec-04_003450,Esi_0080_0068,D7G7B4,CBJ27665.1
Ec-04_003440,Esi_0080_0069,D7G7B5,CBJ27666.1
Ec-04_003430,Esi_0080_0071,D7G7B6,CBJ27667.1
Ec-04_003420,Esi_0080_0072,D7G7B7,CBJ27668.1
Ec-04_003410,Esi_0080_0073,D7G7B8,CBJ27669.1
Ec-04_003400,Esi_0080_0074,D7G7B9,CBJ27670.1
Ec-04_003390,Esi_0080_0075,D7G7C0,CBJ27671.1
Ec-04_003370,Esi_0080_0080,D7G7C1,CBJ27672.1
Ec-04_003360,Esi_0080_0082,D7G7C2,CBJ27673.1
Ec-04_003350,Esi_0080_0083,D7G7C3,CBJ27674.1
Ec-04_003330,Esi_0080_0085,D7G7C4,CBJ27675.1
Ec-04_003320,Esi_0080_0089,D7G7C5,CBJ27676.1
Ec-04_003310,Esi_0080_0091,D7G7C6,CBJ27677.1
Ec-04_003300,Esi_0080_0094,D7G7C7,CBJ27678.1
Ec-04_003290,Esi_0080_0095,D7G7C8,CBJ27679.1
Ec-04_003270,Esi_0080_0098,D7G7C9,CBJ27680.1
,Esi_0080_0099,D7G7D0,CBJ27681.1
Ec-04_003260,Esi_0080_0100,D7G7D1,CBJ27682.1
Ec-04_003250,Esi_0080_0101,D7G7D2,CBJ27683.1
Ec-04_003240,Esi_0080_0103,D7G7D3,CBJ27684.1
Ec-04_003230,Esi_0080_0105,D7G7D4,CBJ27685.1
Ec-04_003220,Esi_0080_0106,D7G7D5,CBJ27686.1
,Esi_0080_0108,D7G7D6,CBJ27687.1
Ec-04_003210,Esi_0080_0109,D7G7D7,CBJ27688.1
Ec-04_003200,Esi_0080_0111,D7G7D8,CBJ27689.1
Ec-04_003190,Esi_0080_0114,D7G7D9,CBJ27690.1
Ec-04_003180,Esi_0080_0115,D7G7E0,CBJ27691.1
Ec-04_003170,Esi_0080_0116,D7G7E1,CBJ27692.1
Ec-04_003340,Esi_0080_0123,,
Ec-04_003280,Esi_0080_0124,,
Ec-04_003670,Esi_0080_0126,,
Ec-04_003660,Esi_0080_0127,,
Ec-04_003780,Esi_0080_0128,,
Ec-04_003510,Esi_0080_0129,,
Ec-04_003500,Esi_0080_0130,,
Ec-04_003760,Esi_0080_0131,,
Ec-04_003380,Esi_0080_0132,,
Ec-04_003740,Esi_0080_0133,,
Ec-12_005320,Esi_0081_0001,D8LT57,CBN77928.1
Ec-12_005330,Esi_0081_0003,D8LT58,CBN77929.1
Ec-12_005340,Esi_0081_0004,D8LT59,CBN77930.1
Ec-12_005360,Esi_0081_0005,D8LT60,CBN77931.1
Ec-12_005370,Esi_0081_0006,D8LT61,CBN77932.1
Ec-12_005380,Esi_0081_0007,D8LT62,CBN77933.1
Ec-12_005390,Esi_0081_0009,D8LT63,CBN77934.1
Ec-12_005410,Esi_0081_0011,D8LT64,CBN77935.1
Ec-12_005420,Esi_0081_0013,D8LT65,CBN77936.1
Ec-12_005450,Esi_0081_0015,D8LT66,CBN77937.1
Ec-12_005460,Esi_0081_0017,D8LT67,CBN77938.1
Ec-12_005470,Esi_0081_0018,D8LT68,CBN77939.1
Ec-12_005480,Esi_0081_0019,D8LT69,CBN77940.1
Ec-12_005490,Esi_0081_0020,D8LT70,CBN77941.1
Ec-12_005500,Esi_0081_0021,D8LT71,CBN77942.1
Ec-12_005510,Esi_0081_0022,D8LT72,CBN77943.1
Ec-12_005520,Esi_0081_0023,D8LT73,CBN77944.1
Ec-12_005530,Esi_0081_0024,D8LT74,CBN77945.1
Ec-12_005540,Esi_0081_0025,D8LT75,CBN77946.1
Ec-12_005550,Esi_0081_0026,D8LT76,CBN77947.1
Ec-12_005560,Esi_0081_0028,D8LT77,CBN77948.1
,Esi_0081_0029,D8LT78,CBN77949.1
Ec-12_005570,Esi_0081_0031,D8LT79,CBN77950.1
Ec-12_005580,Esi_0081_0032,D8LT80,CBN77951.1
Ec-12_005590,Esi_0081_0033,D8LT81,CBN77952.1
Ec-12_005600,Esi_0081_0035,D8LT82,CBN77953.1
Ec-12_005610,Esi_0081_0037,D8LT83,CBN77954.1
Ec-12_005620,Esi_0081_0039,D8LT84,CBN77955.1
Ec-12_005630,Esi_0081_0041,D8LT85,CBN77956.1
,Esi_0081_0042,D8LT86,CBN77957.1
,Esi_0081_0043,D8LT87,CBN77958.1
Ec-12_005640,Esi_0081_0044,D8LT88,CBN77959.1
,Esi_0081_0046,D8LT89,CBN77960.1
,Esi_0081_0047,D8LT90,CBN77961.1
Ec-12_005650,Esi_0081_0048,D8LT91,CBN77962.1
Ec-12_005670,Esi_0081_0049,D8LT92,CBN77963.1
Ec-12_005680,Esi_0081_0051,D8LT93,CBN77964.1
Ec-12_005690,Esi_0081_0053,D8LT94,CBN77965.1
Ec-12_005710,Esi_0081_0054,D8LT95,CBN77966.1
Ec-12_005720,Esi_0081_0055,D8LT96,CBN77967.1
Ec-12_005730,Esi_0081_0057,D8LT97,CBN77968.1
Ec-12_005750,Esi_0081_0058,D8LT98,CBN77969.1
Ec-12_005760,Esi_0081_0063,D8LT99,CBN77970.1
Ec-12_005780,Esi_0081_0065,D8LTA0,CBN77971.1
Ec-12_005790,Esi_0081_0068,D8LTA1,CBN77972.1
Ec-12_005800,Esi_0081_0070,D8LTA2,CBN77973.1
Ec-12_005810,Esi_0081_0072,D8LTA3,CBN77974.1
Ec-12_005820,Esi_0081_0073,D8LTA4,CBN77975.1
Ec-12_005830,Esi_0081_0074,D8LTA5,CBN77976.1
Ec-12_005840,Esi_0081_0075,D8LTA6,CBN77977.2
Ec-12_005850,Esi_0081_0076,D8LTA7,CBN77978.1
Ec-12_005860,Esi_0081_0077,D8LTA8,CBN77979.1
Ec-12_005870,Esi_0081_0080,D8LTA9,CBN77980.1
Ec-12_005880,Esi_0081_0081,D8LTB0,CBN77981.1
Ec-12_005890,Esi_0081_0083,D8LTB1,CBN77982.1
Ec-12_005900,Esi_0081_0084,D8LTB2,CBN77983.1
Ec-12_005910,Esi_0081_0086,D8LTB3,CBN77984.1
Ec-12_005920,Esi_0081_0089,D8LTB4,CBN77985.1
Ec-12_005940,Esi_0081_0090,D8LTB5,CBN77986.1
Ec-12_005950,Esi_0081_0091,D8LTB6,CBN77987.1
Ec-12_005970,Esi_0081_0093,D8LTB7,CBN77988.1
Ec-12_005980,Esi_0081_0094,D8LTB8,CBN77989.1
Ec-12_005990,Esi_0081_0095,D8LTB9,CBN77990.1
Ec-12_006000,Esi_0081_0097,D8LTC0,CBN77991.1
Ec-12_006010,Esi_0081_0099,D8LTC1,CBN77992.1
Ec-12_006020,Esi_0081_0100,D8LTC2,CBN77993.1
Ec-12_006030,Esi_0081_0101,D8LTC3,CBN77994.1
Ec-12_006040,Esi_0081_0102,D8LTC4,CBN77995.1
Ec-12_006050,Esi_0081_0103,D8LTC5,CBN77996.1
Ec-12_006060,Esi_0081_0104,D8LTC6,CBN77997.1
Ec-12_006070,Esi_0081_0106,D8LTC7,CBN77998.1
Ec-12_006080,Esi_0081_0107,D8LTC8,CBN77999.1
Ec-12_006090,Esi_0081_0108,D8LTC9,CBN78000.1
Ec-12_006100,Esi_0081_0109,D8LTD0,CBN78001.1
Ec-12_006110,Esi_0081_0110,D8LTD1,CBN78002.1
Ec-12_005440,Esi_0081_0120,,
Ec-12_005930,Esi_0081_0121,,
Ec-12_005350,Esi_0081_0125,,
Ec-12_005430,Esi_0081_0126,,
Ec-12_005660,Esi_0081_0127,,
Ec-12_005700,Esi_0081_0128,,
Ec-12_005740,Esi_0081_0129,,
Ec-12_005770,Esi_0081_0130,,
Ec-12_005960,Esi_0081_0131,,
Ec-12_005400,Esi_0081_0132,,
Ec-02_005500,Esi_0082_0004,D8LTG2,CBN78003.1
Ec-02_005510,Esi_0082_0007,D8LTG3,CBN78004.1
Ec-02_005520,Esi_0082_0009,D8LTG4,CBN78005.1
Ec-02_005530,Esi_0082_0011,D8LTG5,CBN78006.1
Ec-02_005540,Esi_0082_0012,D8LTG6,CBN78007.1
Ec-02_005560,Esi_0082_0014,D8LTG7,CBN78008.1
Ec-02_005570,Esi_0082_0016,D8LTG8,CBN78009.1
Ec-02_005580,Esi_0082_0017,D8LTG9,CBN78010.1
Ec-02_005590,Esi_0082_0018,D8LTH0,CBN78011.1
Ec-02_005600,Esi_0082_0019,D8LTH1,CBN78012.1
Ec-02_005610,Esi_0082_0020,D8LTH2,CBN78013.1
Ec-02_005620,Esi_0082_0021,D8LTH3,CBN78014.1
Ec-02_005630,Esi_0082_0022,D8LTH4,CBN78015.1
Ec-02_005640,Esi_0082_0023,D8LTH5,CBN78016.1
Ec-02_005650,Esi_0082_0025,D8LTH6,CBN78017.1
Ec-02_005660,Esi_0082_0026,D8LTH7,CBN78018.1
Ec-02_005670,Esi_0082_0027,D8LTH8,CBN78019.1
,Esi_0082_0028,D8LTH9,CBN78020.1
Ec-02_005690,Esi_0082_0029,D8LTI0,CBN78021.1
Ec-02_005700,Esi_0082_0031,D8LTI1,CBN78022.1
Ec-02_005710,Esi_0082_0032,D8LTI2,CBN78023.1
Ec-02_005720,Esi_0082_0033,D8LTI3,CBN78024.1
Ec-02_005730,Esi_0082_0034,D8LTI4,CBN78025.1
Ec-02_005740,Esi_0082_0041,D8LTI5,CBN78026.1
Ec-02_005750,Esi_0082_0042,D8LTI6,CBN78027.1
Ec-02_005770,Esi_0082_0049,D8LTI7,CBN78028.1
Ec-02_005780,Esi_0082_0050,D8LTI8,CBN78029.1
Ec-02_005790,Esi_0082_0051,D8LTI9,CBN78030.1
Ec-02_005800,Esi_0082_0052,D8LTJ0,CBN78031.1
Ec-02_005810,Esi_0082_0053,D8LTJ1,CBN78032.1
Ec-02_005820,Esi_0082_0054,D8LTJ2,CBN78033.1
,Esi_0082_0056,D8LTJ3,CBN78034.1
Ec-02_005830,Esi_0082_0057,D8LTJ4,CBN78035.1
Ec-02_005840,Esi_0082_0058,D8LTJ5,CBN78036.1
Ec-02_005850,Esi_0082_0060,D8LTJ6,CBN78037.1
Ec-02_005860,Esi_0082_0063,D8LTJ7,CBN78038.1
Ec-02_005870,Esi_0082_0066,D8LTJ8,CBN78039.1
Ec-02_005880,Esi_0082_0067,D8LTJ9,CBN78040.1
Ec-02_005890,Esi_0082_0069,D8LTK0,CBN78041.1
Ec-02_005900,Esi_0082_0070,D8LTD2,CBN78042.1
Ec-02_005910,Esi_0082_0071,D8LTD3,CBN78043.1
,Esi_0082_0072,D8LTD4,CBN78044.1
Ec-02_005930,Esi_0082_0074,D8LTD5,CBN78045.1
Ec-02_005950,Esi_0082_0075,D8LTD6,CBN78046.2
Ec-02_005960,Esi_0082_0076,D8LTD7,CBN78047.1
Ec-02_005970,Esi_0082_0077,D8LTD8,CBN78048.1
Ec-02_005980,Esi_0082_0079,D8LTD9,CBN78049.1
Ec-02_005990,Esi_0082_0080,D8LTE0,CBN78050.1
Ec-02_006000,Esi_0082_0081,D8LTE1,CBN78051.1
,Esi_0082_0082,D8LTE2,CBN78052.1
Ec-02_006010,Esi_0082_0083,D8LTE3,CBN78053.1
Ec-02_006020,Esi_0082_0084,D8LTE4,CBN78054.1
Ec-02_006030,Esi_0082_0085,D8LTE5,CBN78055.1
Ec-02_006060,Esi_0082_0087,D8LTE6,CBN78056.1
Ec-02_006070,Esi_0082_0088,D8LTE7,CBN78057.1
Ec-02_006080,Esi_0082_0089,D8LTE8,CBN78058.1
Ec-02_006090,Esi_0082_0090,D8LTE9,CBN78059.1
Ec-02_006100,Esi_0082_0091,D8LTF0,CBN78060.1
Ec-02_006110,Esi_0082_0099,D8LTF1,CBN78061.1
Ec-02_006130,Esi_0082_0100,D8LTF2,CBN78062.1
Ec-02_006130,Esi_0082_0101,D8LTF3,CBN78063.1
Ec-02_006140,Esi_0082_0105,D8LTF4,CBN78064.1
Ec-02_006150,Esi_0082_0106,D8LTF5,CBN78065.1
Ec-02_006160,Esi_0082_0107,D8LTF6,CBN78066.1
Ec-02_006170,Esi_0082_0108,D8LTF7,CBN78067.1
Ec-02_006180,Esi_0082_0109,D8LTF8,CBN78068.1
Ec-02_006190,Esi_0082_0112,D8LTF9,CBN78069.1
Ec-02_006210,Esi_0082_0114,D8LTG0,CBN78070.1
Ec-02_006230,Esi_0082_0115,D8LTG1,CBN78071.1
Ec-02_006050,Esi_0082_0131,,
Ec-02_005940,Esi_0082_0134,,
Ec-02_005550,Esi_0082_0135,,
Ec-02_006200,Esi_0082_0136,,
Ec-02_006220,Esi_0082_0137,,
Ec-02_005680,Esi_0082_0138,,
Ec-02_005760,Esi_0082_0139,,
Ec-02_005920,Esi_0082_0140,,
Ec-02_006040,Esi_0082_0141,,
Ec-02_006120,Esi_0082_0142,,
Ec-02_006240,Esi_0082_0143,,
Ec-02_000010,Esi_0083_0001,D7G7F1,CBJ27693.1
Ec-02_000020,Esi_0083_0009,D7G7F2,CBJ27694.1
Ec-02_000030,Esi_0083_0012,D7G7F3,CBJ27695.1
Ec-02_000050,Esi_0083_0015,D7G7F4,CBJ27696.1
Ec-02_000060,Esi_0083_0018,D7G7F5,CBJ27697.1
Ec-02_000070,Esi_0083_0019,D7G7F6,CBJ27698.1
Ec-02_000090,Esi_0083_0021,D7G7F7,CBJ27699.1
Ec-02_000100,Esi_0083_0022,D7G7F8,CBJ27700.1
Ec-02_000110,Esi_0083_0023,D7G7F9,CBJ27701.1
Ec-02_000120,Esi_0083_0024,D7G7G0,CBJ27702.1
Ec-02_000130,Esi_0083_0025,D7G7G1,CBJ27703.1
Ec-02_000140,Esi_0083_0026,D7G7G2,CBJ27704.1
Ec-02_000150,Esi_0083_0030,D7G7G3,CBJ27705.1
Ec-02_000160,Esi_0083_0031,D7G7G4,CBJ27706.1
Ec-02_000170,Esi_0083_0032,D7G7G5,CBJ27707.1
Ec-02_000180,Esi_0083_0033,D7G7G6,CBJ27708.1
Ec-02_000190,Esi_0083_0034,D7G7G7,CBJ27709.1
Ec-02_000210,Esi_0083_0037,D7G7G8,CBJ27710.1
Ec-02_000230,Esi_0083_0040,D7G7G9,CBJ27711.1
Ec-02_000240,Esi_0083_0041,D7G7H0,CBJ27712.1
Ec-02_000250,Esi_0083_0042,D7G7H1,CBJ27713.1
Ec-02_000260,Esi_0083_0044,D7G7H2,CBJ27714.1
Ec-02_000270,Esi_0083_0046,D7G7H3,CBJ27715.1
Ec-02_000280,Esi_0083_0048,D7G7H4,CBJ27716.1
Ec-02_000290,Esi_0083_0049,D7G7H5,CBJ27717.1
Ec-02_000300,Esi_0083_0050,D7G7H6,CBJ27718.1
Ec-02_000320,Esi_0083_0051,D7G7H7,CBJ27719.1
Ec-02_000340,Esi_0083_0052,D7G7H8,CBJ27720.1
Ec-02_000350,Esi_0083_0053,D7G7H9,CBJ27721.1
Ec-02_000360,Esi_0083_0058,D7G7I0,CBJ27722.1
Ec-02_000370,Esi_0083_0060,D7G7I1,CBJ27723.1
Ec-02_000380,Esi_0083_0064,D7G7I2,CBJ27724.1
Ec-02_000390,Esi_0083_0066,D7G7I3,CBJ27725.1
Ec-02_000410,Esi_0083_0067,D7G7I4,CBJ27726.1
Ec-02_000420,Esi_0083_0069,D7G7I5,CBJ27727.1
Ec-02_000430,Esi_0083_0070,D7G7I6,CBJ27728.1
Ec-02_000440,Esi_0083_0071,D7G7I7,CBJ27729.1
Ec-02_000450,Esi_0083_0072,D7G7I8,CBJ27730.1
Ec-02_000460,Esi_0083_0073,D7G7I9,CBJ27731.1
Ec-02_000470,Esi_0083_0078,D7G7J0,CBJ27732.1
Ec-02_000480,Esi_0083_0090,D7G7J1,CBJ27733.1
Ec-02_000510,Esi_0083_0098,D7G7J2,CBJ27734.1
Ec-02_000530,Esi_0083_0101,D7G7J3,CBJ27735.1
Ec-02_000400,Esi_0083_0113,,
Ec-02_000310,Esi_0083_0115,,
Ec-02_000520,Esi_0083_0116,,
Ec-02_000080,Esi_0083_0117,,
Ec-02_000200,Esi_0083_0118,,
Ec-02_000220,Esi_0083_0119,,
Ec-02_000330,Esi_0083_0120,,
Ec-02_000490,Esi_0083_0121,,
Ec-02_000500,Esi_0083_0122,,
Ec-02_000040,Esi_0083_0123,,
Ec-22_002160,Esi_0084_0006,D7G7J7,CBJ27736.1
Ec-22_002150,Esi_0084_0012,D7G7J8,CBJ27737.1
Ec-22_002130,Esi_0084_0014,D7G7J9,CBJ27738.1
Ec-22_002110,Esi_0084_0023,D7G7K0,CBJ27739.1
,Esi_0084_0026,D7G7K1,CBJ27740.1
Ec-22_002100,Esi_0084_0029,D7G7K2,CBJ27741.1
Ec-22_002090,Esi_0084_0030,D7G7K3,CBJ27742.1
Ec-22_002080,Esi_0084_0032,D7G7K4,CBJ27743.1
Ec-22_002070,Esi_0084_0035,D7G7K5,CBJ27744.1
Ec-22_002060,Esi_0084_0036,D7G7K6,CBJ27745.1
Ec-22_002050,Esi_0084_0037,D7G7K7,CBJ27746.1
Ec-22_002020,Esi_0084_0038,D7G7K8,CBJ27747.1
Ec-22_002000,Esi_0084_0039,D7G7K9,CBJ27748.1
Ec-22_001980,Esi_0084_0041,D7G7L0,CBJ27749.1
Ec-22_001970,Esi_0084_0043,D7G7L1,CBJ27750.1
Ec-22_001960,Esi_0084_0044,D7G7L2,CBJ27751.1
Ec-22_001950,Esi_0084_0045,D7G7L3,CBJ27752.1
Ec-22_001940,Esi_0084_0046,D7G7L4,CBJ27753.1
Ec-22_001920,Esi_0084_0048,D7G7L5,CBJ27754.1
Ec-22_001910,Esi_0084_0050,D7G7L6,CBJ27755.1
Ec-22_001900,Esi_0084_0051,D7G7L7,CBJ27756.1
Ec-22_001890,Esi_0084_0052,D7G7L8,CBJ27757.1
Ec-22_001880,Esi_0084_0054,D7G7L9,CBJ27758.1
Ec-22_001870,Esi_0084_0058,D7G7M0,CBJ27759.1
Ec-22_001860,Esi_0084_0059,D7G7M1,CBJ27760.1
Ec-22_001850,Esi_0084_0061,D7G7M2,CBJ27761.1
Ec-22_001840,Esi_0084_0062,D7G7M3,CBJ27762.1
Ec-22_001810,Esi_0084_0063,D7G7M4,CBJ27763.1
Ec-22_001800,Esi_0084_0065,D7G7M5,CBJ27764.1
Ec-22_001790,Esi_0084_0069,D7G7M6,CBJ27765.1
Ec-22_001780,Esi_0084_0071,D7G7M7,CBJ27766.1
Ec-22_001770,Esi_0084_0073,D7G7M8,CBJ27767.1
Ec-22_001760,Esi_0084_0075,D7G7M9,CBJ27768.1
Ec-22_001750,Esi_0084_0076,D7G7N0,CBJ27769.1
Ec-22_001740,Esi_0084_0079,D7G7N1,CBJ27770.1
Ec-22_001730,Esi_0084_0080,D7G7N2,CBJ27771.1
Ec-22_001710,Esi_0084_0082,D7G7N3,CBJ27772.1
Ec-22_001680,Esi_0084_0084,D7G7N4,CBJ27773.1
Ec-22_001660,Esi_0084_0085,D7G7N5,CBJ27774.1
Ec-22_001650,Esi_0084_0091,D7G7N6,CBJ27775.1
Ec-22_001640,Esi_0084_0092,D7G7N7,CBJ27776.1
Ec-22_001630,Esi_0084_0095,D7G7N8,CBJ27777.1
Ec-22_001610,Esi_0084_0098,D7G7N9,CBJ27778.1
Ec-22_001590,Esi_0084_0099,D7G7P0,CBJ27779.1
Ec-22_002040,Esi_0084_0109,,
Ec-22_002010,Esi_0084_0110,,
Ec-22_002120,Esi_0084_0112,,
Ec-22_001820,Esi_0084_0113,,
Ec-22_002140,Esi_0084_0114,,
Ec-22_002180,Esi_0084_0115,,
Ec-22_002030,Esi_0084_0116,,
Ec-22_001990,Esi_0084_0117,,
Ec-22_002170,Esi_0084_0118,,
Ec-22_001930,Esi_0084_0119,,
Ec-22_001830,Esi_0084_0120,,
Ec-22_001720,Esi_0084_0121,,
Ec-22_001700,Esi_0084_0122,,
Ec-22_001690,Esi_0084_0123,,
Ec-22_001670,Esi_0084_0124,,
Ec-22_001620,Esi_0084_0125,,
Ec-22_001600,Esi_0084_0126,,
Ec-06_000830,Esi_0085_0005,D7G7P9,CBJ27780.1
Ec-06_000810,Esi_0085_0008,D7G7Q0,CBJ27781.1
Ec-06_000800,Esi_0085_0009,D7G7Q1,CBJ27782.1
Ec-06_000790,Esi_0085_0010,D7G7Q2,CBJ27783.1
Ec-06_000780,Esi_0085_0011,D7G7Q3,CBJ27784.1
Ec-06_000770,Esi_0085_0012,D7G7Q4,CBJ27785.1
Ec-06_000760,Esi_0085_0013,D7G7Q5,CBJ27786.1
Ec-06_000750,Esi_0085_0016,D7G7Q6,CBJ27787.1
Ec-06_000730,Esi_0085_0018,D7G7Q7,CBJ27788.1
Ec-06_000720,Esi_0085_0019,D7G7Q8,CBJ27789.1
Ec-06_000710,Esi_0085_0021,D7G7Q9,CBJ27790.1
Ec-06_000700,Esi_0085_0022,D7G7R0,CBJ27791.1
Ec-06_000690,Esi_0085_0023,D7G7R1,CBJ27792.1
Ec-06_000670,Esi_0085_0024,D7G7R2,CBJ27793.1
Ec-06_000660,Esi_0085_0026,D7G7R3,CBJ27794.1
Ec-06_000650,Esi_0085_0028,D7G7R4,CBJ27795.1
Ec-06_000640,Esi_0085_0029,D7G7R5,CBJ27796.1
Ec-06_000630,Esi_0085_0033,D7G7R6,CBJ27797.1
Ec-06_000620,Esi_0085_0035,D7G7R7,CBJ27798.1
Ec-06_000610,Esi_0085_0036,D7G7R8,CBJ27799.1
Ec-06_000600,Esi_0085_0041,D7G7R9,CBJ27800.1
Ec-06_000580,Esi_0085_0043,D7G7S0,CBJ27801.1
Ec-06_000570,Esi_0085_0048,D7G7S1,CBJ27802.1
Ec-06_000550,Esi_0085_0049,D7G7S2,CBJ27803.1
Ec-06_000490,Esi_0085_0056,D7G7S3,CBJ27804.1
Ec-06_000480,Esi_0085_0057,D7G7S4,CBJ27805.1
Ec-06_000470,Esi_0085_0058,D7G7S5,CBJ27806.1
Ec-06_000460,Esi_0085_0060,D7G7S6,CBJ27807.1
Ec-06_000450,Esi_0085_0062,D7G7S7,CBJ27808.1
Ec-06_000440,Esi_0085_0063,D7G7S8,CBJ27809.1
Ec-06_000430,Esi_0085_0064,D7G7S9,CBJ27810.1
Ec-06_000420,Esi_0085_0069,D7G7T0,CBJ27811.1
Ec-06_000410,Esi_0085_0070,D7G7T1,CBJ27812.1
Ec-06_000390,Esi_0085_0071,D7G7T2,CBJ27813.1
Ec-06_000380,Esi_0085_0073,D7G7T3,CBJ27814.1
Ec-06_000370,Esi_0085_0074,D7G7T4,CBJ27815.1
Ec-06_000360,Esi_0085_0076,D7G7T5,CBJ27816.1
Ec-06_000350,Esi_0085_0079,D7G7T6,CBJ27817.1
Ec-06_000340,Esi_0085_0080,D7G7T7,CBJ27818.1
Ec-06_000330,Esi_0085_0082,D7G7T8,CBJ27819.1
Ec-06_000320,Esi_0085_0083,D7G7T9,CBJ27820.1
Ec-06_000310,Esi_0085_0084,D7G7U0,CBJ27821.1
Ec-06_000300,Esi_0085_0085,D7G7U1,CBJ27822.1
Ec-06_000290,Esi_0085_0086,D7G7U2,CBJ27823.1
,Esi_0085_0087,D7G7U3,CBJ27824.1
Ec-06_000280,Esi_0085_0088,D7G7U4,CBJ27825.1
Ec-06_000270,Esi_0085_0089,D7G7U5,CBJ27826.1
Ec-06_000260,Esi_0085_0093,D7G7U6,CBJ27827.1
Ec-06_000250,Esi_0085_0094,D7G7U7,CBJ27828.1
Ec-06_000240,Esi_0085_0095,D7G7U8,CBJ27829.1
Ec-06_000230,Esi_0085_0096,D7G7U9,CBJ27830.1
Ec-06_000220,Esi_0085_0097,D7G7V0,CBJ27831.1
Ec-06_000210,Esi_0085_0098,D7G7V1,CBJ27832.1
Ec-06_000200,Esi_0085_0099,D7G7V2,CBJ27833.1
Ec-06_000190,Esi_0085_0100,D7G7V3,CBJ27834.1
Ec-06_000180,Esi_0085_0101,D7G7V4,CBJ27835.1
Ec-06_000170,Esi_0085_0102,D7G7V5,CBJ27836.1
Ec-06_000160,Esi_0085_0103,D7G7V6,CBJ27837.1
Ec-06_000150,Esi_0085_0104,D7G7V7,CBJ27838.1
Ec-06_000140,Esi_0085_0105,D7G7V8,CBJ27839.1
Ec-06_000130,Esi_0085_0106,D7G7V9,CBJ27840.1
Ec-06_000120,Esi_0085_0108,D7G7W0,CBJ27841.1
Ec-06_000110,Esi_0085_0109,D7G7W1,CBJ27842.1
Ec-06_000100,Esi_0085_0110,D7G7W2,CBJ27843.1
Ec-06_000090,Esi_0085_0111,D7G7W3,CBJ27844.1
Ec-06_000080,Esi_0085_0112,D7G7W4,CBJ27845.1
Ec-06_000070,Esi_0085_0114,D7G7W5,CBJ27846.1
Ec-06_000060,Esi_0085_0115,D7G7W6,CBJ27847.1
Ec-06_000030,Esi_0085_0119,D7G7W7,CBJ27848.1
Ec-06_000020,Esi_0085_0121,D7G7W8,CBJ27849.1
Ec-06_000010,Esi_0085_0124,D7G7W9,CBJ27850.1
Ec-06_000820,Esi_0085_0133,,
Ec-06_000680,Esi_0085_0134,,
Ec-06_000560,Esi_0085_0136,,
Ec-06_000500,Esi_0085_0137,,
Ec-06_000400,Esi_0085_0138,,
Ec-06_000740,Esi_0085_0139,,
Ec-06_000590,Esi_0085_0140,,
Ec-06_000540,Esi_0085_0141,,
Ec-06_000530,Esi_0085_0142,,
Ec-06_000520,Esi_0085_0143,,
Ec-06_000510,Esi_0085_0144,,
Ec-06_000050,Esi_0085_0145,,
Ec-06_000040,Esi_0085_0146,,
Ec-06_009390,Esi_0086_0005,D7G7X6,CBJ27851.1
Ec-06_009400,Esi_0086_0013,D7G7X7,CBJ27852.1
Ec-06_009410,Esi_0086_0016,D7G7X8,CBJ27853.1
,Esi_0086_0018,D7G7Y0,CBJ27855.1
Ec-06_009420,Esi_0086_0022,D7G7X9,CBJ27854.1
,Esi_0086_0024,D7G7Y1,CBJ27856.1
Ec-06_009430,Esi_0086_0027,D7G7Y2,CBJ27857.1
Ec-06_009440,Esi_0086_0029,D7G7Y3,CBJ27858.1
Ec-06_009450,Esi_0086_0031,D7G7Y4,CBJ27859.1
Ec-06_009460,Esi_0086_0034,D7G7Y5,CBJ27860.1
Ec-06_009470,Esi_0086_0035,D7G7Y6,CBJ27861.1
Ec-06_009480,Esi_0086_0038,D7G7Y7,CBJ27862.1
Ec-06_009490,Esi_0086_0039,D7G7Y8,CBJ27863.1
Ec-06_009500,Esi_0086_0040,D7G7Y9,CBJ27864.1
Ec-06_009510,Esi_0086_0041,D7G7Z0,CBJ27865.1
Ec-06_009520,Esi_0086_0042,D7G7Z1,CBJ27866.1
Ec-06_009530,Esi_0086_0043,D7G7Z2,CBJ27867.1
Ec-06_009540,Esi_0086_0045,D7G7Z3,CBJ27868.1
Ec-06_009550,Esi_0086_0046,D7G7Z4,CBJ27869.1
Ec-06_009560,Esi_0086_0047,D7G7Z5,CBJ27870.1
Ec-06_009570,Esi_0086_0049,D7G7Z6,CBJ27871.1
Ec-06_009580,Esi_0086_0051,D7G7Z7,CBJ27872.1
Ec-06_009590,Esi_0086_0053,D7G7Z8,CBJ27873.1
Ec-06_009600,Esi_0086_0057,D7G7Z9,CBJ27874.1
Ec-06_009610,Esi_0086_0060,D7G800,CBJ27875.1
Ec-06_009620,Esi_0086_0061,D7G801,CBJ27876.1
Ec-06_009630,Esi_0086_0062,D7G802,CBJ27877.1
Ec-06_009650,Esi_0086_0065,D7G803,CBJ27878.1
Ec-06_009670,Esi_0086_0068,D7G804,CBJ27879.1
Ec-06_009680,Esi_0086_0072,D7G805,CBJ27880.1
Ec-06_009690,Esi_0086_0073,D7G806,CBJ27881.1
Ec-06_009700,Esi_0086_0074,D7G807,CBJ27882.1
Ec-06_009720,Esi_0086_0075,D7G808,CBJ27883.1
Ec-06_009730,Esi_0086_0077,D7G809,CBJ27884.1
Ec-06_009740,Esi_0086_0078,D7G810,CBJ27885.1
Ec-06_009750,Esi_0086_0080,D7G811,CBJ27886.1
Ec-06_009760,Esi_0086_0082,D7G812,CBJ27887.1
Ec-06_009770,Esi_0086_0084,D7G813,CBJ27888.1
Ec-06_009780,Esi_0086_0085,D7G814,CBJ27889.1
Ec-06_009790,Esi_0086_0087,D7G815,CBJ27890.1
Ec-06_009800,Esi_0086_0090,D7G816,CBJ27891.1
Ec-06_009820,Esi_0086_0093,D7G817,CBJ27892.1
Ec-06_009830,Esi_0086_0094,D7G818,CBJ27893.1
Ec-06_009840,Esi_0086_0096,D7G819,CBJ27894.1
Ec-06_009850,Esi_0086_0097,D7G820,CBJ27895.1
Ec-06_009860,Esi_0086_0098,D7G821,CBJ27896.1
Ec-06_009870,Esi_0086_0099,D7G822,CBJ27897.1
Ec-06_009880,Esi_0086_0100,D7G823,CBJ27898.1
Ec-06_009890,Esi_0086_0101,D7G824,CBJ27899.1
Ec-06_009900,Esi_0086_0105,D7G825,CBJ27900.1
Ec-06_009710,Esi_0086_0111,,
Ec-06_009640,Esi_0086_0112,,
Ec-06_009660,Esi_0086_0113,,
Ec-06_009810,Esi_0086_0114,,
Ec-12_001610,Esi_0087_0003,D7G838,CBJ27901.1
Ec-12_001610,Esi_0087_0004,D7G839,CBJ27902.1
Ec-12_001600,Esi_0087_0005,D7G840,CBJ27903.1
Ec-12_001590,Esi_0087_0008,D7G841,CBJ27904.1
Ec-12_001580,Esi_0087_0009,D7G842,CBJ27905.1
Ec-12_001560,Esi_0087_0012,D7G843,CBJ27906.1
Ec-12_001550,Esi_0087_0014,D7G844,CBJ27907.1
Ec-12_001540,Esi_0087_0016,D7G845,CBJ27908.1
Ec-12_001530,Esi_0087_0017,D7G846,CBJ27909.1
Ec-12_001520,Esi_0087_0020,D7G847,CBJ27910.1
Ec-12_001510,Esi_0087_0024,D7G848,CBJ27911.1
Ec-12_001500,Esi_0087_0026,D7G849,CBJ27912.1
Ec-12_001490,Esi_0087_0027,D7G850,CBJ27913.1
Ec-12_001480,Esi_0087_0028,D7G851,CBJ27914.1
Ec-12_001470,Esi_0087_0030,D7G852,CBJ27915.1
Ec-12_001460,Esi_0087_0031,D7G853,CBJ27916.1
Ec-12_001440,Esi_0087_0032,D7G854,CBJ27917.1
Ec-12_001430,Esi_0087_0033,D7G855,CBJ27918.1
Ec-12_001420,Esi_0087_0036,D7G856,CBJ27919.1
Ec-12_001410,Esi_0087_0037,D7G857,CBJ27920.1
Ec-12_001400,Esi_0087_0038,D7G858,CBJ27921.1
Ec-12_001390,Esi_0087_0039,D7G859,CBJ27922.1
Ec-12_001380,Esi_0087_0042,D7G860,CBJ27923.1
Ec-12_001370,Esi_0087_0043,D7G861,CBJ27924.1
Ec-12_001360,Esi_0087_0044,D7G862,CBJ27925.1
Ec-12_001350,Esi_0087_0047,D7G863,CBJ27926.1
Ec-12_001340,Esi_0087_0048,D7G864,CBJ27927.1
Ec-12_001330,Esi_0087_0049,D7G865,CBJ27928.1
Ec-12_001320,Esi_0087_0052,D7G866,CBJ27929.1
Ec-12_001300,Esi_0087_0054,D7G867,CBJ27930.1
Ec-12_001290,Esi_0087_0055,D7G868,CBJ27931.1
Ec-12_001280,Esi_0087_0060,D7G869,CBJ27932.1
Ec-12_001270,Esi_0087_0063,D7G870,CBJ27933.1
Ec-12_001250,Esi_0087_0065,D7G871,CBJ27934.1
Ec-12_001240,Esi_0087_0068,D7G872,CBJ27935.1
Ec-12_001230,Esi_0087_0072,D7G873,CBJ27936.1
Ec-12_001220,Esi_0087_0075,D7G874,CBJ27937.1
Ec-12_001200,Esi_0087_0078,D7G875,CBJ27938.1
Ec-12_001180,Esi_0087_0091,D7G876,CBJ27939.1
Ec-12_001170,Esi_0087_0092,D7G877,CBJ27940.1
Ec-12_001150,Esi_0087_0094,D7G878,CBJ27941.1
Ec-12_001140,Esi_0087_0095,D7G879,CBJ27942.1
Ec-12_001130,Esi_0087_0097,D7G880,CBJ27943.1
Ec-12_001120,Esi_0087_0098,D7G881,CBJ27944.1
Ec-12_001100,Esi_0087_0099,D7G882,CBJ27945.1
Ec-12_001090,Esi_0087_0100,D7G883,CBJ27946.1
Ec-12_001110,Esi_0087_0110,,
Ec-12_001450,Esi_0087_0111,,
Ec-12_001570,Esi_0087_0112,,
Ec-12_001620,Esi_0087_0113,,
Ec-12_001310,Esi_0087_0114,,
Ec-12_001260,Esi_0087_0115,,
Ec-12_001210,Esi_0087_0116,,
Ec-12_001190,Esi_0087_0117,,
Ec-12_001160,Esi_0087_0118,,
Ec-19_003640,Esi_0088_0006,D7G895,CBJ27947.1
Ec-19_003650,Esi_0088_0007,D7G896,CBJ27948.1
Ec-19_003660,Esi_0088_0008,D7G897,CBJ27949.1
Ec-19_003680,Esi_0088_0009,D7G898,CBJ27950.1
Ec-19_003690,Esi_0088_0011,D7G899,CBJ27951.1
Ec-19_003700,Esi_0088_0014,D7G8A0,CBJ27952.1
Ec-19_003710,Esi_0088_0015,D7G8A1,CBJ27953.1
Ec-19_003720,Esi_0088_0016,D7G8A2,CBJ27954.1
Ec-19_003730,Esi_0088_0019,D7G8A3,CBJ27955.1
Ec-19_003740,Esi_0088_0022,D7G8A4,CBJ27956.1
Ec-19_003750,Esi_0088_0024,D7G8A5,CBJ27957.1
Ec-19_003760,Esi_0088_0027,D7G8A6,CBJ27958.1
Ec-19_003770,Esi_0088_0028,D7G8A7,CBJ27959.1
Ec-19_003780,Esi_0088_0029,D7G8A8,CBJ27960.1
Ec-19_003790,Esi_0088_0030,D7G8A9,CBJ27961.1
Ec-19_003800,Esi_0088_0034,D7G8B0,CBJ27962.1
Ec-19_003810,Esi_0088_0037,D7G8B1,CBJ27963.1
Ec-19_003820,Esi_0088_0039,D7G8B2,CBJ27964.1
Ec-19_003830,Esi_0088_0042,D7G8B3,CBJ27965.1
Ec-19_003840,Esi_0088_0044,D7G8B4,CBJ27966.1
Ec-19_003850,Esi_0088_0045,D7G8B5,CBJ27967.1
Ec-19_003860,Esi_0088_0046,D7G8B6,CBJ27968.1
Ec-19_003880,Esi_0088_0054,D7G8B7,CBJ27969.1
Ec-19_003890,Esi_0088_0058,D7G8B8,CBJ27970.1
Ec-19_003900,Esi_0088_0059,D7G8B9,CBJ27971.1
Ec-19_003910,Esi_0088_0064,D7G8C0,CBJ27972.1
Ec-19_003920,Esi_0088_0065,D7G8C1,CBJ27973.1
Ec-19_003930,Esi_0088_0066,D7G8C2,CBJ27974.1
Ec-19_003940,Esi_0088_0067,D7G8C3,CBJ27975.1
Ec-19_003950,Esi_0088_0069,D7G8C4,CBJ27976.1
Ec-19_003970,Esi_0088_0070,D7G8C5,CBJ27977.1
Ec-19_003980,Esi_0088_0071,D7G8C6,CBJ27978.1
Ec-19_003990,Esi_0088_0073,D7G8C7,CBJ27979.1
Ec-19_004000,Esi_0088_0079,D7G8C8,CBJ27980.1
,Esi_0088_0080,D7G8C9,CBJ27981.1
Ec-19_004010,Esi_0088_0081,D7G8D0,CBJ27982.1
,Esi_0088_0082,D7G8D1,CBJ27983.1
Ec-19_004020,Esi_0088_0083,D7G8D2,CBJ27984.1
Ec-19_004030,Esi_0088_0090,D7G8D3,CBJ27985.1
Ec-19_004040,Esi_0088_0093,D7G8D4,CBJ27986.1
Ec-19_004050,Esi_0088_0095,D7G8D5,CBJ27987.1
Ec-19_004060,Esi_0088_0096,D7G8D6,CBJ27988.1
Ec-19_004070,Esi_0088_0097,D7G8D7,CBJ27989.1
Ec-19_003870,Esi_0088_0108,,
Ec-19_003960,Esi_0088_0109,,
Ec-19_003670,Esi_0088_0110,,
Ec-14_002750,Esi_0089_0003,D7G8E5,CBJ27990.1
Ec-14_002760,Esi_0089_0004,D7G8E6,CBJ27991.1
Ec-14_002770,Esi_0089_0014,D7G8E7,CBJ27992.1
Ec-14_002780,Esi_0089_0015,D7G8E8,CBJ27993.1
Ec-14_002790,Esi_0089_0016,D7G8E9,CBJ27994.1
Ec-14_002800,Esi_0089_0021,D7G8F0,CBJ27995.1
Ec-14_002810,Esi_0089_0023,D7G8F1,CBJ27996.1
Ec-14_002820,Esi_0089_0024,D7G8F2,CBJ27997.1
Ec-14_002830,Esi_0089_0025,D7G8F3,CBJ27998.1
Ec-14_002840,Esi_0089_0026,D7G8F4,CBJ27999.1
Ec-14_002860,Esi_0089_0027,D7G8F5,CBJ28000.1
,Esi_0089_0028,D7G8F6,CBJ28001.1
Ec-14_002870,Esi_0089_0030,D7G8F7,CBJ28002.1
Ec-14_002880,Esi_0089_0031,D7G8F8,CBJ28003.1
,Esi_0089_0034,D7G8F9,CBJ28004.1
Ec-14_002890,Esi_0089_0040,D7G8G0,CBJ28005.1
Ec-14_002900,Esi_0089_0041,D7G8G1,CBJ28006.1
Ec-14_002910,Esi_0089_0043,D7G8G2,CBJ28007.1
Ec-14_002920,Esi_0089_0045,D7G8G3,CBJ28008.1
Ec-14_002930,Esi_0089_0046,D7G8G4,CBJ28009.1
Ec-14_002940,Esi_0089_0048,D7G8G5,CBJ28010.1
Ec-14_002950,Esi_0089_0051,D7G8G6,CBJ28011.1
Ec-14_002960,Esi_0089_0053,D7G8G7,CBJ28012.1
Ec-14_002970,Esi_0089_0054,D7G8G8,CBJ28013.1
Ec-14_002980,Esi_0089_0058,D7G8G9,CBJ28014.1
Ec-14_002990,Esi_0089_0059,D7G8H0,CBJ28015.1
Ec-14_003000,Esi_0089_0060,D7G8H1,CBJ28016.1
Ec-14_003010,Esi_0089_0061,D7G8H2,CBJ28017.1
Ec-14_003030,Esi_0089_0063,D7G8H3,CBJ28018.1
Ec-14_003040,Esi_0089_0065,D7G8H4,CBJ28019.1
Ec-14_003050,Esi_0089_0068,D7G8H5,CBJ28020.1
Ec-14_003060,Esi_0089_0069,D7G8H6,CBJ28021.1
Ec-14_003080,Esi_0089_0070,D7G8H7,CBJ28022.1
Ec-14_003090,Esi_0089_0072,D7G8H8,CBJ28023.1
obsolete,Esi_0089_0076,D7G8H9,CBJ28024.1
obsolete,Esi_0089_0079,D7G8I0,CBJ28025.1
Ec-14_003100,Esi_0089_0083,D7G8I1,CBJ28026.1
Ec-14_003110,Esi_0089_0086,D7G8I2,CBJ28027.1
Ec-14_003120,Esi_0089_0087,D7G8I3,CBJ28028.1
Ec-14_003130,Esi_0089_0088,D7G8I4,CBJ28029.1
Ec-14_003140,Esi_0089_0089,D7G8I5,CBJ28030.1
Ec-14_003150,Esi_0089_0090,D7G8I6,CBJ28031.1
obsolete,Esi_0089_0091,D7G8I7,CBJ28032.1
Ec-14_003170,Esi_0089_0093,D7G8I8,CBJ28033.1
Ec-14_003180,Esi_0089_0094,D7G8I9,CBJ28034.1
Ec-14_003190,Esi_0089_0095,D7G8J0,CBJ28035.1
Ec-14_003200,Esi_0089_0097,D7G8J1,CBJ28036.1
Ec-14_003210,Esi_0089_0098,D7G8J2,CBJ28037.1
Ec-14_003220,Esi_0089_0099,D7G8J3,CBJ28038.1
Ec-14_003230,Esi_0089_0101,D7G8J4,CBJ28039.1
Ec-14_003240,Esi_0089_0102,D7G8J5,CBJ28040.1
Ec-14_003250,Esi_0089_0103,D7G8J6,CBJ28041.1
Ec-14_003260,Esi_0089_0105,D7G8J7,CBJ28042.1
Ec-14_003270,Esi_0089_0106,D7G8J8,CBJ28043.1
,Esi_0089_0109,D7G8J9,CBJ28044.1
Ec-14_003290,Esi_0089_0110,D7G8K0,CBJ28045.1
Ec-14_003300,Esi_0089_0111,D7G8K1,CBJ28046.1
Ec-14_003310,Esi_0089_0112,D7G8K2,CBJ28047.1
Ec-14_003330,Esi_0089_0116,D7G8K3,CBJ28048.1
,Esi_0089_0118,D7G8K4,CBJ28049.1
Ec-14_003340,Esi_0089_0119,D7G8K5,CBJ28050.1
Ec-14_003350,Esi_0089_0121,D7G8K6,CBJ28051.1
Ec-14_003070,Esi_0089_0125,,
Ec-14_002850,Esi_0089_0128,,
Ec-14_003020,Esi_0089_0129,,
Ec-14_003160,Esi_0089_0130,,
Ec-14_003280,Esi_0089_0131,,
Ec-14_003320,Esi_0089_0132,,
Ec-12_004110,Esi_0090_0003,D8LTW0,CBN75350.1
Ec-12_004100,Esi_0090_0004,D8LTW1,CBN75351.1
Ec-12_004090,Esi_0090_0021,D8LTW2,CBN75352.1
Ec-12_004080,Esi_0090_0023,D8LTW3,CBN75353.1
Ec-12_004070,Esi_0090_0026,D8LTW4,CBN75354.1
Ec-12_004060,Esi_0090_0027,D8LTW5,CBN75355.1
Ec-12_004050,Esi_0090_0028,D8LTW6,CBN75356.1
Ec-12_004040,Esi_0090_0029,D8LTW7,CBN75357.1
Ec-12_004030,Esi_0090_0031,D8LTW8,CBN75358.1
Ec-12_004030,Esi_0090_0032,D8LTW9,CBN75359.1
Ec-12_004020,Esi_0090_0036,D8LTX0,CBN75360.1
Ec-12_004010,Esi_0090_0038,D8LTX1,CBN75361.1
Ec-12_004000,Esi_0090_0039,D8LTX2,CBN75362.1
Ec-12_003990,Esi_0090_0040,D8LTX3,CBN75363.1
Ec-12_003980,Esi_0090_0042,D8LTX4,CBN75364.1
Ec-12_003970,Esi_0090_0043,D8LTX5,CBN75365.1
Ec-12_003970,Esi_0090_0045,D8LTX6,CBN75366.1
Ec-12_003960,Esi_0090_0047,D8LTX7,CBN75367.1
,Esi_0090_0048,D8LTX8,CBN75368.1
Ec-12_003940,Esi_0090_0050,D8LTX9,CBN75369.1
Ec-12_003930,Esi_0090_0052,D8LTY0,CBN75370.1
Ec-12_003920,Esi_0090_0053,D8LTY1,CBN75371.1
Ec-12_003910,Esi_0090_0054,D8LTY2,CBN75372.1
Ec-12_003900,Esi_0090_0056,D8LTY3,CBN75373.1
Ec-12_003890,Esi_0090_0058,D8LTY4,CBN75374.1
Ec-12_003880,Esi_0090_0059,D8LTY5,CBN75375.1
Ec-12_003870,Esi_0090_0060,D8LTY6,CBN75376.1
Ec-12_003860,Esi_0090_0061,D8LTY7,CBN75377.1
Ec-12_003840,Esi_0090_0064,D8LTY8,CBN75378.1
Ec-12_003830,Esi_0090_0065,D8LTY9,CBN75379.1
Ec-12_003820,Esi_0090_0067,D8LTZ0,CBN75380.1
Ec-12_003810,Esi_0090_0068,D8LTZ1,CBN75381.1
Ec-12_003800,Esi_0090_0069,D8LTZ2,CBN75382.1
Ec-12_003790,Esi_0090_0070,D8LTZ3,CBN75383.1
Ec-12_003780,Esi_0090_0071,D8LTZ4,CBN75384.1
Ec-12_003760,Esi_0090_0073,D8LTZ5,CBN75385.1
Ec-12_003750,Esi_0090_0074,D8LTZ6,CBN75386.1
Ec-12_003730,Esi_0090_0076,D8LTZ7,CBN75387.1
Ec-12_003710,Esi_0090_0078,D8LTZ8,CBN75388.1
Ec-12_003700,Esi_0090_0080,D8LTZ9,CBN75389.1
Ec-12_003680,Esi_0090_0081,D8LU00,CBN75390.1
Ec-12_003660,Esi_0090_0082,D8LU01,CBN75391.1
Ec-12_003620,Esi_0090_0093,D8LU02,CBN75392.1
Ec-12_003560,Esi_0090_0099,D8LU03,CBN75393.1
Ec-12_003950,Esi_0090_0119,,
Ec-12_003770,Esi_0090_0120,,
Ec-12_003670,Esi_0090_0121,,
Ec-12_003650,Esi_0090_0122,,
Ec-12_004130,Esi_0090_0123,,
Ec-12_004120,Esi_0090_0124,,
Ec-12_003850,Esi_0090_0125,,
Ec-12_003740,Esi_0090_0126,,
Ec-12_003720,Esi_0090_0127,,
Ec-12_003690,Esi_0090_0128,,
Ec-12_003640,Esi_0090_0129,,
Ec-12_003630,Esi_0090_0130,,
Ec-12_003610,Esi_0090_0131,,
Ec-12_003600,Esi_0090_0132,,
Ec-12_003590,Esi_0090_0133,,
Ec-12_003580,Esi_0090_0134,,
Ec-12_003570,Esi_0090_0135,,
Ec-22_002280,Esi_0091_0001,D7G8M8,CBJ28052.1
Ec-22_002310,Esi_0091_0004,D7G8M9,CBJ28053.1
Ec-22_002330,Esi_0091_0005,D7G8N0,CBJ28054.1
Ec-22_002360,Esi_0091_0008,D7G8N1,CBJ28055.1
Ec-22_002370,Esi_0091_0009,D7G8N2,CBJ28056.1
Ec-22_002380,Esi_0091_0010,D7G8N3,CBJ28057.1
Ec-22_002390,Esi_0091_0012,D7G8N4,CBJ28058.1
Ec-22_002400,Esi_0091_0014,D7G8N5,CBJ28059.1
Ec-22_002410,Esi_0091_0016,D7G8N6,CBJ28060.1
,Esi_0091_0018,D7G8N7,CBJ28061.1
Ec-22_002420,Esi_0091_0020,D7G8N8,CBJ28062.1
Ec-22_002440,Esi_0091_0023,D7G8N9,CBJ28063.1
Ec-22_002450,Esi_0091_0024,D7G8P0,CBJ28064.1
Ec-22_002460,Esi_0091_0027,D7G8P1,CBJ28065.1
Ec-22_002480,Esi_0091_0032,D7G8P2,CBJ28066.1
Ec-22_002490,Esi_0091_0034,D7G8P3,CBJ28067.1
Ec-22_002500,Esi_0091_0035,D7G8P4,CBJ28068.1
Ec-22_002510,Esi_0091_0037,D7G8P5,CBJ28069.1
Ec-22_002520,Esi_0091_0038,D7G8P6,CBJ28070.1
Ec-22_002530,Esi_0091_0040,D7G8P7,CBJ28071.1
Ec-22_002540,Esi_0091_0041,D7G8P8,CBJ28072.1
Ec-22_002550,Esi_0091_0042,D7G8P9,CBJ28073.1
,Esi_0091_0044,D7G8Q0,CBJ28074.1
Ec-22_002570,Esi_0091_0053,D7G8Q1,CBJ28075.1
Ec-22_002580,Esi_0091_0056,D7G8Q2,CBJ28076.1
Ec-22_002600,Esi_0091_0057,D7G8Q3,CBJ28077.1
Ec-22_002610,Esi_0091_0058,D7G8Q4,CBJ28078.1
Ec-22_002620,Esi_0091_0059,D7G8Q5,CBJ28079.1
Ec-22_002630,Esi_0091_0060,D7G8Q6,CBJ28080.1
Ec-22_002640,Esi_0091_0062,D7G8Q7,CBJ28081.1
Ec-22_002650,Esi_0091_0065,D7G8Q8,CBJ28082.1
Ec-22_002660,Esi_0091_0067,D7G8Q9,CBJ28083.1
Ec-22_002670,Esi_0091_0069,D7G8R0,CBJ28084.1
Ec-22_002680,Esi_0091_0070,D7G8R1,CBJ28085.1
Ec-22_002690,Esi_0091_0074,D7G8R2,CBJ28086.1
Ec-22_002700,Esi_0091_0075,D7G8R3,CBJ28087.1
,Esi_0091_0082,D7G8R4,CBJ28088.1
,Esi_0091_0083,D7G8R5,CBJ28089.1
Ec-22_002710,Esi_0091_0084,D7G8R6,CBJ28090.1
Ec-22_002720,Esi_0091_0085,D7G8R7,CBJ28091.1
Ec-22_002730,Esi_0091_0086,D7G8R8,CBJ28092.1
Ec-22_002740,Esi_0091_0087,D7G8R9,CBJ28093.1
Ec-22_002750,Esi_0091_0088,D7G8S0,CBJ28094.1
,Esi_0091_0089,D7G8S1,CBJ28095.1
Ec-22_002780,Esi_0091_0091,D7G8S2,CBJ28096.1
Ec-22_002800,Esi_0091_0092,D7G8S3,CBJ28097.1
Ec-22_002810,Esi_0091_0094,D7G8S4,CBJ28098.1
Ec-22_002820,Esi_0091_0095,D7G8S5,CBJ28099.1
Ec-22_002830,Esi_0091_0096,D7G8S6,CBJ28100.1
Ec-22_002840,Esi_0091_0097,D7G8S7,CBJ28101.1
Ec-22_002850,Esi_0091_0098,D7G8S8,CBJ28102.1
Ec-22_002860,Esi_0091_0101,D7G8S9,CBJ28103.1
Ec-22_002870,Esi_0091_0102,D7G8T0,CBJ28104.1
Ec-22_002760,Esi_0091_0131,,
Ec-22_002470,Esi_0091_0138,,
Ec-22_002320,Esi_0091_0139,,
Ec-22_002340,Esi_0091_0140,,
Ec-22_002350,Esi_0091_0141,,
Ec-22_002880,Esi_0091_0142,,
Ec-22_002890,Esi_0091_0143,,
Ec-22_002900,Esi_0091_0144,,
Ec-22_002290,Esi_0091_0145,,
Ec-22_002300,Esi_0091_0146,,
Ec-22_002430,Esi_0091_0147,,
Ec-22_002560,Esi_0091_0148,,
Ec-22_002590,Esi_0091_0149,,
Ec-22_002770,Esi_0091_0150,,
Ec-22_002790,Esi_0091_0151,,
Ec-15_004180,Esi_0092_0003,D7G8T7,CBJ28105.1
Ec-15_004200,Esi_0092_0004,D7G8T8,CBJ28106.1
,Esi_0092_0005,D7G8T9,CBJ28107.1
Ec-15_004210,Esi_0092_0006,D7G8U0,CBJ28108.1
Ec-15_004220,Esi_0092_0008,D7G8U1,CBJ28109.1
Ec-15_004230,Esi_0092_0009,D7G8U2,CBJ28110.1
Ec-15_004240,Esi_0092_0010,D7G8U3,CBJ28111.1
Ec-15_004250,Esi_0092_0013,D7G8U4,CBJ28112.1
Ec-15_004260,Esi_0092_0014,D7G8U5,CBJ28113.1
Ec-15_004300,Esi_0092_0018,D7G8U6,CBJ28114.1
Ec-15_004310,Esi_0092_0019,D7G8U7,CBJ28115.1
Ec-15_004320,Esi_0092_0020,D7G8U8,CBJ28116.1
Ec-15_004330,Esi_0092_0025,D7G8U9,CBJ28117.1
Ec-15_004340,Esi_0092_0031,D7G8V0,CBJ28118.1
Ec-15_004350,Esi_0092_0033,D7G8V1,CBJ28119.1
Ec-15_004360,Esi_0092_0035,D7G8V2,CBJ28120.1
Ec-15_004370,Esi_0092_0036,D7G8V3,CBJ28121.1
Ec-15_004380,Esi_0092_0037,D7G8V4,CBJ28122.1
Ec-15_004390,Esi_0092_0038,D7G8V5,CBJ28123.1
Ec-15_004400,Esi_0092_0039,D7G8V6,CBJ28124.1
Ec-15_004420,Esi_0092_0040,D7G8V7,CBJ28125.1
,Esi_0092_0043,D7G8V8,CBJ28126.1
Ec-15_004430,Esi_0092_0045,D7G8V9,CBJ28127.1
Ec-15_004440,Esi_0092_0046,D7G8W0,CBJ28128.1
Ec-15_004450,Esi_0092_0047,D7G8W1,CBJ28129.1
Ec-15_004460,Esi_0092_0051,D7G8W2,CBJ28130.1
Ec-15_004470,Esi_0092_0053,D7G8W3,CBJ28131.1
Ec-15_004490,Esi_0092_0066,D7G8W4,CBJ28132.1
Ec-15_004500,Esi_0092_0067,D7G8W5,CBJ28133.1
Ec-15_004510,Esi_0092_0068,D7G8W6,CBJ28134.1
Ec-15_004520,Esi_0092_0069,D7G8W7,CBJ28135.1
Ec-15_004530,Esi_0092_0070,D7G8W8,CBJ28136.1
Ec-15_004540,Esi_0092_0074,D7G8W9,CBJ28137.1
Ec-15_004550,Esi_0092_0076,D7G8X0,CBJ28138.1
Ec-15_004560,Esi_0092_0077,D7G8X1,CBJ28139.1
Ec-15_004570,Esi_0092_0081,D7G8X2,CBJ28140.1
Ec-15_004580,Esi_0092_0082,D7G8X3,CBJ28141.1
Ec-15_004590,Esi_0092_0086,D7G8X4,CBJ28142.1
Ec-15_004610,Esi_0092_0087,D7G8X5,CBJ28143.1
Ec-15_004620,Esi_0092_0088,D7G8X6,CBJ28144.1
Ec-15_004630,Esi_0092_0089,D7G8X7,CBJ28145.1
Ec-15_004640,Esi_0092_0092,D7G8X8,CBJ28146.1
Ec-15_004650,Esi_0092_0093,D7G8X9,CBJ28147.1
Ec-15_004670,Esi_0092_0095,D7G8Y0,CBJ28148.1
Ec-15_004700,Esi_0092_0097,D7G8Y1,CBJ28149.1
Ec-15_004480,Esi_0092_0109,,
Ec-15_004600,Esi_0092_0110,,
Ec-15_004410,Esi_0092_0112,,
Ec-15_004660,Esi_0092_0113,,
Ec-15_004690,Esi_0092_0114,,
Ec-15_004270,Esi_0092_0115,,
Ec-15_004280,Esi_0092_0116,,
Ec-15_004290,Esi_0092_0117,,
Ec-15_004190,Esi_0092_0118,,
Ec-15_004680,Esi_0092_0119,,
Ec-21_000790,Esi_0093_0002,D8LU04,CBN75394.1
Ec-21_000780,Esi_0093_0003,D8LU05,CBN75395.1
Ec-21_000760,Esi_0093_0006,D8LU06,CBN75396.1
Ec-21_000750,Esi_0093_0008,D8LU07,CBN75397.1
Ec-21_000740,Esi_0093_0010,D8LU08,CBN75398.1
Ec-21_000730,Esi_0093_0012,D8LU09,CBN75399.1
Ec-21_000710,Esi_0093_0019,D8LU10,CBN75400.1
Ec-21_000680,Esi_0093_0021,D8LU11,CBN75401.1
Ec-21_000670,Esi_0093_0022,D8LU12,CBN75402.1
Ec-21_000660,Esi_0093_0024,D8LU13,CBN75403.1
Ec-21_000650,Esi_0093_0025,D8LU14,CBN75404.1
Ec-21_000640,Esi_0093_0026,D8LU15,CBN75405.1
Ec-21_000620,Esi_0093_0031,D8LU16,CBN75406.1
Ec-21_000600,Esi_0093_0038,D8LU17,CBN75407.1
Ec-21_000590,Esi_0093_0043,D8LU18,CBN75408.1
Ec-21_000580,Esi_0093_0048,D8LU19,CBN75409.1
Ec-21_000570,Esi_0093_0053,D8LU20,CBN75410.1
Ec-21_000560,Esi_0093_0056,D8LU21,CBN75411.1
Ec-21_000550,Esi_0093_0058,D8LU22,CBN75412.1
Ec-21_000540,Esi_0093_0059,D8LU23,CBN75413.1
Ec-21_000530,Esi_0093_0060,D8LU24,CBN75414.1
Ec-21_000520,Esi_0093_0061,D8LU25,CBN75415.1
Ec-21_000500,Esi_0093_0066,D8LU26,CBN75416.1
Ec-21_000490,Esi_0093_0073,D8LU27,CBN75417.1
Ec-21_000480,Esi_0093_0076,D8LU28,CBN75418.1
Ec-21_000470,Esi_0093_0078,D8LU29,CBN75419.1
Ec-21_000720,Esi_0093_0088,,
Ec-21_000700,Esi_0093_0089,,
Ec-21_000690,Esi_0093_0090,,
Ec-21_000630,Esi_0093_0091,,
Ec-21_000610,Esi_0093_0092,,
Ec-21_000510,Esi_0093_0093,,
Ec-21_000770,Esi_0093_0094,,
Ec-15_002560,Esi_0094_0009,D7G8Y9,CBJ28150.1
Ec-15_002540,Esi_0094_0011,D7G8Z0,CBJ28151.1
,Esi_0094_0012,D7G8Z1,CBJ28152.1
Ec-15_002530,Esi_0094_0014,D7G8Z2,CBJ28153.1
Ec-15_002500,Esi_0094_0015,D7G8Z3,CBJ28154.1
Ec-15_002490,Esi_0094_0017,D7G8Z4,CBJ28155.1
Ec-15_002480,Esi_0094_0018,D7G8Z5,CBJ28156.1
,Esi_0094_0019,D7G8Z6,CBJ28157.1
,Esi_0094_0020,D7G8Z7,CBJ28158.1
Ec-15_002470,Esi_0094_0021,D7G8Z8,CBJ28159.1
Ec-15_002460,Esi_0094_0022,D7G8Z9,CBJ28160.1
Ec-15_002450,Esi_0094_0023,D7G900,CBJ28161.1
Ec-15_002440,Esi_0094_0024,D7G901,CBJ28162.1
Ec-15_002430,Esi_0094_0025,D7G902,CBJ28163.1
Ec-15_002430,Esi_0094_0030,D7G903,CBJ28164.1
Ec-15_002420,Esi_0094_0031,D7G904,CBJ28165.1
Ec-15_002400,Esi_0094_0032,D7G905,CBJ28166.1
Ec-15_002390,Esi_0094_0033,D7G906,CBJ28167.1
Ec-15_002380,Esi_0094_0034,D7G907,CBJ28168.1
Ec-15_002370,Esi_0094_0035,D7G908,CBJ28169.1
Ec-15_002360,Esi_0094_0037,D7G909,CBJ28170.1
Ec-15_002350,Esi_0094_0038,D7G910,CBJ28171.1
Ec-15_002340,Esi_0094_0040,D7G911,CBJ28172.1
Ec-15_002330,Esi_0094_0041,D7G912,CBJ28173.1
Ec-15_002320,Esi_0094_0043,D7G913,CBJ28174.1
Ec-15_002300,Esi_0094_0055,D7G914,CBJ28175.1
Ec-15_002290,Esi_0094_0056,D7G915,CBJ28176.1
Ec-15_002280,Esi_0094_0058,D7G916,CBJ28177.1
Ec-15_002260,Esi_0094_0059,D7G917,CBJ28178.1
Ec-15_002240,Esi_0094_0062,D7G918,CBJ28179.1
Ec-15_002230,Esi_0094_0063,D7G919,CBJ28180.1
Ec-15_002210,Esi_0094_0064,D7G920,CBJ28181.1
Ec-15_002200,Esi_0094_0065,D7G921,CBJ28182.1
Ec-15_002190,Esi_0094_0068,D7G922,CBJ28183.1
Ec-15_002180,Esi_0094_0069,D7G923,CBJ28184.1
Ec-15_002170,Esi_0094_0071,D7G924,CBJ28185.1
Ec-15_002160,Esi_0094_0074,D7G925,CBJ28186.1
Ec-15_002140,Esi_0094_0075,D7G926,CBJ28187.1
Ec-15_002130,Esi_0094_0076,D7G927,CBJ28188.1
Ec-15_002120,Esi_0094_0078,D7G928,CBJ28189.1
Ec-15_002110,Esi_0094_0079,D7G929,CBJ28190.1
Ec-15_002100,Esi_0094_0080,D7G930,CBJ28191.1
Ec-15_002090,Esi_0094_0081,D7G931,CBJ28192.1
Ec-15_002050,Esi_0094_0082,D7G932,CBJ28193.1
Ec-15_002040,Esi_0094_0083,D7G933,CBJ28194.1
Ec-15_002020,Esi_0094_0087,D7G934,CBJ28195.1
Ec-15_002010,Esi_0094_0088,D7G935,CBJ28196.1
Ec-15_002000,Esi_0094_0089,D7G936,CBJ28197.1
Ec-15_001990,Esi_0094_0092,D7G937,CBJ28198.1
Ec-15_001970,Esi_0094_0094,D7G938,CBJ28199.1
Ec-15_001960,Esi_0094_0096,D7G939,CBJ28200.1
Ec-15_002220,Esi_0094_0104,,
Ec-15_001980,Esi_0094_0105,,
Ec-15_002080,Esi_0094_0107,,
Ec-15_002070,Esi_0094_0108,,
Ec-15_002510,Esi_0094_0109,,
Ec-15_002150,Esi_0094_0110,,
Ec-15_002550,Esi_0094_0111,,
Ec-15_002520,Esi_0094_0112,,
Ec-15_002410,Esi_0094_0113,,
Ec-15_002310,Esi_0094_0114,,
Ec-15_002270,Esi_0094_0115,,
Ec-15_002250,Esi_0094_0116,,
Ec-15_002060,Esi_0094_0117,,
Ec-15_002030,Esi_0094_0118,,
Ec-15_001950,Esi_0094_0119,,
Ec-16_000010,Esi_0095_0002,D8LU30,CBN78072.1
Ec-16_000020,Esi_0095_0004,D8LU31,CBN78073.1
Ec-16_000030,Esi_0095_0005,D8LU32,CBN78074.1
Ec-16_000040,Esi_0095_0006,D8LU33,CBN78075.1
Ec-16_000050,Esi_0095_0011,D8LU34,CBN78076.1
Ec-16_000070,Esi_0095_0013,D8LU35,CBN78077.1
Ec-16_000080,Esi_0095_0017,D8LU36,CBN78078.1
,Esi_0095_0018,D8LU37,CBN78079.1
Ec-16_000100,Esi_0095_0019,D8LU38,CBN78080.1
Ec-16_000090,Esi_0095_0021,D8LU39,CBN78081.1
Ec-16_000110,Esi_0095_0023,D8LU40,CBN78082.1
Ec-16_000120,Esi_0095_0025,D8LU41,CBN78083.1
Ec-16_000130,Esi_0095_0027,D8LU42,CBN78084.1
Ec-16_000150,Esi_0095_0032,D8LU43,CBN78085.1
,Esi_0095_0034,D8LU44,CBN78086.1
Ec-16_000170,Esi_0095_0035,D8LU45,CBN78087.1
Ec-16_000180,Esi_0095_0037,D8LU46,CBN78088.1
Ec-16_000190,Esi_0095_0038,D8LU47,CBN78089.1
Ec-16_000210,Esi_0095_0039,D8LU48,CBN78090.1
Ec-16_000220,Esi_0095_0041,D8LU49,CBN78091.1
Ec-16_000230,Esi_0095_0042,D8LU50,CBN78092.1
Ec-16_000240,Esi_0095_0043,D8LU51,CBN78093.1
Ec-16_000260,Esi_0095_0044,D8LU52,CBN78094.1
Ec-16_000270,Esi_0095_0045,D8LU53,CBN78095.1
Ec-16_000280,Esi_0095_0047,D8LU54,CBN78096.1
,Esi_0095_0048,D8LU55,CBN78097.1
Ec-16_000300,Esi_0095_0049,D8LU56,CBN78098.1
Ec-16_000310,Esi_0095_0051,D8LU57,CBN78099.1
Ec-16_000320,Esi_0095_0057,D8LU58,CBN78100.1
Ec-16_000330,Esi_0095_0059,D8LU59,CBN78101.1
Ec-16_000340,Esi_0095_0065,D8LU60,CBN78102.1
Ec-16_000350,Esi_0095_0068,D8LU61,CBN78103.1
Ec-16_000360,Esi_0095_0070,D8LU62,CBN78104.1
Ec-16_000370,Esi_0095_0071,D8LU63,CBN78105.1
Ec-16_000390,Esi_0095_0073,D8LU64,CBN78106.1
Ec-16_000410,Esi_0095_0074,D8LU65,CBN78107.1
,Esi_0095_0075,D8LU66,CBN78108.1
Ec-16_000420,Esi_0095_0077,D8LU67,CBN78109.1
Ec-16_000430,Esi_0095_0079,D8LU68,CBN78110.2
Ec-16_000450,Esi_0095_0080,D8LU69,CBN78111.1
,Esi_0095_0081,D8LU70,CBN78112.1
Ec-16_000460,Esi_0095_0083,D8LU71,CBN78113.1
Ec-16_000470,Esi_0095_0086,D8LU72,CBN78114.1
Ec-16_000480,Esi_0095_0087,D8LU73,CBN78115.1
Ec-16_000490,Esi_0095_0088,D8LU74,CBN78116.1
Ec-16_000500,Esi_0095_0089,D8LU75,CBN78117.1
Ec-16_000510,Esi_0095_0090,D8LU76,CBN78118.1
,Esi_0095_0091,D8LU77,CBN78119.1
Ec-16_000520,Esi_0095_0093,D8LU78,CBN78120.1
Ec-16_000060,Esi_0095_0108,,
Ec-16_000250,Esi_0095_0109,,
Ec-16_000200,Esi_0095_0111,,
Ec-16_000290,Esi_0095_0112,,
Ec-16_000140,Esi_0095_0113,,
Ec-16_000160,Esi_0095_0114,,
Ec-16_000380,Esi_0095_0115,,
Ec-16_000400,Esi_0095_0116,,
Ec-16_000440,Esi_0095_0117,,
Ec-13_002870,Esi_0096_0003,D7G974,CBJ28201.1
Ec-13_002890,Esi_0096_0005,D7G975,CBJ28202.1
Ec-13_002900,Esi_0096_0007,D7G976,CBJ28203.1
Ec-13_002910,Esi_0096_0011,D7G977,CBJ28204.1
Ec-13_002920,Esi_0096_0013,D7G978,CBJ28205.1
Ec-13_002930,Esi_0096_0014,D7G979,CBJ28206.1
Ec-13_002940,Esi_0096_0015,D7G980,CBJ28207.1
Ec-13_002950,Esi_0096_0016,D7G981,CBJ28208.1
Ec-13_002960,Esi_0096_0017,D7G982,CBJ28209.1
Ec-13_002970,Esi_0096_0018,D7G983,CBJ28210.1
Ec-13_002980,Esi_0096_0019,D7G984,CBJ28211.1
,Esi_0096_0024,D7G985,CBJ28212.1
Ec-13_002990,Esi_0096_0025,D7G986,CBJ28213.1
Ec-13_003000,Esi_0096_0026,D7G950,CBJ28214.1
Ec-13_003010,Esi_0096_0027,D7G951,CBJ28215.1
,Esi_0096_0028,D7G952,CBJ28216.1
Ec-13_003020,Esi_0096_0029,D7G953,CBJ28217.1
Ec-13_003030,Esi_0096_0030,D7G954,CBJ28218.1
Ec-13_003040,Esi_0096_0031,D7G955,CBJ28219.1
Ec-13_003050,Esi_0096_0032,D7G956,CBJ28220.1
Ec-13_003060,Esi_0096_0033,D7G957,CBJ28221.1
Ec-13_003080,Esi_0096_0039,D7G958,CBJ28222.1
Ec-13_003090,Esi_0096_0040,D7G959,CBJ28223.1
Ec-13_003120,Esi_0096_0043,D7G960,CBJ28224.1
Ec-13_003170,Esi_0096_0059,D7G961,CBJ28225.1
Ec-13_003180,Esi_0096_0063,D7G962,CBJ28226.1
Ec-13_003220,Esi_0096_0067,D7G963,CBJ28227.1
Ec-13_003230,Esi_0096_0068,D7G964,CBJ28228.1
Ec-13_003240,Esi_0096_0070,D7G965,CBJ28229.1
Ec-13_003250,Esi_0096_0071,D7G966,CBJ28230.1
Ec-13_003260,Esi_0096_0073,D7G967,CBJ28231.1
Ec-13_003290,Esi_0096_0074,D7G968,CBJ28232.1
Ec-13_003330,Esi_0096_0082,D7G969,CBJ28233.1
Ec-13_003340,Esi_0096_0083,D7G970,CBJ28234.1
Ec-13_003350,Esi_0096_0087,D7G971,CBJ28235.1
Ec-13_003360,Esi_0096_0088,D7G972,CBJ28236.1
Ec-13_003370,Esi_0096_0089,D7G973,CBJ28237.1
Ec-13_002860,Esi_0096_0117,,
Ec-13_003070,Esi_0096_0118,,
Ec-13_003100,Esi_0096_0119,,
Ec-13_003110,Esi_0096_0120,,
Ec-13_003130,Esi_0096_0121,,
Ec-13_003140,Esi_0096_0122,,
Ec-13_003150,Esi_0096_0123,,
Ec-13_003160,Esi_0096_0124,,
Ec-13_003190,Esi_0096_0125,,
Ec-13_002880,Esi_0096_0126,,
Ec-13_003200,Esi_0096_0127,,
Ec-13_003210,Esi_0096_0128,,
Ec-13_003270,Esi_0096_0129,,
Ec-13_003280,Esi_0096_0130,,
Ec-13_003300,Esi_0096_0131,,
Ec-13_003310,Esi_0096_0132,,
Ec-13_003320,Esi_0096_0133,,
Ec-03_004150,Esi_0097_0002,D7G995,CBJ28238.1
Ec-03_004160,Esi_0097_0003,D7G996,CBJ28239.1
Ec-03_004170,Esi_0097_0005,D7G997,CBJ28240.1
Ec-03_004180,Esi_0097_0006,D7G998,CBJ28241.1
Ec-03_004190,Esi_0097_0008,D7G999,CBJ28242.1
Ec-03_004210,Esi_0097_0009,D7G9A0,CBJ28243.1
Ec-03_004230,Esi_0097_0013,D7G9A1,CBJ28244.1
Ec-03_004240,Esi_0097_0016,D7G9A2,CBJ28245.1
Ec-03_004250,Esi_0097_0017,D7G9A3,CBJ28246.1
Ec-03_004260,Esi_0097_0020,D7G9A4,CBJ28247.1
Ec-03_004270,Esi_0097_0021,D7G9A5,CBJ28248.1
Ec-03_004280,Esi_0097_0024,D7G9A6,CBJ28249.1
Ec-03_004290,Esi_0097_0025,D7G9A7,CBJ28250.1
,Esi_0097_0028,D7G9A8,CBJ28251.1
Ec-03_004300,Esi_0097_0029,D7G9A9,CBJ28252.1
Ec-03_004310,Esi_0097_0031,D7G9B0,CBJ28253.1
Ec-03_004330,Esi_0097_0033,D7G9B1,CBJ28254.1
Ec-03_004340,Esi_0097_0037,D7G9B2,CBJ28255.1
Ec-03_004350,Esi_0097_0044,D7G9B3,CBJ28256.1
Ec-03_004360,Esi_0097_0046,D7G9B4,CBJ28257.1
Ec-03_004370,Esi_0097_0050,D7G9B5,CBJ28258.1
Ec-03_004380,Esi_0097_0051,D7G9B6,CBJ28259.1
Ec-03_004390,Esi_0097_0054,D7G9B7,CBJ28260.1
Ec-03_004400,Esi_0097_0055,D7G9B8,CBJ28261.1
Ec-03_004420,Esi_0097_0063,D7G9B9,CBJ28262.1
Ec-03_004430,Esi_0097_0064,D7G9C0,CBJ28263.1
Ec-03_004440,Esi_0097_0065,D7G9C1,CBJ28264.1
Ec-03_004450,Esi_0097_0069,D7G9C2,CBJ28265.1
,Esi_0097_0072,D7G9C3,CBJ28266.1
Ec-03_004460,Esi_0097_0073,D7G9C4,CBJ28267.1
Ec-03_004470,Esi_0097_0074,D7G9C5,CBJ28268.1
Ec-03_004480,Esi_0097_0075,D7G9C6,CBJ28269.1
Ec-03_004490,Esi_0097_0076,D7G9C7,CBJ28270.1
Ec-03_004500,Esi_0097_0078,D7G9C8,CBJ28271.1
Ec-03_004200,Esi_0097_0093,,
Ec-03_004220,Esi_0097_0094,,
Ec-03_004320,Esi_0097_0095,,
Ec-03_004410,Esi_0097_0096,,
Ec-03_004510,Esi_0097_0097,,
Ec-28_000480,Esi_0098_0001,D7G9D2,CBJ28272.1
Ec-28_000490,Esi_0098_0002,D7G9D3,CBJ28273.1
Ec-28_000500,Esi_0098_0003,D7G9D4,CBJ28274.1
Ec-28_000510,Esi_0098_0005,D7G9D5,CBJ28275.1
Ec-28_000520,Esi_0098_0007,D7G9D6,CBJ28276.1
Ec-28_000530,Esi_0098_0008,D7G9D7,CBJ28277.1
Ec-28_000540,Esi_0098_0010,D7G9D8,CBJ28278.1
Ec-28_000550,Esi_0098_0011,D7G9D9,CBJ28279.1
Ec-28_000560,Esi_0098_0012,D7G9E0,CBJ28280.1
Ec-28_000570,Esi_0098_0013,D7G9E1,CBJ28281.1
Ec-28_000580,Esi_0098_0014,D7G9E2,CBJ28282.1
Ec-28_000600,Esi_0098_0016,D7G9E3,CBJ28283.1
Ec-28_000610,Esi_0098_0017,D7G9E4,CBJ28284.1
Ec-28_000650,Esi_0098_0019,D7G9E5,CBJ28285.1
Ec-28_000660,Esi_0098_0020,D7G9E6,CBJ28286.1
Ec-28_000670,Esi_0098_0021,D7G9E7,CBJ28287.1
Ec-28_000680,Esi_0098_0022,D7G9E8,CBJ28288.1
Ec-28_000690,Esi_0098_0023,D7G9E9,CBJ28289.1
Ec-28_000700,Esi_0098_0026,D7G9F0,CBJ28290.1
Ec-28_000710,Esi_0098_0027,D7G9F1,CBJ28291.1
,Esi_0098_0029,D7G9F2,CBJ28292.1
Ec-28_000720,Esi_0098_0030,D7G9F3,CBJ28293.1
Ec-28_000730,Esi_0098_0033,D7G9F4,CBJ28294.1
Ec-28_000740,Esi_0098_0036,D7G9F5,CBJ28295.1
Ec-28_000750,Esi_0098_0037,D7G9F6,CBJ28296.1
Ec-28_000760,Esi_0098_0039,D7G9F7,CBJ28297.1
Ec-28_000770,Esi_0098_0041,D7G9F8,CBJ28298.1
Ec-28_000790,Esi_0098_0043,D7G9F9,CBJ28299.1
Ec-28_000800,Esi_0098_0044,D7G9G0,CBJ28300.1
,Esi_0098_0045,D7G9G1,CBJ28301.1
,Esi_0098_0047,D7G9G2,CBJ28302.1
Ec-28_000810,Esi_0098_0048,D7G9G3,CBJ28303.1
Ec-28_000820,Esi_0098_0050,D7G9G4,CBJ28304.1
Ec-28_000830,Esi_0098_0052,D7G9G5,CBJ28305.1
Ec-28_000840,Esi_0098_0054,D7G9G6,CBJ28306.1
Ec-28_000850,Esi_0098_0055,D7G9G7,CBJ28307.1
Ec-28_000860,Esi_0098_0056,D7G9G8,CBJ28308.1
Ec-28_000870,Esi_0098_0059,D7G9G9,CBJ28309.1
,Esi_0098_0062,D7G9H0,CBJ28310.1
,Esi_0098_0063,D7G9H1,CBJ28311.1
Ec-28_000890,Esi_0098_0065,D7G9H2,CBJ28312.1
Ec-28_000910,Esi_0098_0066,D7G9H3,CBJ28313.1
Ec-28_000930,Esi_0098_0067,D7G9H4,CBJ28314.1
Ec-28_000940,Esi_0098_0068,D7G9H5,CBJ28315.1
Ec-28_000950,Esi_0098_0070,D7G9H6,CBJ28316.1
Ec-28_000960,Esi_0098_0071,D7G9H7,CBJ28317.1
Ec-28_000970,Esi_0098_0074,D7G9H8,CBJ28318.1
Ec-28_000990,Esi_0098_0077,D7G9H9,CBJ28319.1
Ec-28_001000,Esi_0098_0078,D7G9I0,CBJ28320.1
Ec-28_001010,Esi_0098_0079,D7G9I1,CBJ28321.1
Ec-28_001030,Esi_0098_0081,D7G9I2,CBJ28322.1
Ec-28_001040,Esi_0098_0083,D7G9I3,CBJ28323.1
Ec-28_000620,Esi_0098_0087,,
Ec-28_000630,Esi_0098_0088,,
Ec-28_000640,Esi_0098_0089,,
Ec-28_000780,Esi_0098_0090,,
Ec-28_000920,Esi_0098_0091,,
Ec-28_000590,Esi_0098_0092,,
Ec-28_000880,Esi_0098_0093,,
Ec-28_000900,Esi_0098_0094,,
Ec-28_000980,Esi_0098_0095,,
Ec-28_001020,Esi_0098_0096,,
Ec-14_003970,Esi_0099_0001,D8LU79,CBN75420.1
,Esi_0099_0002,D8LU80,CBN75421.1
Ec-14_003980,Esi_0099_0003,D8LU81,CBN75422.1
Ec-14_003990,Esi_0099_0006,D8LU82,CBN75423.1
Ec-14_004000,Esi_0099_0007,D8LU83,CBN75424.1
Ec-14_004010,Esi_0099_0009,D8LU84,CBN75425.1
Ec-14_004060,Esi_0099_0012,D8LU85,CBN75426.1
,Esi_0099_0013,D8LU86,CBN75427.1
Ec-14_004070,Esi_0099_0014,D8LU87,CBN75428.1
Ec-14_004080,Esi_0099_0015,D8LU88,CBN75429.1
Ec-14_004090,Esi_0099_0017,D8LU89,CBN75430.1
Ec-14_004100,Esi_0099_0018,D8LU90,CBN75431.1
Ec-14_004110,Esi_0099_0020,D8LU91,CBN75432.1
Ec-14_004120,Esi_0099_0021,D8LU92,CBN75433.1
Ec-14_004150,Esi_0099_0029,D8LU93,CBN75434.1
Ec-14_004170,Esi_0099_0034,D8LU94,CBN75435.1
Ec-14_004180,Esi_0099_0035,D8LU95,CBN75436.1
Ec-14_004190,Esi_0099_0036,D8LU96,CBN75437.1
Ec-14_004200,Esi_0099_0037,D8LU97,CBN75438.1
Ec-14_004210,Esi_0099_0038,D8LU98,CBN75439.1
Ec-14_004220,Esi_0099_0040,D8LU99,CBN75440.1
Ec-14_004230,Esi_0099_0042,D8LUA0,CBN75441.1
Ec-14_004240,Esi_0099_0043,D8LUA1,CBN75442.1
Ec-14_004250,Esi_0099_0045,D8LUA2,CBN75443.1
Ec-14_004260,Esi_0099_0047,D8LUA3,CBN75444.1
Ec-14_004270,Esi_0099_0048,D8LUA4,CBN75445.1
Ec-14_004280,Esi_0099_0052,D8LUA5,CBN75446.1
Ec-14_004290,Esi_0099_0056,D8LUA6,CBN75447.1
Ec-14_004300,Esi_0099_0057,D8LUA7,CBN75448.1
Ec-14_004310,Esi_0099_0059,D8LUA8,CBN75449.1
Ec-14_004320,Esi_0099_0064,D8LUA9,CBN75450.1
Ec-14_004330,Esi_0099_0066,D8LUB0,CBN75451.1
,Esi_0099_0069,D8LUB1,CBN75452.1
Ec-14_004340,Esi_0099_0071,D8LUB2,CBN75453.1
Ec-14_004350,Esi_0099_0074,D8LUB3,CBN75454.1
Ec-14_004360,Esi_0099_0076,D8LUB4,CBN75455.1
Ec-14_004370,Esi_0099_0077,D8LUB5,CBN75456.1
Ec-14_004380,Esi_0099_0079,D8LUB6,CBN75457.1
Ec-14_004390,Esi_0099_0083,D8LUB7,CBN75458.1
Ec-14_004400,Esi_0099_0085,D8LUB8,CBN75459.1
Ec-14_004410,Esi_0099_0086,D8LUB9,CBN75460.1
Ec-14_004420,Esi_0099_0087,D8LUC0,CBN75461.1
,Esi_0099_0088,D8LUC1,CBN75462.1
Ec-14_004430,Esi_0099_0089,D8LUC2,CBN75463.1
Ec-14_004440,Esi_0099_0090,D8LUC3,CBN75464.1
Ec-14_004450,Esi_0099_0091,D8LUC4,CBN75465.1
Ec-14_004460,Esi_0099_0092,D8LUC5,CBN75466.1
Ec-14_004470,Esi_0099_0093,D8LUC6,CBN75467.1
Ec-14_004480,Esi_0099_0095,D8LUC7,CBN75468.1
Ec-14_004490,Esi_0099_0097,D8LUC8,CBN75469.1
Ec-14_004500,Esi_0099_0098,D8LUC9,CBN75470.1
Ec-14_004510,Esi_0099_0100,D8LUD0,CBN75471.1
Ec-14_004520,Esi_0099_0101,D8LUD1,CBN75472.1
Ec-14_004530,Esi_0099_0103,D8LUD2,CBN75473.1
Ec-14_004540,Esi_0099_0105,D8LUD3,CBN75474.1
Ec-14_004020,Esi_0099_0116,,
Ec-14_004130,Esi_0099_0117,,
Ec-14_004140,Esi_0099_0118,,
Ec-14_004160,Esi_0099_0119,,
Ec-14_004030,Esi_0099_0120,,
Ec-14_004040,Esi_0099_0121,,
Ec-14_004050,Esi_0099_0122,,
,Esi_0100_0002,D7FZU4,CBN78121.1
Ec-14_005700,Esi_0100_0004,D8LC86,CBN78122.1
Ec-14_005690,Esi_0100_0011,D8LC87,CBN78123.1
Ec-14_005680,Esi_0100_0017,D8LC88,CBN78124.1
Ec-14_005670,Esi_0100_0019,D8LC89,CBN78125.1
Ec-14_005660,Esi_0100_0020,D8LC90,CBN78126.1
Ec-14_005650,Esi_0100_0021,D8LC91,CBN78127.1
Ec-14_005640,Esi_0100_0022,D8LC92,CBN78128.1
Ec-14_005630,Esi_0100_0023,D8LC93,CBN78129.1
Ec-14_005610,Esi_0100_0024,D8LC94,CBN78130.1
Ec-14_005600,Esi_0100_0031,D8LC95,CBN78131.1
Ec-14_005580,Esi_0100_0032,D8LC96,CBN78132.1
Ec-14_005570,Esi_0100_0033,D8LC97,CBN78133.1
Ec-14_005560,Esi_0100_0034,D8LC98,CBN78134.1
Ec-14_005540,Esi_0100_0036,D8LC99,CBN78135.1
Ec-14_005530,Esi_0100_0037,D8LCA0,CBN78136.1
Ec-14_005520,Esi_0100_0040,D8LCA1,CBN78137.1
Ec-14_005510,Esi_0100_0041,D8LCA2,CBN78138.1
Ec-14_005500,Esi_0100_0042,D8LCA3,CBN78139.1
Ec-14_005490,Esi_0100_0043,D8LCA4,CBN78140.1
Ec-14_005480,Esi_0100_0044,D8LCA5,CBN78141.1
Ec-14_005470,Esi_0100_0046,D8LCA6,CBN78142.1
Ec-14_005460,Esi_0100_0048,D8LCA7,CBN78143.1
Ec-14_005450,Esi_0100_0050,D8LCA8,CBN78144.1
Ec-14_005440,Esi_0100_0051,D8LCA9,CBN78145.1
Ec-14_005430,Esi_0100_0052,D8LCB0,CBN78146.1
Ec-14_005410,Esi_0100_0062,D8LCB1,CBN78147.1
Ec-14_005400,Esi_0100_0065,D8LCB2,CBN78148.1
Ec-14_005390,Esi_0100_0066,D8LCB3,CBN78149.1
Ec-14_005380,Esi_0100_0067,D8LCB4,CBN78150.1
Ec-14_005370,Esi_0100_0068,D8LCB5,CBN78151.1
Ec-14_005360,Esi_0100_0069,D8LCB6,CBN78152.1
Ec-14_005350,Esi_0100_0070,D8LCB7,CBN78153.1
Ec-14_005340,Esi_0100_0071,D8LCB8,CBN78154.1
Ec-14_005330,Esi_0100_0072,D8LCB9,CBN78155.1
Ec-14_005320,Esi_0100_0073,D8LCC0,CBN78156.1
Ec-14_005310,Esi_0100_0076,D8LCC1,CBN78157.1
Ec-14_005300,Esi_0100_0078,D8LCC2,CBN78158.1
Ec-14_005290,Esi_0100_0082,D8LCC3,CBN78159.1
Ec-14_005270,Esi_0100_0083,D8LCC5,CBN78161.1
Ec-14_005260,Esi_0100_0085,D8LCC6,CBN78162.1
Ec-14_005250,Esi_0100_0092,D8LCC7,CBN78163.1
Ec-14_005230,Esi_0100_0094,D8LCC8,CBN78164.1
Ec-14_005220,Esi_0100_0095,D8LCC9,CBN78165.1
Ec-14_005210,Esi_0100_0096,D8LCD0,CBN78166.1
Ec-14_005200,Esi_0100_0097,D8LCD1,CBN78167.1
Ec-14_005190,Esi_0100_0098,D8LCD2,CBN78168.1
Ec-14_005180,Esi_0100_0099,D8LCD3,CBN78169.2
Ec-14_005170,Esi_0100_0100,D8LCD4,CBN78170.1
Ec-14_005140,Esi_0100_0102,D8LCD5,CBN78171.1
Ec-14_005280,Esi_0100_0110,D8LCC4,CBN78160.1
Ec-14_005620,Esi_0100_0112,,
Ec-14_005590,Esi_0100_0113,,
Ec-14_005550,Esi_0100_0114,,
Ec-14_005420,Esi_0100_0115,,
Ec-14_005240,Esi_0100_0116,,
Ec-14_005160,Esi_0100_0117,,
Ec-14_005150,Esi_0100_0118,,
Ec-04_001320,Esi_0101_0002,D7FGP8,CBJ28324.1
Ec-04_001310,Esi_0101_0004,D7FGP9,CBJ28325.1
Ec-04_001300,Esi_0101_0005,D7FGQ0,CBJ28326.1
Ec-04_001290,Esi_0101_0011,D7FGQ1,CBJ28327.1
,Esi_0101_0012,D7FGQ2,CBJ28328.1
Ec-04_001280,Esi_0101_0015,D7FGQ3,CBJ28329.1
Ec-04_001270,Esi_0101_0017,D7FGQ4,CBJ28330.1
Ec-04_001260,Esi_0101_0018,D7FGQ5,CBJ28331.1
Ec-04_001250,Esi_0101_0019,D7FGQ6,CBJ28332.1
Ec-04_001240,Esi_0101_0020,D7FGQ7,CBJ28333.1
Ec-04_001220,Esi_0101_0023,D7FGQ8,CBJ28334.1
Ec-04_001210,Esi_0101_0025,D7FGQ9,CBJ28335.1
Ec-04_001200,Esi_0101_0027,D7FGR0,CBJ28336.1
Ec-04_001190,Esi_0101_0028,D7FGR1,CBJ28337.1
Ec-04_001180,Esi_0101_0029,D7FGR2,CBJ28338.1
Ec-04_001170,Esi_0101_0030,D7FGR3,CBJ28339.1
,Esi_0101_0035,D7FGR4,CBJ28340.1
Ec-04_001150,Esi_0101_0036,D7FGR5,CBJ28341.1
Ec-04_001140,Esi_0101_0041,D7FGR6,CBJ28342.1
Ec-04_001130,Esi_0101_0043,D7FGR7,CBJ28343.1
Ec-04_001120,Esi_0101_0046,D7FGR8,CBJ28344.1
Ec-04_001110,Esi_0101_0047,D7FGR9,CBJ28345.1
Ec-04_001100,Esi_0101_0049,D7FGS0,CBJ28346.1
Ec-04_001090,Esi_0101_0052,D7FGS1,CBJ28347.1
Ec-04_001080,Esi_0101_0054,D7FGS2,CBJ28348.1
Ec-04_001070,Esi_0101_0056,D7FGS3,CBJ28349.1
Ec-04_001060,Esi_0101_0062,D7FGS4,CBJ28350.1
Ec-04_001050,Esi_0101_0064,D7FGS5,CBJ28351.1
Ec-04_001040,Esi_0101_0065,D7FGS6,CBJ28352.1
Ec-04_001030,Esi_0101_0066,D7FGS7,CBJ28353.1
Ec-04_001020,Esi_0101_0069,D7FGS8,CBJ28354.1
Ec-04_001010,Esi_0101_0070,D7FGS9,CBJ28355.1
Ec-04_001000,Esi_0101_0072,D7FGT0,CBJ28356.1
Ec-04_000980,Esi_0101_0077,D7FGT1,CBJ28357.1
Ec-04_000970,Esi_0101_0081,D7FGT2,CBJ28358.1
Ec-04_000950,Esi_0101_0083,D7FGT3,CBJ28359.1
Ec-04_000940,Esi_0101_0089,D7FGT4,CBJ28360.1
Ec-04_000930,Esi_0101_0090,D7FGT5,CBJ28361.1
Ec-04_000920,Esi_0101_0091,D7FGT6,CBJ28362.1
Ec-04_000910,Esi_0101_0092,D7FGT7,CBJ28363.1
Ec-04_000900,Esi_0101_0095,D7FGT8,CBJ28364.1
Ec-04_000890,Esi_0101_0100,D7FGT9,CBJ28365.1
Ec-04_001160,Esi_0101_0105,,
Ec-04_001230,Esi_0101_0106,,
Ec-04_000990,Esi_0101_0107,,
Ec-04_000960,Esi_0101_0108,,
Ec-11_000660,Esi_0102_0001,D7FGU2,CBJ48931.1
Ec-11_000670,Esi_0102_0002,D7FGU3,CBJ48932.1
Ec-11_000680,Esi_0102_0008,D7FGU4,CBJ48933.1
Ec-11_000700,Esi_0102_0011,D7FGU5,CBJ48934.1
Ec-11_000710,Esi_0102_0013,D7FGU6,CBJ48935.1
Ec-11_000720,Esi_0102_0018,D7FGU7,CBJ48936.1
Ec-11_000730,Esi_0102_0019,D7FGU8,CBJ48937.1
Ec-11_000740,Esi_0102_0020,D7FGU9,CBJ48938.1
Ec-11_000750,Esi_0102_0023,D7FGV0,CBJ48939.1
Ec-11_000760,Esi_0102_0024,D7FGV1,CBJ48940.1
Ec-11_000770,Esi_0102_0025,D7FGV2,CBJ48941.1
Ec-11_000780,Esi_0102_0026,D7FGV3,CBJ48942.1
Ec-11_000790,Esi_0102_0029,D7FGV4,CBJ48943.1
Ec-11_000800,Esi_0102_0031,D7FGV5,CBJ48944.1
Ec-11_000810,Esi_0102_0032,D7FGV6,CBJ48945.1
Ec-11_000820,Esi_0102_0033,D7FGV7,CBJ48946.1
Ec-11_000830,Esi_0102_0035,D7FGV8,CBJ48947.1
Ec-11_000840,Esi_0102_0037,D7FGV9,CBJ48948.1
Ec-11_000850,Esi_0102_0039,D7FGW0,CBJ48949.1
Ec-11_000860,Esi_0102_0040,D7FGW1,CBJ48950.1
Ec-11_000870,Esi_0102_0041,D7FGW2,CBJ48951.1
Ec-11_000880,Esi_0102_0044,D7FGW3,CBJ48952.1
Ec-11_000890,Esi_0102_0045,D7FGW4,CBJ48953.1
Ec-11_000900,Esi_0102_0048,D7FGW5,CBJ48954.1
Ec-11_000910,Esi_0102_0049,D7FGW6,CBJ48955.1
,Esi_0102_0050,D7FGW7,CBJ48956.1
Ec-11_000920,Esi_0102_0052,D7FGW8,CBJ48957.1
Ec-11_000930,Esi_0102_0054,D7FGW9,CBJ48958.1
Ec-11_000940,Esi_0102_0055,D7FGX0,CBJ48959.1
Ec-11_000950,Esi_0102_0056,D7FGX1,CBJ48960.1
Ec-11_000960,Esi_0102_0065,D7FGX2,CBJ48961.1
Ec-11_000970,Esi_0102_0069,D7FGX3,CBJ48962.1
Ec-11_000980,Esi_0102_0070,D7FGX4,CBJ48963.1
Ec-11_000990,Esi_0102_0071,D7FGX5,CBJ48964.1
Ec-11_001000,Esi_0102_0072,D7FGX6,CBJ48965.1
Ec-11_001010,Esi_0102_0075,D7FGX7,CBJ48966.1
Ec-11_001020,Esi_0102_0077,D7FGX8,CBJ48967.1
Ec-11_001030,Esi_0102_0078,D7FGX9,CBJ48968.1
Ec-11_001050,Esi_0102_0080,D7FGY0,CBJ48969.1
Ec-11_001070,Esi_0102_0081,D7FGY1,CBJ48970.1
Ec-11_001090,Esi_0102_0084,D7FGY2,CBJ48971.1
Ec-11_001100,Esi_0102_0087,,
Ec-11_001040,Esi_0102_0093,,
Ec-11_001060,Esi_0102_0094,,
Ec-11_001080,Esi_0102_0095,,
Ec-11_000690,Esi_0102_0096,,
Ec-26_004580,Esi_0103_0001,D8LCD6,CBN78172.1
Ec-26_004590,Esi_0103_0003,D8LCD7,CBN78173.1
Ec-26_004600,Esi_0103_0004,D8LCD8,CBN78174.1
Ec-26_004620,Esi_0103_0005,D8LCD9,CBN78175.1
Ec-26_004630,Esi_0103_0010,D8LCE0,CBN78176.1
Ec-26_004630,Esi_0103_0011,D8LCE1,CBN78177.1
Ec-26_004670,Esi_0103_0012,D8LCE2,CBN78178.1
Ec-26_004680,Esi_0103_0013,D8LCE3,CBN78179.1
Ec-26_004690,Esi_0103_0014,D8LCE4,CBN78180.1
Ec-26_004700,Esi_0103_0015,D8LCE5,CBN78181.2
Ec-26_004710,Esi_0103_0018,D8LCE6,CBN78182.1
Ec-26_004720,Esi_0103_0021,D8LCE7,CBN78183.1
Ec-26_004730,Esi_0103_0023,D8LCE8,CBN78184.1
Ec-26_004740,Esi_0103_0024,D8LCE9,CBN78185.1
Ec-26_004750,Esi_0103_0025,D8LCF0,CBN78186.1
Ec-26_004760,Esi_0103_0026,D8LCF1,CBN78187.1
Ec-26_004770,Esi_0103_0027,D8LCF2,CBN78188.1
Ec-26_004780,Esi_0103_0028,D8LCF3,CBN78189.1
Ec-26_004810,Esi_0103_0030,D8LCF4,CBN78190.1
Ec-26_004820,Esi_0103_0033,D8LCF5,CBN78191.1
Ec-26_004830,Esi_0103_0037,D8LCF6,CBN78192.1
Ec-26_004840,Esi_0103_0038,D8LCF7,CBN78193.1
Ec-26_004850,Esi_0103_0040,D8LCF8,CBN78194.1
,Esi_0103_0042,D8LCF9,CBN78195.1
Ec-26_004870,Esi_0103_0043,D8LCG0,CBN78196.1
Ec-26_004880,Esi_0103_0045,D8LCG1,CBN78197.1
Ec-26_004890,Esi_0103_0048,D8LCG2,CBN78198.1
Ec-26_004930,Esi_0103_0056,D8LCG3,CBN78199.1
Ec-26_004950,Esi_0103_0059,D8LCG4,CBN78200.1
Ec-26_004960,Esi_0103_0060,D8LCG5,CBN78201.1
Ec-26_004970,Esi_0103_0061,D8LCG6,CBN78202.1
Ec-26_004980,Esi_0103_0062,D8LCG7,CBN78203.1
Ec-26_005000,Esi_0103_0064,D8LCG8,CBN78204.1
Ec-26_005010,Esi_0103_0065,D8LCG9,CBN78205.1
Ec-26_005020,Esi_0103_0066,D8LCH0,CBN78206.1
Ec-26_005030,Esi_0103_0067,D8LCH1,CBN78207.1
Ec-26_005040,Esi_0103_0069,D8LCH2,CBN78208.1
Ec-26_005050,Esi_0103_0070,D8LCH3,CBN78209.1
Ec-26_005060,Esi_0103_0072,D8LCH4,CBN78210.1
Ec-26_005070,Esi_0103_0074,D8LCH5,CBN78211.1
Ec-26_005090,Esi_0103_0075,D8LCH6,CBN78212.1
Ec-26_005100,Esi_0103_0077,D8LCH7,CBN78213.1
Ec-26_005110,Esi_0103_0078,D8LCH8,CBN78214.1
Ec-26_005120,Esi_0103_0079,D8LCH9,CBN78215.1
,Esi_0103_0080,D8LCI0,CBN78216.1
,Esi_0103_0082,D8LCI1,CBN78217.1
Ec-26_005130,Esi_0103_0083,D8LCI2,CBN78218.1
Ec-26_005140,Esi_0103_0085,D8LCI3,CBN78219.1
Ec-26_005150,Esi_0103_0086,D8LCI4,CBN78220.1
Ec-26_005160,Esi_0103_0088,D8LCI5,CBN78221.1
Ec-26_004990,Esi_0103_0107,,
Ec-26_004610,Esi_0103_0108,,
Ec-26_004640,Esi_0103_0109,,
Ec-26_004650,Esi_0103_0110,,
Ec-26_004660,Esi_0103_0111,,
Ec-26_004790,Esi_0103_0112,,
Ec-26_004800,Esi_0103_0113,,
Ec-26_004860,Esi_0103_0114,,
Ec-26_004900,Esi_0103_0115,,
Ec-26_004910,Esi_0103_0116,,
Ec-26_004920,Esi_0103_0117,,
Ec-26_004940,Esi_0103_0118,,
Ec-26_005080,Esi_0103_0119,,
Ec-26_002820,Esi_0104_0001,D7FGY8,CBJ28366.1
Ec-26_002830,Esi_0104_0002,D7FGY9,CBJ28367.1
Ec-26_002840,Esi_0104_0004,D7FGZ0,CBJ28368.1
Ec-26_002850,Esi_0104_0006,D7FGZ1,CBJ28369.1
Ec-26_002860,Esi_0104_0007,D7FGZ2,CBJ28370.1
Ec-26_002870,Esi_0104_0008,D7FGZ3,CBJ28371.1
Ec-26_002880,Esi_0104_0009,D7FGZ4,CBJ28372.1
Ec-26_002890,Esi_0104_0010,D7FGZ5,CBJ28373.1
Ec-26_002900,Esi_0104_0013,D7FGZ6,CBJ28374.1
Ec-26_002910,Esi_0104_0015,D7FGZ7,CBJ28375.1
Ec-26_002920,Esi_0104_0019,D7FGZ8,CBJ28376.1
Ec-26_002930,Esi_0104_0020,D7FGZ9,CBJ28377.1
Ec-26_002950,Esi_0104_0023,D7FH00,CBJ28378.1
Ec-26_002960,Esi_0104_0026,D7FH01,CBJ28379.1
Ec-26_002970,Esi_0104_0032,D7FH02,CBJ28380.1
Ec-26_002980,Esi_0104_0036,D7FH03,CBJ28381.1
Ec-26_002990,Esi_0104_0037,D7FH04,CBJ28382.1
Ec-26_003000,Esi_0104_0038,D7FH05,CBJ28383.1
Ec-26_003010,Esi_0104_0039,D7FH06,CBJ28384.1
Ec-26_003020,Esi_0104_0040,D7FH07,CBJ28385.1
Ec-26_003030,Esi_0104_0041,D7FH08,CBJ28386.1
Ec-26_003040,Esi_0104_0042,D7FH09,CBJ28387.1
Ec-26_003050,Esi_0104_0044,D7FH10,CBJ28388.1
Ec-26_003060,Esi_0104_0047,D7FH11,CBJ28389.1
Ec-26_003100,Esi_0104_0052,D7FH13,CBJ28391.1
Ec-26_003110,Esi_0104_0053,D7FH14,CBJ28392.1
Ec-26_003120,Esi_0104_0055,D7FH15,CBJ28393.1
Ec-26_003140,Esi_0104_0059,D7FH16,CBJ28394.1
Ec-26_003150,Esi_0104_0061,D7FH17,CBJ28395.1
Ec-26_003160,Esi_0104_0062,D7FH18,CBJ28396.1
Ec-26_003170,Esi_0104_0065,D7FH19,CBJ28397.1
Ec-26_003180,Esi_0104_0066,D7FH20,CBJ28398.1
Ec-26_003200,Esi_0104_0070,D7FH21,CBJ28399.1
Ec-26_003210,Esi_0104_0071,D7FH22,CBJ28400.1
Ec-26_003220,Esi_0104_0072,D7FH23,CBJ28401.1
Ec-26_003230,Esi_0104_0073,D7FH24,CBJ28402.1
Ec-26_003240,Esi_0104_0074,D7FH25,CBJ28403.1
,Esi_0104_0075,D7FH26,CBJ28404.1
Ec-26_003260,Esi_0104_0077,D7FH27,CBJ28405.1
Ec-26_003270,Esi_0104_0079,D7FH28,CBJ28406.1
Ec-26_003280,Esi_0104_0080,D7FH29,CBJ28407.1
Ec-26_003290,Esi_0104_0081,D7FH30,CBJ28408.1
Ec-26_003300,Esi_0104_0083,D7FH31,CBJ28409.1
Ec-26_003310,Esi_0104_0086,D7FH32,CBJ28410.1
Ec-26_003080,Esi_0104_0093,D7FH12,CBJ28390.1
Ec-26_003070,Esi_0104_0097,,
Ec-26_003090,Esi_0104_0098,,
Ec-26_003320,Esi_0104_0099,,
Ec-26_003330,Esi_0104_0100,,
Ec-26_002940,Esi_0104_0101,,
Ec-26_003130,Esi_0104_0102,,
Ec-26_003190,Esi_0104_0103,,
Ec-26_003250,Esi_0104_0104,,
Ec-13_000630,Esi_0105_0001,D7FH36,CBJ28411.1
Ec-13_000640,Esi_0105_0002,D7FH37,CBJ28412.1
Ec-13_000660,Esi_0105_0006,D7FH38,CBJ28413.1
Ec-13_000690,Esi_0105_0008,D7FH39,CBJ28414.1
,Esi_0105_0010,D7FH40,CBJ28415.1
,Esi_0105_0012,D7FH41,CBJ28416.1
,Esi_0105_0015,D7FH42,CBJ28417.1
Ec-13_000710,Esi_0105_0017,D7FH43,CBJ28418.1
Ec-13_000720,Esi_0105_0021,D7FH44,CBJ28419.1
Ec-13_000730,Esi_0105_0023,D7FH45,CBJ28420.1
Ec-13_000740,Esi_0105_0024,D7FH46,CBJ28421.1
Ec-13_000750,Esi_0105_0025,D7FH47,CBJ28422.1
,Esi_0105_0027,D7FH48,CBJ28423.1
Ec-13_000760,Esi_0105_0028,D7FH49,CBJ28424.1
,Esi_0105_0036,D7FH50,CBJ28425.1
Ec-13_000790,Esi_0105_0038,D7FH51,CBJ28426.1
Ec-13_000810,Esi_0105_0039,D7FH52,CBJ28427.1
Ec-13_000820,Esi_0105_0040,D7FH53,CBJ28428.1
Ec-13_000830,Esi_0105_0041,D7FH54,CBJ28429.1
,Esi_0105_0043,D7FH55,CBJ28430.1
,Esi_0105_0044,D7FH56,CBJ28431.1
Ec-13_000840,Esi_0105_0045,D7FH57,CBJ28432.1
Ec-13_000850,Esi_0105_0047,D7FH58,CBJ28433.1
Ec-13_000880,Esi_0105_0048,D7FH59,CBJ28434.1
Ec-13_000890,Esi_0105_0049,D7FH60,CBJ28435.1
Ec-13_000900,Esi_0105_0050,D7FH61,CBJ28436.1
Ec-13_000910,Esi_0105_0052,D7FH62,CBJ28437.1
Ec-13_000920,Esi_0105_0054,D7FH63,CBJ28438.1
Ec-13_000930,Esi_0105_0057,D7FH64,CBJ28439.1
Ec-13_000940,Esi_0105_0058,D7FH65,CBJ28440.1
Ec-13_000950,Esi_0105_0059,D7FH66,CBJ28441.1
Ec-13_000960,Esi_0105_0060,D7FH67,CBJ28442.1
Ec-13_000970,Esi_0105_0061,D7FH68,CBJ28443.1
Ec-13_000990,Esi_0105_0066,D7FH69,CBJ28444.1
Ec-13_001000,Esi_0105_0068,D7FH70,CBJ28445.1
Ec-13_001020,Esi_0105_0070,D7FH71,CBJ28446.1
Ec-13_000770,Esi_0105_0086,,
Ec-13_000800,Esi_0105_0087,,
Ec-13_000860,Esi_0105_0096,,
Ec-13_000870,Esi_0105_0097,,
Ec-13_000980,Esi_0105_0098,,
Ec-13_000780,Esi_0105_0099,,
Ec-13_000650,Esi_0105_0100,,
Ec-13_001010,Esi_0105_0101,,
Ec-13_001030,Esi_0105_0102,,
Ec-13_000670,Esi_0105_0103,,
Ec-13_000680,Esi_0105_0104,,
Ec-13_000700,Esi_0105_0105,,
Ec-13_004280,Esi_0106_0001,D7FH76,CBJ28447.1
Ec-13_004310,Esi_0106_0005,D7FH77,CBJ28448.1
Ec-13_004320,Esi_0106_0006,D7FH78,CBJ28449.1
Ec-13_004330,Esi_0106_0009,D7FH79,CBJ28450.1
Ec-13_004340,Esi_0106_0011,D7FH80,CBJ28451.1
,Esi_0106_0022,D7FH81,CBJ28452.1
Ec-13_004400,Esi_0106_0024,D7FH82,CBJ28453.1
Ec-13_004410,Esi_0106_0026,D7FH83,CBJ28454.1
Ec-13_004430,Esi_0106_0033,D7FH84,CBJ28455.1
Ec-13_004440,Esi_0106_0035,D7FH85,CBJ28456.1
Ec-13_004450,Esi_0106_0036,D7FH86,CBJ28457.1
Ec-13_004460,Esi_0106_0038,D7FH87,CBJ28458.1
Ec-13_004480,Esi_0106_0039,D7FH88,CBJ28459.1
Ec-13_004490,Esi_0106_0041,D7FH89,CBJ28460.1
Ec-13_004500,Esi_0106_0045,D7FH90,CBJ28461.1
,Esi_0106_0051,D7FH91,CBJ28462.1
Ec-13_004510,Esi_0106_0054,D7FH92,CBJ28463.1
Ec-13_004520,Esi_0106_0056,D7FH93,CBJ28464.1
Ec-13_004530,Esi_0106_0061,D7FH94,CBJ28465.1
Ec-13_004550,Esi_0106_0062,D7FH95,CBJ28466.1
,Esi_0106_0063,D7FH96,CBJ28467.1
Ec-13_004580,Esi_0106_0064,D7FH97,CBJ28468.1
Ec-13_004590,Esi_0106_0066,D7FH98,CBJ28469.1
,Esi_0106_0067,D7FH99,CBJ28470.1
Ec-13_004600,Esi_0106_0069,D7FHA0,CBJ28471.1
,Esi_0106_0071,D7FHA1,CBJ28472.1
Ec-13_004610,Esi_0106_0084,D7FHA2,CBJ28473.1
Ec-13_004620,Esi_0106_0087,D7FHA3,CBJ28474.1
Ec-13_004630,Esi_0106_0088,D7FHA4,CBJ28475.1
Ec-13_004360,Esi_0106_0097,,
Ec-13_004350,Esi_0106_0098,,
Ec-13_004570,Esi_0106_0099,,
Ec-13_004560,Esi_0106_0100,,
Ec-13_004370,Esi_0106_0101,,
Ec-13_004380,Esi_0106_0102,,
Ec-13_004390,Esi_0106_0103,,
Ec-13_004420,Esi_0106_0104,,
Ec-13_004470,Esi_0106_0105,,
Ec-13_004290,Esi_0106_0106,,
Ec-13_004540,Esi_0106_0107,,
Ec-13_004300,Esi_0106_0108,,
Ec-03_004140,Esi_0107_0003,D7FHA9,CBJ28476.1
Ec-03_004120,Esi_0107_0005,D7FHB0,CBJ28477.1
Ec-03_004110,Esi_0107_0007,D7FHB1,CBJ28478.1
Ec-03_004100,Esi_0107_0010,D7FHB2,CBJ28479.1
Ec-03_004090,Esi_0107_0013,D7FHB3,CBJ28480.1
Ec-03_004080,Esi_0107_0014,D7FHB4,CBJ28481.1
Ec-03_004070,Esi_0107_0015,D7FHB5,CBJ28482.1
Ec-03_004060,Esi_0107_0016,D7FHB6,CBJ28483.1
Ec-03_004050,Esi_0107_0017,D7FHB7,CBJ28484.1
Ec-03_004040,Esi_0107_0020,D7FHB8,CBJ28485.1
Ec-03_004030,Esi_0107_0021,D7FHB9,CBJ28486.1
Ec-03_004020,Esi_0107_0022,D7FHC0,CBJ28487.1
Ec-03_004010,Esi_0107_0026,D7FHC1,CBJ28488.1
Ec-03_004000,Esi_0107_0027,D7FHC2,CBJ28489.1
Ec-03_003990,Esi_0107_0028,D7FHC3,CBJ28490.1
,Esi_0107_0030,D7FHC4,CBJ28491.1
Ec-03_003980,Esi_0107_0032,D7FHC5,CBJ28492.1
,Esi_0107_0033,D7FHC6,CBJ28493.1
Ec-03_003970,Esi_0107_0035,D7FHC7,CBJ28494.1
Ec-03_003960,Esi_0107_0036,D7FHC8,CBJ28495.1
Ec-03_003950,Esi_0107_0038,D7FHC9,CBJ28496.1
Ec-03_003940,Esi_0107_0039,D7FHD0,CBJ28497.1
Ec-03_003930,Esi_0107_0040,D7FHD1,CBJ28498.1
Ec-03_003920,Esi_0107_0043,D7FHD2,CBJ28499.1
Ec-03_003900,Esi_0107_0052,D7FHD3,CBJ28500.1
Ec-03_003890,Esi_0107_0054,D7FHD4,CBJ28501.1
Ec-03_003870,Esi_0107_0056,D7FHD5,CBJ28502.1
Ec-03_003860,Esi_0107_0057,D7FHD6,CBJ28503.1
Ec-03_003850,Esi_0107_0059,D7FHD7,CBJ28504.1
Ec-03_003830,Esi_0107_0063,D7FHD8,CBJ28505.1
Ec-03_003820,Esi_0107_0066,D7FHD9,CBJ28506.1
Ec-03_003810,Esi_0107_0067,D7FHE0,CBJ28507.1
Ec-03_003800,Esi_0107_0068,D7FHE1,CBJ28508.1
Ec-03_003790,Esi_0107_0074,D7FHE2,CBJ28509.1
Ec-03_003780,Esi_0107_0075,D7FHE3,CBJ28510.1
Ec-03_003770,Esi_0107_0076,D7FHE4,CBJ28511.1
Ec-03_003760,Esi_0107_0077,D7FHE5,CBJ28512.1
Ec-03_004130,Esi_0107_0086,,
Ec-03_003910,Esi_0107_0087,,
Ec-03_003880,Esi_0107_0088,,
Ec-03_003840,Esi_0107_0089,,
Ec-25_002630,Esi_0108_0001,D7FHF1,CBJ28513.1
Ec-25_002620,Esi_0108_0002,D7FHF2,CBJ28514.1
Ec-25_002610,Esi_0108_0004,D7FHF3,CBJ28515.1
Ec-25_002600,Esi_0108_0008,D7FHF4,CBJ28516.1
Ec-25_002590,Esi_0108_0009,D7FHF5,CBJ28517.1
Ec-25_002580,Esi_0108_0010,D7FHF6,CBJ28518.1
Ec-25_002570,Esi_0108_0011,D7FHF7,CBJ28519.1
Ec-25_002560,Esi_0108_0014,D7FHF8,CBJ28520.1
Ec-25_002550,Esi_0108_0016,D7FHF9,CBJ28521.1
Ec-25_002540,Esi_0108_0018,D7FHG0,CBJ28522.1
Ec-25_002530,Esi_0108_0019,D7FHG1,CBJ28523.1
Ec-25_002520,Esi_0108_0021,D7FHG2,CBJ28524.1
Ec-25_002510,Esi_0108_0022,D7FHG3,CBJ28525.1
Ec-25_002500,Esi_0108_0024,D7FHG4,CBJ28526.1
Ec-25_002490,Esi_0108_0028,D7FHG5,CBJ28527.1
Ec-25_002480,Esi_0108_0030,D7FHG6,CBJ28528.1
Ec-25_002470,Esi_0108_0031,D7FHG7,CBJ28529.1
Ec-25_002460,Esi_0108_0037,D7FHG8,CBJ28530.1
Ec-25_002450,Esi_0108_0038,D7FHG9,CBJ28531.1
Ec-25_002440,Esi_0108_0039,D7FHH0,CBJ28532.1
Ec-25_002430,Esi_0108_0040,D7FHH1,CBJ28533.1
Ec-25_002420,Esi_0108_0044,D7FHH2,CBJ28534.1
Ec-25_002400,Esi_0108_0047,D7FHH3,CBJ28535.1
Ec-25_002380,Esi_0108_0050,D7FHH4,CBJ28536.1
Ec-25_002370,Esi_0108_0052,D7FHH5,CBJ28537.1
Ec-25_002350,Esi_0108_0056,D7FHH6,CBJ28538.1
Ec-25_002340,Esi_0108_0057,D7FHH7,CBJ28539.1
Ec-25_002320,Esi_0108_0061,D7FHH8,CBJ28540.1
Ec-25_002310,Esi_0108_0062,D7FHH9,CBJ28541.1
Ec-25_002300,Esi_0108_0063,D7FHI0,CBJ28542.1
Ec-25_002290,Esi_0108_0064,D7FHI1,CBJ28543.1
Ec-25_002270,Esi_0108_0065,D7FHI2,CBJ28544.1
Ec-25_002260,Esi_0108_0070,D7FHI3,CBJ28545.1
Ec-25_002250,Esi_0108_0072,D7FHI4,CBJ28546.1
Ec-25_002240,Esi_0108_0073,D7FHI5,CBJ28547.1
Ec-25_002230,Esi_0108_0074,D7FHI6,CBJ28548.1
Ec-25_002220,Esi_0108_0078,D7FHI7,CBJ28549.1
Ec-25_002210,Esi_0108_0084,D7FHI8,CBJ28550.1
Ec-25_002200,Esi_0108_0095,D7FHI9,CBJ28551.1
Ec-25_002190,Esi_0108_0096,D7FHJ0,CBJ28552.1
Ec-25_002180,Esi_0108_0097,D7FHJ1,CBJ28553.1
Ec-25_002170,Esi_0108_0100,D7FHJ2,CBJ28554.1
Ec-25_002160,Esi_0108_0101,D7FHJ3,CBJ28555.1
Ec-25_002150,Esi_0108_0102,D7FHJ4,CBJ28556.1
Ec-25_002140,Esi_0108_0105,D7FHJ5,CBJ28557.1
Ec-25_002130,Esi_0108_0106,D7FHJ6,CBJ28558.1
Ec-25_002280,Esi_0108_0119,,
Ec-25_002410,Esi_0108_0120,,
Ec-25_002390,Esi_0108_0121,,
Ec-25_002360,Esi_0108_0122,,
Ec-25_002330,Esi_0108_0123,,
Ec-24_004230,Esi_0109_0002,D7FHK2,CBJ28559.1
Ec-24_004220,Esi_0109_0004,D7FHK3,CBJ28560.1
,Esi_0109_0005,D7FHK4,CBJ28561.1
Ec-24_004210,Esi_0109_0006,D7FHK5,CBJ28562.1
Ec-24_004200,Esi_0109_0008,D7FHK6,CBJ28563.1
,Esi_0109_0010,D7FHK7,CBJ28564.1
Ec-24_004190,Esi_0109_0011,D7FHK8,CBJ28565.1
Ec-24_004180,Esi_0109_0012,D7FHK9,CBJ28566.1
,Esi_0109_0013,D7FHL0,CBJ28567.1
Ec-24_004170,Esi_0109_0017,D7FHL1,CBJ28568.1
Ec-24_004160,Esi_0109_0020,D7FHL2,CBJ28569.1
Ec-24_004150,Esi_0109_0022,D7FHL3,CBJ28570.1
Ec-24_004140,Esi_0109_0024,D7FHL4,CBJ28571.1
Ec-24_004130,Esi_0109_0036,D7FHL5,CBJ28572.1
Ec-24_004110,Esi_0109_0038,D7FHL6,CBJ28573.1
Ec-24_004100,Esi_0109_0039,D7FHL7,CBJ28574.1
Ec-24_004090,Esi_0109_0040,D7FHL8,CBJ28575.1
Ec-24_004050,Esi_0109_0044,D7FHL9,CBJ28576.1
Ec-24_004040,Esi_0109_0045,D7FHM0,CBJ28577.1
Ec-24_004030,Esi_0109_0047,D7FHM1,CBJ28578.1
Ec-24_004010,Esi_0109_0058,D7FHM2,CBJ28579.1
Ec-24_004000,Esi_0109_0060,D7FHM3,CBJ28580.1
Ec-24_003990,Esi_0109_0069,D7FHM4,CBJ28581.1
Ec-24_003970,Esi_0109_0070,D7FHM5,CBJ28582.1
Ec-24_003960,Esi_0109_0072,D7FHM6,CBJ28583.1
Ec-24_003950,Esi_0109_0075,D7FHM7,CBJ28584.1
Ec-24_003940,Esi_0109_0076,D7FHM8,CBJ28585.1
Ec-24_003930,Esi_0109_0080,D7FHM9,CBJ28586.1
Ec-24_003920,Esi_0109_0081,D7FHN0,CBJ28587.1
,Esi_0109_0083,D7FHN1,CBJ28588.1
,Esi_0109_0084,D7FHN2,CBJ28589.1
Ec-24_003910,Esi_0109_0085,D7FHN3,CBJ28590.1
Ec-24_003900,Esi_0109_0086,D7FHN4,CBJ28591.1
Ec-24_003890,Esi_0109_0087,D7FHN5,CBJ28592.1
Ec-24_003880,Esi_0109_0088,D7FHN6,CBJ28593.1
Ec-24_003870,Esi_0109_0089,D7FHN7,CBJ28594.1
Ec-24_003860,Esi_0109_0090,D7FHN8,CBJ28595.1
Ec-24_004070,Esi_0109_0099,,
Ec-24_004120,Esi_0109_0100,,
Ec-24_004080,Esi_0109_0101,,
Ec-24_004060,Esi_0109_0102,,
Ec-24_004020,Esi_0109_0103,,
Ec-24_003980,Esi_0109_0104,,
Ec-07_006180,Esi_0110_0001,D7FHP1,CBJ28596.1
Ec-07_006200,Esi_0110_0002,D7FHP2,CBJ28597.1
Ec-07_006210,Esi_0110_0003,D7FHP3,CBJ28598.1
Ec-07_006220,Esi_0110_0005,D7FHP4,CBJ28599.1
,Esi_0110_0010,D7FHP5,CBJ28600.1
,Esi_0110_0011,D7FHP6,CBJ28601.1
Ec-07_006230,Esi_0110_0012,D7FHP7,CBJ28602.1
Ec-07_006240,Esi_0110_0014,D7FHP8,CBJ28603.1
Ec-07_006260,Esi_0110_0017,D7FHP9,CBJ28604.1
Ec-07_006270,Esi_0110_0019,D7FHQ0,CBJ28605.1
,Esi_0110_0020,D7FHQ1,CBJ28606.1
Ec-07_006290,Esi_0110_0022,D7FHQ2,CBJ28607.1
Ec-07_006310,Esi_0110_0024,D7FHQ3,CBJ28608.1
Ec-07_006370,Esi_0110_0031,D7FHQ4,CBJ28609.1
Ec-07_006400,Esi_0110_0034,D7FHQ5,CBJ28610.1
Ec-07_006410,Esi_0110_0036,D7FHQ6,CBJ28611.1
Ec-07_006420,Esi_0110_0037,D7FHQ7,CBJ28612.1
Ec-07_006430,Esi_0110_0038,D7FHQ8,CBJ28613.1
Ec-07_006440,Esi_0110_0039,D7FHQ9,CBJ28614.1
Ec-07_006450,Esi_0110_0040,D7FHR0,CBJ28615.1
Ec-07_006460,Esi_0110_0041,D7FHR1,CBJ28616.1
Ec-07_006470,Esi_0110_0042,D7FHR2,CBJ28617.1
Ec-07_006480,Esi_0110_0043,D7FHR3,CBJ28618.1
Ec-07_006490,Esi_0110_0044,D7FHR4,CBJ28619.1
Ec-07_006500,Esi_0110_0046,D7FHR5,CBJ28620.1
Ec-07_006510,Esi_0110_0047,D7FHR6,CBJ28621.1
Ec-07_006520,Esi_0110_0056,D7FHR7,CBJ28622.1
Ec-07_006530,Esi_0110_0058,D7FHR8,CBJ28623.1
Ec-07_006540,Esi_0110_0059,D7FHR9,CBJ28624.1
Ec-07_006550,Esi_0110_0060,D7FHS0,CBJ28625.1
Ec-07_006560,Esi_0110_0061,D7FHS1,CBJ28626.1
Ec-07_006570,Esi_0110_0062,D7FHS2,CBJ28627.1
Ec-07_006580,Esi_0110_0065,D7FHS3,CBJ28628.1
Ec-07_006590,Esi_0110_0066,D7FHS4,CBJ28629.1
Ec-07_006610,Esi_0110_0067,D7FHS5,CBJ28630.1
Ec-07_006620,Esi_0110_0068,D7FHS6,CBJ28631.1
Ec-07_006630,Esi_0110_0069,D7FHS7,CBJ28632.1
Ec-07_006640,Esi_0110_0070,D7FHS8,CBJ28633.1
Ec-07_006650,Esi_0110_0074,D7FHS9,CBJ28634.1
Ec-07_006660,Esi_0110_0075,D7FHT0,CBJ28635.1
Ec-07_006670,Esi_0110_0079,D7FHT1,CBJ28636.1
Ec-07_006680,Esi_0110_0080,D7FHT2,CBJ28637.1
Ec-07_006690,Esi_0110_0082,D7FHT3,CBJ28638.1
Ec-07_006700,Esi_0110_0086,D7FHT4,CBJ28639.1
Ec-07_006720,Esi_0110_0088,D7FHT5,CBJ28640.1
Ec-07_006740,Esi_0110_0090,D7FHT6,CBJ28641.1
,Esi_0110_0091,D7FHT7,CBJ28642.1
Ec-07_006750,Esi_0110_0092,D7FHT8,CBJ28643.1
,Esi_0110_0094,D7FHT9,CBJ28644.1
Ec-07_006760,Esi_0110_0095,D7FHU0,CBJ28645.1
Ec-07_006780,Esi_0110_0096,D7FHU1,CBJ28646.1
Ec-07_006340,Esi_0110_0111,,
Ec-07_006770,Esi_0110_0112,,
Ec-07_006250,Esi_0110_0113,,
Ec-07_006280,Esi_0110_0114,,
Ec-07_006300,Esi_0110_0115,,
Ec-07_006320,Esi_0110_0116,,
Ec-07_006330,Esi_0110_0117,,
Ec-07_006350,Esi_0110_0118,,
Ec-07_006360,Esi_0110_0119,,
Ec-07_006380,Esi_0110_0120,,
Ec-07_006390,Esi_0110_0121,,
Ec-07_006190,Esi_0110_0122,,
Ec-07_006600,Esi_0110_0123,,
Ec-07_006710,Esi_0110_0124,,
Ec-07_006730,Esi_0110_0125,,
Ec-07_006790,Esi_0111_0001,D8LCT3,CBN75475.1
Ec-07_006800,Esi_0111_0004,D8LCT4,CBN75476.1
Ec-07_006830,Esi_0111_0005,D8LCT5,CBN75477.1
Ec-07_006840,Esi_0111_0009,D8LCT6,CBN75478.1
Ec-07_006850,Esi_0111_0011,D8LCT7,CBN75479.1
Ec-07_006860,Esi_0111_0012,D8LCT8,CBN75480.1
Ec-07_006870,Esi_0111_0013,D8LCT9,CBN75481.1
Ec-07_006880,Esi_0111_0014,D8LCU0,CBN75482.1
Ec-07_006900,Esi_0111_0015,D8LCU1,CBN75483.1
Ec-07_006910,Esi_0111_0016,D8LCU2,CBN75484.1
Ec-07_006920,Esi_0111_0020,D8LCU3,CBN75485.1
Ec-07_006930,Esi_0111_0021,D8LCU4,CBN75486.1
,Esi_0111_0023,D8LCU5,CBN75487.1
Ec-07_006940,Esi_0111_0024,D8LCU6,CBN75488.1
Ec-07_006950,Esi_0111_0026,D8LCU7,CBN75489.1
,Esi_0111_0031,D8LCU8,CBN75490.1
Ec-07_006970,Esi_0111_0035,D8LCU9,CBN75491.1
Ec-07_006980,Esi_0111_0038,D8LCV0,CBN75492.1
Ec-07_006990,Esi_0111_0042,D8LCV1,CBN75493.1
Ec-07_007020,Esi_0111_0044,D8LCV2,CBN75494.1
Ec-07_007040,Esi_0111_0048,D8LCV3,CBN75495.1
Ec-07_007050,Esi_0111_0052,D8LCV4,CBN75496.1
Ec-07_007060,Esi_0111_0053,D8LCV5,CBN75497.1
Ec-07_007070,Esi_0111_0055,D8LCV6,CBN75498.1
Ec-07_007080,Esi_0111_0058,D8LCV7,CBN75499.1
Ec-07_007090,Esi_0111_0059,D8LCV8,CBN75500.1
Ec-07_007100,Esi_0111_0060,D8LCV9,CBN75501.1
Ec-07_007110,Esi_0111_0065,D8LCW0,CBN75502.1
Ec-07_007120,Esi_0111_0066,D8LCW1,CBN75503.1
Ec-07_007130,Esi_0111_0069,D8LCW2,CBN75504.1
Ec-07_007140,Esi_0111_0071,D8LCW3,CBN75505.1
Ec-07_007150,Esi_0111_0073,D8LCW4,CBN75506.1
Ec-07_007160,Esi_0111_0075,D8LCW5,CBN75507.1
Ec-07_007180,Esi_0111_0077,D8LCW6,CBN75508.1
Ec-07_007190,Esi_0111_0079,D8LCW7,CBN75509.1
Ec-07_007200,Esi_0111_0082,D8LCW8,CBN75510.1
Ec-07_007210,Esi_0111_0085,D8LCW9,CBN75511.1
Ec-07_007220,Esi_0111_0086,D8LCX0,CBN75512.1
Ec-07_007230,Esi_0111_0087,D8LCX1,CBN75513.1
Ec-07_007240,Esi_0111_0088,D8LCX2,CBN75514.1
Ec-07_007250,Esi_0111_0090,D8LCX3,CBN75515.1
obsolete,Esi_0111_0092,D8LCX4,CBN75516.1
Ec-07_007260,Esi_0111_0095,D8LCX5,CBN75517.1
Ec-07_007000,Esi_0111_0109,,
Ec-07_007030,Esi_0111_0110,,
Ec-07_006890,Esi_0111_0111,,
Ec-07_006960,Esi_0111_0112,,
Ec-07_007010,Esi_0111_0113,,
Ec-07_006810,Esi_0111_0114,,
Ec-07_007170,Esi_0111_0115,,
Ec-07_006820,Esi_0111_0116,,
Ec-07_007270,Esi_0111_0117,,
Ec-01_001430,Esi_0112_0002,D8LCX6,CBN78343.1
Ec-01_001440,Esi_0112_0003,D8LCX7,CBN78344.1
Ec-01_001450,Esi_0112_0005,D8LCX8,CBN78345.1
Ec-01_001460,Esi_0112_0006,D8LCX9,CBN78346.1
Ec-01_001470,Esi_0112_0009,D8LCY0,CBN78347.1
Ec-01_001480,Esi_0112_0011,D8LCY1,CBN78348.1
Ec-01_001510,Esi_0112_0015,D8LCY2,CBN78349.1
Ec-01_001520,Esi_0112_0016,D8LCY3,CBN78350.1
Ec-01_001530,Esi_0112_0017,D8LCY4,CBN78351.1
Ec-01_001540,Esi_0112_0019,D8LCY5,CBN78352.2
Ec-01_001550,Esi_0112_0020,D8LCY6,CBN78353.1
Ec-01_001560,Esi_0112_0021,D8LCY7,CBN78354.1
Ec-01_001570,Esi_0112_0023,D8LCY8,CBN78355.1
Ec-01_001590,Esi_0112_0024,D8LCY9,CBN78356.1
Ec-01_001600,Esi_0112_0026,D8LCZ0,CBN78357.1
Ec-01_001610,Esi_0112_0027,D8LCZ1,CBN78358.1
Ec-01_001620,Esi_0112_0030,D8LCZ2,CBN78359.1
Ec-01_001630,Esi_0112_0031,D8LCZ3,CBN78360.1
Ec-01_001650,Esi_0112_0032,D8LCZ4,CBN78361.1
Ec-01_001660,Esi_0112_0034,D8LCZ5,CBN78362.1
Ec-01_001680,Esi_0112_0038,D8LCZ6,CBN78363.1
Ec-01_001690,Esi_0112_0039,D8LCZ7,CBN78364.1
Ec-01_001700,Esi_0112_0042,D8LCZ8,CBN78365.1
Ec-01_001710,Esi_0112_0043,D8LCZ9,CBN78366.1
Ec-01_001720,Esi_0112_0044,D8LD00,CBN78367.1
Ec-01_001730,Esi_0112_0045,D8LD01,CBN78368.1
Ec-01_001740,Esi_0112_0046,D8LD02,CBN78369.1
Ec-01_001750,Esi_0112_0047,D8LD03,CBN78370.1
Ec-01_001760,Esi_0112_0048,,
Ec-01_001780,Esi_0112_0056,D8LD05,CBN78372.1
Ec-01_001800,Esi_0112_0060,,
Ec-01_001810,Esi_0112_0062,D8LD07,CBN78374.1
Ec-01_001820,Esi_0112_0063,D8LD08,CBN78375.1
Ec-01_001840,Esi_0112_0068,D8LD09,CBN78376.1
Ec-01_001850,Esi_0112_0069,,
Ec-01_001860,Esi_0112_0073,D8LD11,CBN78378.1
Ec-01_001870,Esi_0112_0076,D8LD12,CBN78379.1
Ec-01_001880,Esi_0112_0077,D8LD13,CBN78380.1
Ec-01_001890,Esi_0112_0078,D8LD14,CBN78381.1
Ec-01_001900,Esi_0112_0079,D8LD15,CBN78382.1
Ec-01_001910,Esi_0112_0080,D8LD16,CBN78383.1
Ec-01_001920,Esi_0112_0081,D8LD17,CBN78384.1
Ec-01_001930,Esi_0112_0083,D8LD18,CBN78385.1
Ec-01_001940,Esi_0112_0084,D8LD19,CBN78386.1
Ec-01_001950,Esi_0112_0087,D8LD20,CBN78387.1
Ec-01_001670,Esi_0112_0099,,
Ec-01_001790,Esi_0112_0100,,
Ec-01_001500,Esi_0112_0101,,
Ec-01_001580,Esi_0112_0102,,
Ec-01_001640,Esi_0112_0103,,
Ec-01_001770,Esi_0112_0104,,
Ec-01_001830,Esi_0112_0105,,
Ec-01_001490,Esi_0112_0106,,
Ec-11_000100,Esi_0113_0001,D8LD21,CBN78388.1
Ec-11_000110,Esi_0113_0003,D8LD22,CBN78389.1
Ec-11_000120,Esi_0113_0004,D8LD23,CBN78390.1
Ec-11_000130,Esi_0113_0005,D8LD24,CBN78391.1
Ec-11_000140,Esi_0113_0006,D8LD25,CBN78392.1
Ec-11_000150,Esi_0113_0007,D8LD26,CBN78393.1
Ec-11_000170,Esi_0113_0010,D8LD27,CBN78394.1
Ec-11_000190,Esi_0113_0013,D8LD28,CBN78395.1
Ec-11_000210,Esi_0113_0014,D8LD29,CBN78396.1
Ec-11_000220,Esi_0113_0015,D8LD30,CBN78397.1
Ec-11_000240,Esi_0113_0017,D8LD31,CBN78398.1
Ec-11_000270,Esi_0113_0021,D8LD32,CBN78399.1
Ec-11_000280,Esi_0113_0023,D8LD33,CBN78400.1
Ec-11_000300,Esi_0113_0026,D8LD34,CBN78401.1
Ec-11_000310,Esi_0113_0034,D8LD35,CBN78402.1
Ec-11_000320,Esi_0113_0036,D8LD36,CBN78403.1
Ec-11_000330,Esi_0113_0038,D8LD37,CBN78404.1
Ec-11_000340,Esi_0113_0040,D8LD38,CBN78405.1
Ec-11_000350,Esi_0113_0043,D8LD39,CBN78406.1
,Esi_0113_0044,D8LD40,CBN78407.1
Ec-11_000360,Esi_0113_0045,D8LD41,CBN78408.1
Ec-11_000370,Esi_0113_0047,D8LD42,CBN78409.1
Ec-11_000380,Esi_0113_0048,D8LD43,CBN78410.1
Ec-11_000390,Esi_0113_0049,D8LD44,CBN78411.1
Ec-11_000400,Esi_0113_0051,D8LD45,CBN78412.1
Ec-11_000410,Esi_0113_0052,D8LD46,CBN78413.1
Ec-11_000420,Esi_0113_0053,D8LD47,CBN78414.1
Ec-11_000440,Esi_0113_0057,D8LD48,CBN78415.1
Ec-11_000450,Esi_0113_0059,D8LD49,CBN78416.1
Ec-11_000460,Esi_0113_0060,D8LD50,CBN78417.1
Ec-11_000470,Esi_0113_0061,D8LD51,CBN78418.2
Ec-11_000490,Esi_0113_0062,D8LD52,CBN78419.1
Ec-11_000500,Esi_0113_0064,D8LD53,CBN78420.1
,Esi_0113_0065,D8LD54,CBN78421.1
Ec-11_000510,Esi_0113_0066,D8LD55,CBN78422.1
Ec-11_000530,Esi_0113_0067,D8LD56,CBN78423.1
Ec-11_000540,Esi_0113_0069,D8LD57,CBN78424.1
,Esi_0113_0073,D8LD58,CBN78425.1
Ec-11_000550,Esi_0113_0075,D8LD59,CBN78426.1
Ec-11_000580,Esi_0113_0076,D8LD60,CBN78427.1
Ec-11_000600,Esi_0113_0078,D8LD61,CBN78428.1
Ec-11_000610,Esi_0113_0079,D8LD62,CBN78429.1
Ec-11_000620,Esi_0113_0080,D8LD63,CBN78430.1
Ec-11_000630,Esi_0113_0081,D8LD64,CBN78431.1
Ec-11_000560,Esi_0113_0086,,
Ec-11_000570,Esi_0113_0087,,
Ec-11_000590,Esi_0113_0088,,
Ec-11_000520,Esi_0113_0089,,
Ec-11_000200,Esi_0113_0095,,
Ec-11_000180,Esi_0113_0096,,
Ec-11_000230,Esi_0113_0097,,
Ec-11_000250,Esi_0113_0098,,
Ec-11_000260,Esi_0113_0099,,
Ec-11_000290,Esi_0113_0100,,
Ec-11_000430,Esi_0113_0101,,
Ec-11_000480,Esi_0113_0102,,
Ec-11_000160,Esi_0113_0103,,
Ec-05_001650,Esi_0114_0016,D8LD65,CBN75518.1
Ec-05_001640,Esi_0114_0018,D7FIV1,CBN75519.1
Ec-05_001630,Esi_0114_0036,D8LD67,CBN75520.1
Ec-05_001620,Esi_0114_0041,D8LD68,CBN75521.1
Ec-05_001610,Esi_0114_0042,D8LD69,CBN75522.1
Ec-05_001580,Esi_0114_0045,D8LD70,CBN75523.1
Ec-05_001560,Esi_0114_0046,D8LD71,CBN75524.1
Ec-05_001550,Esi_0114_0047,D8LD72,CBN75525.1
Ec-05_001540,Esi_0114_0050,D8LD73,CBN75526.1
Ec-05_001520,Esi_0114_0052,D8LD74,CBN75527.1
Ec-05_001510,Esi_0114_0053,D8LD75,CBN75528.1
Ec-05_001490,Esi_0114_0054,D8LD76,CBN75529.1
Ec-05_001470,Esi_0114_0055,D8LD77,CBN75530.1
Ec-05_001450,Esi_0114_0056,D8LD78,CBN75531.1
Ec-05_001440,Esi_0114_0058,D8LD79,CBN75532.1
Ec-05_001430,Esi_0114_0059,D8LD80,CBN75533.1
Ec-05_001420,Esi_0114_0060,D8LD81,CBN75534.1
Ec-05_001410,Esi_0114_0062,D8LD82,CBN75535.1
Ec-05_001390,Esi_0114_0067,D8LD83,CBN75536.1
Ec-05_001360,Esi_0114_0074,D8LD84,CBN75537.1
Ec-05_001340,Esi_0114_0077,D8LD85,CBN75538.1
Ec-05_001330,Esi_0114_0079,D8LD86,CBN75539.1
Ec-05_001590,Esi_0114_0088,,
Ec-05_001570,Esi_0114_0089,,
Ec-05_001320,Esi_0114_0090,,
Ec-05_001600,Esi_0114_0091,,
Ec-05_001530,Esi_0114_0092,,
Ec-05_001500,Esi_0114_0093,,
Ec-05_001480,Esi_0114_0094,,
Ec-05_001460,Esi_0114_0095,,
Ec-05_001400,Esi_0114_0096,,
Ec-05_001380,Esi_0114_0097,,
Ec-05_001370,Esi_0114_0098,,
Ec-05_001350,Esi_0114_0099,,
Ec-12_006120,Esi_0115_0004,D7FHW2,CBJ48973.1
,Esi_0115_0005,D7FHW3,CBJ48974.1
Ec-12_006140,Esi_0115_0009,D7FHW4,CBJ48975.1
Ec-12_006150,Esi_0115_0010,D7FHW5,CBJ48976.1
Ec-12_006160,Esi_0115_0012,D7FHW6,CBJ48977.1
Ec-12_006170,Esi_0115_0013,D7FHW7,CBJ48978.1
Ec-12_006180,Esi_0115_0015,D7FHW8,CBJ48979.1
Ec-12_006190,Esi_0115_0017,D7FHW9,CBJ48980.1
Ec-12_006200,Esi_0115_0018,D7FHX0,CBJ48981.1
Ec-12_006210,Esi_0115_0019,D7FHX1,CBJ48982.1
Ec-12_006220,Esi_0115_0021,D7FHX2,CBJ48983.1
Ec-12_006230,Esi_0115_0023,D7FHX3,CBJ48984.1
Ec-12_006240,Esi_0115_0024,D7FHX4,CBJ48985.1
Ec-12_006250,Esi_0115_0026,D7FHX5,CBJ48986.1
Ec-12_006260,Esi_0115_0027,D7FHX6,CBJ48987.1
Ec-12_006270,Esi_0115_0028,D7FHX7,CBJ48988.1
Ec-12_006290,Esi_0115_0029,D7FHX8,CBJ48989.1
Ec-12_006300,Esi_0115_0031,D7FHX9,CBJ48990.1
Ec-12_006310,Esi_0115_0032,D7FHY0,CBJ48991.1
Ec-12_006320,Esi_0115_0033,D7FHY1,CBJ48992.1
Ec-12_006330,Esi_0115_0034,D7FHY2,CBJ48993.1
Ec-12_006350,Esi_0115_0036,D7FHY3,CBJ48994.1
Ec-12_006360,Esi_0115_0037,D7FHY4,CBJ48995.1
Ec-12_006370,Esi_0115_0038,D7FHY5,CBJ48996.1
Ec-12_006380,Esi_0115_0039,D7FHY6,CBJ48997.1
Ec-12_006390,Esi_0115_0040,D7FHY7,CBJ48998.1
Ec-12_006400,Esi_0115_0041,D7FHY8,CBJ48999.1
Ec-12_006410,Esi_0115_0043,D7FHY9,CBJ49000.1
Ec-12_006420,Esi_0115_0044,D7FHZ0,CBJ49001.1
Ec-12_006430,Esi_0115_0045,D7FHZ1,CBJ49002.1
Ec-12_006440,Esi_0115_0046,D7FHZ2,CBJ49003.1
Ec-12_006450,Esi_0115_0051,D7FHZ3,CBJ49004.1
Ec-12_006460,Esi_0115_0053,D7FHZ4,CBJ49005.1
Ec-12_006470,Esi_0115_0054,D7FHZ5,CBJ49006.1
Ec-12_006480,Esi_0115_0055,D7FHZ6,CBJ49007.1
Ec-12_006490,Esi_0115_0056,D7FHZ7,CBJ49008.1
Ec-12_006500,Esi_0115_0057,D7FHZ8,CBJ49009.1
Ec-12_006520,Esi_0115_0058,D7FHZ9,CBJ49010.1
Ec-12_006530,Esi_0115_0064,D7FI00,CBJ49011.1
Ec-12_006540,Esi_0115_0067,D7FI01,CBJ49012.1
Ec-12_006550,Esi_0115_0068,D7FI02,CBJ49013.1
Ec-12_006560,Esi_0115_0069,D7FI03,CBJ49014.1
Ec-12_006570,Esi_0115_0070,D7FI04,CBJ49015.1
Ec-12_006580,Esi_0115_0071,D7FI05,CBJ49016.1
Ec-12_006590,Esi_0115_0074,D7FI06,CBJ49017.1
Ec-12_006600,Esi_0115_0076,D7FI07,CBJ49018.1
Ec-12_006610,Esi_0115_0077,D7FI08,CBJ49019.1
Ec-12_006620,Esi_0115_0078,D7FI09,CBJ49020.1
Ec-12_006630,Esi_0115_0081,D7FI10,CBJ49021.1
Ec-12_006640,Esi_0115_0082,D7FI11,CBJ49022.1
Ec-12_006660,Esi_0115_0088,D7FI12,CBJ49023.1
Ec-12_006670,Esi_0115_0089,D7FI13,CBJ49024.1
Ec-12_006680,Esi_0115_0090,D7FI14,CBJ49025.1
Ec-12_006280,Esi_0115_0094,,
Ec-12_006340,Esi_0115_0095,,
Ec-12_006510,Esi_0115_0096,,
Ec-12_006130,Esi_0115_0097,,
Ec-12_006650,Esi_0115_0098,,
,Esi_0116_0002,D8LD87,CBN80145.1
Ec-25_002120,Esi_0116_0003,D8LD88,CBN80146.1
Ec-25_002110,Esi_0116_0004,D8LD89,CBN80147.2
Ec-25_002100,Esi_0116_0005,D8LD90,CBN80148.1
Ec-25_002080,Esi_0116_0007,D8LD91,CBN80149.1
Ec-25_002070,Esi_0116_0011,D8LD92,CBN80150.1
Ec-25_002060,Esi_0116_0013,D8LD93,CBN80151.1
Ec-25_002050,Esi_0116_0015,D8LD94,CBN80152.1
Ec-25_002040,Esi_0116_0017,D8LD95,CBN80153.1
Ec-25_002030,Esi_0116_0019,D8LD96,CBN80154.1
Ec-25_002020,Esi_0116_0020,D8LD97,CBN80155.1
Ec-25_002010,Esi_0116_0021,D8LD98,CBN80156.1
Ec-25_002000,Esi_0116_0023,D8LD99,CBN80157.1
Ec-25_001990,Esi_0116_0024,D8LDA0,CBN80158.1
Ec-25_001980,Esi_0116_0025,D8LDA1,CBN80159.1
Ec-25_001970,Esi_0116_0026,D8LDA2,CBN80160.1
Ec-25_001960,Esi_0116_0028,D8LDA3,CBN80161.1
Ec-25_001950,Esi_0116_0029,D8LDA4,CBN80162.1
Ec-25_001940,Esi_0116_0031,D8LDA5,CBN80163.1
Ec-25_001930,Esi_0116_0034,D8LDA6,CBN80164.1
Ec-25_001920,Esi_0116_0037,D8LDA7,CBN80165.1
Ec-25_001910,Esi_0116_0038,D8LDA8,CBN80166.1
Ec-25_001900,Esi_0116_0039,D8LDA9,CBN80167.1
Ec-25_001890,Esi_0116_0041,D8LDB0,CBN80168.1
Ec-25_001880,Esi_0116_0043,D8LDB1,CBN80169.1
,Esi_0116_0044,D8LDB2,CBN80170.2
Ec-25_001870,Esi_0116_0045,D8LDB3,CBN80171.1
Ec-25_001860,Esi_0116_0046,D8LDB4,CBN80172.1
Ec-25_001850,Esi_0116_0047,D8LDB5,CBN80173.1
Ec-25_001840,Esi_0116_0049,D8LDB6,CBN80174.1
,Esi_0116_0050,D8LDB7,CBN80175.1
Ec-25_001830,Esi_0116_0051,D8LDB8,CBN80176.1
Ec-25_001820,Esi_0116_0053,D8LDB9,CBN80177.1
Ec-25_001810,Esi_0116_0056,D8LDC0,CBN80178.1
Ec-25_001800,Esi_0116_0058,D8LDC1,CBN80179.1
Ec-25_001790,Esi_0116_0059,D8LDC2,CBN80180.1
Ec-25_001780,Esi_0116_0061,D8LDC3,CBN80181.1
Ec-25_001770,Esi_0116_0063,D8LDC4,CBN80182.1
Ec-25_001760,Esi_0116_0064,D8LDC5,CBN80183.1
Ec-25_001750,Esi_0116_0065,D8LDC6,CBN80184.1
Ec-25_001740,Esi_0116_0066,D8LDC7,CBN80185.1
Ec-25_001730,Esi_0116_0070,D8LDC8,CBN80186.1
,Esi_0116_0071,D8LDC9,CBN80187.1
Ec-25_001720,Esi_0116_0073,D8LDD0,CBN80188.1
Ec-25_001710,Esi_0116_0074,D8LDD1,CBN80189.1
Ec-25_001700,Esi_0116_0075,D8LDD2,CBN80190.1
Ec-25_001690,Esi_0116_0076,D8LDD3,CBN80191.1
Ec-25_001670,Esi_0116_0077,D8LDD4,CBN80192.1
Ec-25_001660,Esi_0116_0078,D8LDD5,CBN80193.1
Ec-25_001650,Esi_0116_0079,D8LDD6,CBN80194.1
Ec-25_001640,Esi_0116_0081,D8LDD7,CBN80195.1
,Esi_0116_0082,D8LDD8,CBN80196.1
Ec-25_001630,Esi_0116_0083,D8LDD9,CBN80197.1
Ec-25_001620,Esi_0116_0085,D8LDE0,CBN80198.1
Ec-25_001610,Esi_0116_0087,D8LDE1,CBN80199.1
Ec-25_002090,Esi_0116_0100,,
Ec-25_001680,Esi_0116_0101,,
Ec-10_003200,Esi_0117_0003,D7FI21,CBJ28647.1
Ec-10_003220,Esi_0117_0006,D7FI22,CBJ28648.1
Ec-10_003230,Esi_0117_0008,D7FI23,CBJ28649.1
Ec-10_003240,Esi_0117_0009,D7FI24,CBJ28650.1
Ec-10_003250,Esi_0117_0010,D7FI25,CBJ28651.1
Ec-10_003260,Esi_0117_0011,D7FI26,CBJ28652.1
Ec-10_003270,Esi_0117_0013,D7FI27,CBJ28653.1
Ec-10_003280,Esi_0117_0015,D7FI28,CBJ28654.1
Ec-10_003290,Esi_0117_0017,D7FI29,CBJ28655.1
Ec-10_003300,Esi_0117_0018,D7FI30,CBJ28656.1
Ec-10_003310,Esi_0117_0019,D7FI31,CBJ28657.1
Ec-10_003320,Esi_0117_0020,D7FI32,CBJ28658.1
Ec-10_003330,Esi_0117_0022,D7FI33,CBJ28659.1
Ec-10_003340,Esi_0117_0024,D7FI34,CBJ28660.1
Ec-10_003350,Esi_0117_0028,D7FI35,CBJ28661.1
Ec-10_003360,Esi_0117_0033,D7FI36,CBJ28662.1
Ec-10_003370,Esi_0117_0034,D7FI37,CBJ28663.1
Ec-10_003380,Esi_0117_0037,D7FI38,CBJ28664.1
Ec-10_003390,Esi_0117_0039,D7FI39,CBJ28665.1
Ec-10_003400,Esi_0117_0041,D7FI40,CBJ28666.1
Ec-10_003410,Esi_0117_0042,D7FI41,CBJ28667.1
Ec-10_003460,Esi_0117_0043,D7FI42,CBJ28668.1
Ec-10_003470,Esi_0117_0044,D7FI43,CBJ28669.1
,Esi_0117_0045,D7FI44,CBJ28670.1
Ec-10_003500,Esi_0117_0046,D7FI45,CBJ28671.1
Ec-10_003510,Esi_0117_0051,D7FI46,CBJ28672.1
Ec-10_003520,Esi_0117_0054,D7FI47,CBJ28673.1
Ec-10_003530,Esi_0117_0055,D7FI48,CBJ28674.1
Ec-10_003540,Esi_0117_0059,D7FI49,CBJ28675.1
Ec-10_003550,Esi_0117_0060,D7FI50,CBJ28676.1
Ec-10_003560,Esi_0117_0061,D7FI51,CBJ28677.1
Ec-10_003570,Esi_0117_0062,D7FI52,CBJ28678.1
Ec-10_003590,Esi_0117_0063,D7FI53,CBJ28679.1
Ec-10_003600,Esi_0117_0066,D7FI54,CBJ28680.1
Ec-10_003610,Esi_0117_0067,D7FI55,CBJ28681.1
Ec-10_003620,Esi_0117_0068,D7FI56,CBJ28682.1
Ec-10_003630,Esi_0117_0069,D7FI57,CBJ28683.1
,Esi_0117_0074,D7FI58,CBJ28684.1
Ec-10_003650,Esi_0117_0075,D7FI59,CBJ28685.1
Ec-10_003670,Esi_0117_0076,D7FI60,CBJ28686.1
Ec-10_003680,Esi_0117_0077,D7FI61,CBJ28687.1
Ec-10_003690,Esi_0117_0078,D7FI62,CBJ28688.1
Ec-10_003700,Esi_0117_0079,D7FI63,CBJ28689.1
Ec-10_003710,Esi_0117_0080,D7FI64,CBJ28690.1
Ec-10_003640,Esi_0117_0086,,
Ec-10_003420,Esi_0117_0088,,
Ec-10_003430,Esi_0117_0089,,
Ec-10_003440,Esi_0117_0090,,
Ec-10_003450,Esi_0117_0091,,
Ec-10_003660,Esi_0117_0092,,
Ec-10_003210,Esi_0117_0093,,
Ec-10_003480,Esi_0117_0094,,
Ec-10_003490,Esi_0117_0095,,
Ec-10_003580,Esi_0117_0096,,
Ec-23_003580,Esi_0118_0001,D7FI66,CBJ28691.1
Ec-23_003590,Esi_0118_0007,D7FI67,CBJ28692.1
,Esi_0118_0012,D7FI68,CBJ28693.1
Ec-23_003600,Esi_0118_0020,D7FI69,CBJ28694.1
Ec-23_003610,Esi_0118_0021,D7FI70,CBJ28695.1
Ec-23_003620,Esi_0118_0023,D7FI71,CBJ28696.1
Ec-23_003630,Esi_0118_0024,D7FI72,CBJ28697.1
Ec-23_003640,Esi_0118_0025,D7FI73,CBJ28698.1
Ec-23_003650,Esi_0118_0026,D7FI74,CBJ28699.1
Ec-23_003660,Esi_0118_0027,D7FI75,CBJ28700.1
Ec-23_003680,Esi_0118_0033,D7FI76,CBJ28701.1
Ec-23_003690,Esi_0118_0035,D7FI77,CBJ28702.1
Ec-23_003700,Esi_0118_0037,D7FI78,CBJ28703.1
Ec-23_003720,Esi_0118_0044,D7FI79,CBJ28704.1
Ec-23_003730,Esi_0118_0045,D7FI80,CBJ28705.1
Ec-23_003740,Esi_0118_0046,D7FI81,CBJ28706.1
Ec-23_003750,Esi_0118_0047,D7FI82,CBJ28707.1
Ec-23_003760,Esi_0118_0048,D7FI83,CBJ28708.1
Ec-23_003770,Esi_0118_0049,D7FI84,CBJ28709.1
Ec-23_003780,Esi_0118_0050,D7FI85,CBJ28710.1
Ec-23_003810,Esi_0118_0058,D7FI86,CBJ28711.1
Ec-23_003820,Esi_0118_0064,D7FI87,CBJ28712.1
Ec-23_003830,Esi_0118_0065,D7FI88,CBJ28713.1
Ec-23_003840,Esi_0118_0066,D7FI89,CBJ28714.1
Ec-23_003850,Esi_0118_0073,D7FI90,CBJ28715.1
Ec-23_003860,Esi_0118_0076,D7FI91,CBJ28716.1
Ec-23_003870,Esi_0118_0077,D7FI92,CBJ28717.1
Ec-23_003880,Esi_0118_0078,D7FI93,CBJ28718.1
Ec-23_003890,Esi_0118_0080,D7FI94,CBJ28719.1
Ec-23_003900,Esi_0118_0084,D7FI95,CBJ28720.1
Ec-23_003710,Esi_0118_0091,,
Ec-23_003790,Esi_0118_0092,,
Ec-23_003670,Esi_0118_0093,,
Ec-23_003800,Esi_0118_0094,,
Ec-11_001110,Esi_0119_0001,D7FI97,CBJ28721.1
Ec-11_001120,Esi_0119_0002,D7FI98,CBJ28722.1
,Esi_0119_0004,D7FI99,CBJ28723.1
,Esi_0119_0005,D7FIA0,CBJ28724.1
Ec-11_001130,Esi_0119_0010,D7FIA1,CBJ28725.1
Ec-11_001140,Esi_0119_0011,D7FIA2,CBJ28726.1
Ec-11_001150,Esi_0119_0013,D7FIA3,CBJ28727.1
Ec-11_001160,Esi_0119_0014,D7FIA4,CBJ28728.1
Ec-11_001170,Esi_0119_0016,D7FIA5,CBJ28729.1
Ec-11_001180,Esi_0119_0017,D7FIA6,CBJ28730.1
Ec-11_001190,Esi_0119_0019,D7FIA7,CBJ28731.1
Ec-11_001200,Esi_0119_0020,D7FIA8,CBJ28732.1
Ec-11_001210,Esi_0119_0021,D7FIA9,CBJ28733.1
Ec-11_001220,Esi_0119_0023,D7FIB0,CBJ28734.1
Ec-11_001230,Esi_0119_0024,D7FIB1,CBJ28735.1
Ec-11_001240,Esi_0119_0026,D7FIB2,CBJ28736.1
Ec-11_001250,Esi_0119_0028,D7FIB3,CBJ28737.1
Ec-11_001260,Esi_0119_0029,D7FIB4,CBJ28738.1
Ec-11_001270,Esi_0119_0031,D7FIB5,CBJ28739.1
Ec-11_001290,Esi_0119_0032,D7FIB6,CBJ28740.1
Ec-11_001300,Esi_0119_0035,D7FIB7,CBJ28741.1
Ec-11_001310,Esi_0119_0037,D7FIB8,CBJ28742.1
Ec-11_001320,Esi_0119_0039,D7FIB9,CBJ28743.1
Ec-11_001330,Esi_0119_0040,D7FIC0,CBJ28744.1
Ec-11_001340,Esi_0119_0041,D7FIC1,CBJ28745.1
Ec-11_001350,Esi_0119_0042,D7FIC2,CBJ28746.1
Ec-11_001360,Esi_0119_0043,D7FIC3,CBJ28747.1
Ec-11_001380,Esi_0119_0058,D7FIC4,CBJ28748.1
Ec-11_001390,Esi_0119_0060,D7FIC5,CBJ28749.1
Ec-11_001400,Esi_0119_0063,D7FIC6,CBJ28750.1
Ec-11_001410,Esi_0119_0064,D7FIC7,CBJ28751.1
Ec-11_001420,Esi_0119_0069,D7FIC8,CBJ28752.1
Ec-11_001430,Esi_0119_0070,D7FIC9,CBJ28753.1
Ec-11_001440,Esi_0119_0072,D7FID0,CBJ28754.1
Ec-11_001450,Esi_0119_0073,D7FID1,CBJ28755.1
Ec-11_001460,Esi_0119_0077,D7FID2,CBJ28756.1
Ec-11_001470,Esi_0119_0079,D7FID3,CBJ28757.1
Ec-11_001480,Esi_0119_0080,D7FID4,CBJ28758.1
Ec-11_001490,Esi_0119_0081,D7FID5,CBJ28759.1
,Esi_0119_0082,D7FID6,CBJ28760.1
Ec-11_001510,Esi_0119_0086,D7FID7,CBJ28761.1
Ec-11_001520,Esi_0119_0090,D7FID8,CBJ28762.1
Ec-11_001530,Esi_0119_0091,D7FID9,CBJ28763.1
Ec-11_001540,Esi_0119_0093,D7FIE0,CBJ28764.1
Ec-11_001560,Esi_0119_0095,D7FIE1,CBJ28765.1
Ec-11_001570,Esi_0119_0097,D7FIE2,CBJ28766.1
Ec-11_001580,Esi_0119_0099,D7FIE3,CBJ28767.1
Ec-11_001590,Esi_0119_0100,D7FIE4,CBJ28768.1
Ec-11_001600,Esi_0119_0101,D7FIE5,CBJ28769.1
Ec-11_001280,Esi_0119_0106,,
Ec-11_001370,Esi_0119_0107,,
Ec-11_001500,Esi_0119_0108,,
Ec-11_001550,Esi_0119_0109,,
Ec-28_000010,Esi_0120_0001,D7FIE7,CBJ28770.1
Ec-28_000020,Esi_0120_0002,D7FIE8,CBJ28771.1
Ec-28_000030,Esi_0120_0003,D7FIE9,CBJ28772.1
Ec-28_000040,Esi_0120_0004,D7FIF0,CBJ28773.1
Ec-28_000050,Esi_0120_0005,D7FIF1,CBJ28774.1
Ec-28_000060,Esi_0120_0007,D7FIF2,CBJ28775.1
Ec-28_000060,Esi_0120_0008,D7FIF3,CBJ28776.1
Ec-28_000080,Esi_0120_0009,D7FIF4,CBJ28777.1
obsolete,Esi_0120_0010,D7FIF5,CBJ28778.1
Ec-28_000090,Esi_0120_0014,D7FIF6,CBJ28779.1
Ec-28_000110,Esi_0120_0020,D7FIF7,CBJ28780.1
,Esi_0120_0021,D7FIF8,CBJ28781.1
Ec-28_000120,Esi_0120_0022,D7FIF9,CBJ28782.1
Ec-28_000130,Esi_0120_0026,D7FIG0,CBJ28783.1
Ec-28_000140,Esi_0120_0028,D7FIG1,CBJ28784.1
Ec-28_000150,Esi_0120_0032,D7FIG2,CBJ28785.1
Ec-28_000160,Esi_0120_0033,D7FIG3,CBJ28786.1
Ec-28_000170,Esi_0120_0036,D7FIG4,CBJ28787.1
Ec-28_000190,Esi_0120_0039,D7FIG5,CBJ28788.1
Ec-28_000200,Esi_0120_0041,D7FIG6,CBJ28789.1
Ec-28_000210,Esi_0120_0043,D7FIG7,CBJ28790.1
Ec-28_000220,Esi_0120_0045,D7FIG8,CBJ28791.1
Ec-28_000230,Esi_0120_0047,D7FIG9,CBJ28792.1
Ec-28_000240,Esi_0120_0048,D7FIH0,CBJ28793.1
Ec-28_000250,Esi_0120_0052,D7FIH1,CBJ28794.1
Ec-28_000260,Esi_0120_0053,D7FIH2,CBJ28795.1
Ec-28_000270,Esi_0120_0054,D7FIH3,CBJ28796.1
Ec-28_000280,Esi_0120_0055,D7FIH4,CBJ28797.1
Ec-28_000300,Esi_0120_0058,D7FIH5,CBJ28798.1
Ec-28_000310,Esi_0120_0059,D7FIH6,CBJ28799.1
Ec-28_000320,Esi_0120_0060,D7FIH7,CBJ28800.1
Ec-28_000330,Esi_0120_0061,D7FIH8,CBJ28801.1
Ec-28_000340,Esi_0120_0062,D7FIH9,CBJ28802.1
Ec-28_000350,Esi_0120_0064,D7FII0,CBJ28803.1
Ec-28_000360,Esi_0120_0065,D7FII1,CBJ28804.1
,Esi_0120_0066,D7FII2,CBJ28805.1
Ec-28_000390,Esi_0120_0067,D7FII3,CBJ28806.1
Ec-28_000400,Esi_0120_0070,D7FII4,CBJ28807.1
Ec-28_000410,Esi_0120_0071,D7FII5,CBJ28808.1
,Esi_0120_0073,D7FII6,CBJ28809.1
Ec-28_000420,Esi_0120_0074,D7FII7,CBJ28810.1
Ec-28_000430,Esi_0120_0075,D7FII8,CBJ28811.1
Ec-28_000440,Esi_0120_0076,D7FII9,CBJ28812.1
Ec-28_000450,Esi_0120_0077,D7FIJ0,CBJ28813.1
Ec-28_000460,Esi_0120_0078,D7FIJ1,CBJ28814.1
Ec-28_000070,Esi_0120_0082,,
Ec-28_000370,Esi_0120_0083,,
Ec-28_000380,Esi_0120_0084,,
Ec-28_000470,Esi_0120_0085,,
Ec-28_000100,Esi_0120_0086,,
Ec-28_000180,Esi_0120_0087,,
Ec-28_000290,Esi_0120_0088,,
Ec-19_001220,Esi_0121_0001,D8LDM5,CBN78432.1
Ec-19_001230,Esi_0121_0005,D8LDM6,CBN78433.1
Ec-19_001240,Esi_0121_0007,D8LDM7,CBN78434.1
Ec-19_001250,Esi_0121_0013,D8LDM8,CBN78435.1
Ec-19_001260,Esi_0121_0014,D8LDM9,CBN78436.1
Ec-19_001280,Esi_0121_0015,D8LDN0,CBN78437.1
Ec-19_001300,Esi_0121_0016,D8LDN1,CBN78438.1
Ec-19_001310,Esi_0121_0017,D8LDN2,CBN78439.1
Ec-19_001320,Esi_0121_0019,D8LDN3,CBN78440.1
Ec-19_001330,Esi_0121_0021,D8LDN4,CBN78441.1
Ec-19_001340,Esi_0121_0022,D8LDN5,CBN78442.1
Ec-19_001350,Esi_0121_0024,D8LDN6,CBN78443.1
,Esi_0121_0029,D8LDN7,CBN78444.1
Ec-19_001360,Esi_0121_0030,D8LDN8,CBN78445.1
Ec-19_001380,Esi_0121_0032,D8LDN9,CBN78446.1
Ec-19_001390,Esi_0121_0033,D8LDP0,CBN78447.1
Ec-19_001400,Esi_0121_0035,D8LDP1,CBN78448.1
Ec-19_001410,Esi_0121_0037,D8LDP2,CBN78449.1
Ec-19_001420,Esi_0121_0041,D8LDP3,CBN78450.1
Ec-19_001440,Esi_0121_0043,D8LDP4,CBN78451.1
Ec-19_001450,Esi_0121_0044,D8LDP5,CBN78452.1
Ec-19_001460,Esi_0121_0045,D8LDP6,CBN78453.1
Ec-19_001470,Esi_0121_0048,D8LDP7,CBN78454.1
Ec-19_001480,Esi_0121_0052,D8LDP8,CBN78455.1
Ec-19_001490,Esi_0121_0053,D8LDP9,CBN78456.1
Ec-19_001500,Esi_0121_0054,D8LDQ0,CBN78457.1
Ec-19_001510,Esi_0121_0055,D8LDQ1,CBN78458.1
Ec-19_001520,Esi_0121_0057,D8LDQ2,CBN78459.1
Ec-19_001530,Esi_0121_0061,D8LDQ3,CBN78460.1
Ec-19_001540,Esi_0121_0062,D8LDQ4,CBN78461.1
Ec-19_001550,Esi_0121_0064,D8LDQ5,CBN78462.1
Ec-19_001560,Esi_0121_0065,D8LDQ6,CBN78463.1
Ec-19_001570,Esi_0121_0067,D8LDQ7,CBN78464.1
Ec-19_001610,Esi_0121_0068,D8LDQ8,CBN78465.1
Ec-19_001620,Esi_0121_0069,D8LDQ9,CBN78466.1
Ec-19_001640,Esi_0121_0070,D8LDR0,CBN78467.1
Ec-19_001650,Esi_0121_0071,D8LDR1,CBN78468.1
Ec-19_001660,Esi_0121_0072,D8LDR2,CBN78469.1
Ec-19_001670,Esi_0121_0075,D8LDR3,CBN78470.2
Ec-19_001690,Esi_0121_0078,D8LDR4,CBN78471.1
,Esi_0121_0080,D8LDR5,CBN78472.1
Ec-19_001700,Esi_0121_0081,D8LDR6,CBN78473.1
Ec-19_001710,Esi_0121_0082,D8LDR7,CBN78474.1
,Esi_0121_0083,D8LDR8,CBN78475.1
Ec-19_001720,Esi_0121_0084,D8LDR9,CBN78476.1
Ec-19_001270,Esi_0121_0092,,
Ec-19_001590,Esi_0121_0096,,
Ec-19_001630,Esi_0121_0097,,
Ec-19_001370,Esi_0121_0098,,
Ec-19_001430,Esi_0121_0099,,
Ec-19_001580,Esi_0121_0100,,
Ec-19_001600,Esi_0121_0101,,
Ec-19_001680,Esi_0121_0102,,
Ec-19_001290,Esi_0121_0103,,
Ec-27_000010,Esi_0122_0001,D7FIJ7,CBJ28815.1
Ec-27_000020,Esi_0122_0003,D7FIJ8,CBJ28816.1
Ec-27_000030,Esi_0122_0005,D7FIJ9,CBJ28817.1
Ec-27_000050,Esi_0122_0007,D7FIK0,CBJ28818.1
Ec-27_000060,Esi_0122_0010,D7FIK1,CBJ28819.1
Ec-27_000070,Esi_0122_0011,D7FIK2,CBJ28820.1
Ec-27_000080,Esi_0122_0012,D7FIK3,CBJ28821.1
,Esi_0122_0014,D7FIK4,CBJ28822.1
Ec-27_000090,Esi_0122_0016,D7FIK5,CBJ28823.1
Ec-27_000100,Esi_0122_0017,D7FIK6,CBJ28824.1
Ec-27_000110,Esi_0122_0018,D7FIK7,CBJ28825.1
Ec-27_000120,Esi_0122_0022,D7FIK8,CBJ28826.1
Ec-27_000130,Esi_0122_0023,D7FIK9,CBJ28827.1
Ec-27_000140,Esi_0122_0024,D7FIL0,CBJ28828.1
Ec-27_000150,Esi_0122_0025,D7FIL1,CBJ28829.1
Ec-27_000160,Esi_0122_0026,D7FIL2,CBJ28830.1
Ec-27_000170,Esi_0122_0027,D7FIL3,CBJ28831.1
Ec-27_000190,Esi_0122_0028,D7FIL4,CBJ28832.1
Ec-27_000200,Esi_0122_0029,D7FIL5,CBJ28833.1
Ec-27_000210,Esi_0122_0031,D7FIL6,CBJ28834.1
Ec-27_000220,Esi_0122_0033,D7FIL7,CBJ28835.1
Ec-27_000230,Esi_0122_0034,D7FIL8,CBJ28836.1
Ec-27_000240,Esi_0122_0036,D7FIL9,CBJ28837.1
Ec-27_000260,Esi_0122_0037,D7FIM0,CBJ28838.1
Ec-27_000270,Esi_0122_0039,D7FIM1,CBJ28839.1
Ec-27_000280,Esi_0122_0040,D7FIM2,CBJ28840.1
Ec-27_000290,Esi_0122_0042,D7FIM3,CBJ28841.1
Ec-27_000300,Esi_0122_0043,D7FIM4,CBJ28842.1
Ec-27_000310,Esi_0122_0044,D7FIM5,CBJ28843.1
Ec-27_000320,Esi_0122_0046,D7FIM6,CBJ28844.1
Ec-27_000330,Esi_0122_0047,D7FIM7,CBJ28845.1
Ec-27_000340,Esi_0122_0048,D7FIM8,CBJ28846.1
Ec-27_000360,Esi_0122_0049,D7FIM9,CBJ28847.1
Ec-27_000370,Esi_0122_0050,D7FIN0,CBJ28848.1
Ec-27_000380,Esi_0122_0051,D7FIN1,CBJ28849.1
Ec-27_000390,Esi_0122_0054,D7FIN2,CBJ28850.1
Ec-27_000400,Esi_0122_0061,D7FIN3,CBJ28851.1
Ec-27_000410,Esi_0122_0062,D7FIN4,CBJ28852.1
Ec-27_000430,Esi_0122_0063,D7FIN5,CBJ28853.1
Ec-27_000440,Esi_0122_0065,D7FIN6,CBJ28854.1
Ec-27_000450,Esi_0122_0066,D7FIN7,CBJ28855.1
Ec-27_000460,Esi_0122_0071,D7FIN8,CBJ28856.1
Ec-27_000470,Esi_0122_0073,D7FIN9,CBJ28857.1
Ec-27_000480,Esi_0122_0075,D7FIP0,CBJ28858.1
Ec-27_000500,Esi_0122_0077,D7FIP1,CBJ28859.1
Ec-27_000510,Esi_0122_0078,D7FIP2,CBJ28860.1
Ec-27_000520,Esi_0122_0079,D7FIP3,CBJ28861.1
Ec-27_000530,Esi_0122_0080,D7FIP4,CBJ28862.1
Ec-27_000540,Esi_0122_0081,D7FIP5,CBJ28863.1
Ec-27_000560,Esi_0122_0082,D7FIP6,CBJ28864.1
Ec-27_000570,Esi_0122_0083,D7FIP7,CBJ28865.1
Ec-27_000580,Esi_0122_0092,D7FIP8,CBJ28866.1
Ec-27_000590,Esi_0122_0093,D7FIP9,CBJ28867.1
Ec-27_000610,Esi_0122_0095,D7FIQ0,CBJ28868.1
Ec-27_000620,Esi_0122_0098,D7FIQ1,CBJ28869.1
Ec-27_000630,Esi_0122_0099,D7FIQ2,CBJ28870.1
Ec-27_000640,Esi_0122_0100,D7FIQ3,CBJ28871.1
Ec-27_000650,Esi_0122_0102,D7FIQ4,CBJ28872.1
Ec-27_000660,Esi_0122_0104,D7FIQ5,CBJ28873.1
Ec-27_000670,Esi_0122_0105,D7FIQ6,CBJ28874.1
Ec-27_000680,Esi_0122_0106,D7FIQ7,CBJ28875.1
Ec-27_000690,Esi_0122_0107,D7FIQ8,CBJ28876.1
Ec-27_000350,Esi_0122_0109,,
Ec-27_000180,Esi_0122_0110,,
Ec-27_000420,Esi_0122_0112,,
Ec-27_000490,Esi_0122_0113,,
Ec-27_000550,Esi_0122_0114,,
Ec-27_000250,Esi_0122_0115,,
Ec-27_000040,Esi_0122_0116,,
Ec-27_000600,Esi_0122_0117,,
Ec-20_003280,Esi_0123_0002,D7FIR0,CBJ28877.1
Ec-20_003270,Esi_0123_0003,D7FIR1,CBJ28878.1
Ec-20_003260,Esi_0123_0005,D7FIR2,CBJ28879.1
Ec-20_003250,Esi_0123_0006,D7FIR3,CBJ28880.1
Ec-20_003230,Esi_0123_0011,D7FIR4,CBJ28881.1
Ec-20_003220,Esi_0123_0012,D7FIR5,CBJ28882.1
Ec-20_003200,Esi_0123_0016,D7FIR6,CBJ28883.1
Ec-20_003190,Esi_0123_0018,D7FIR7,CBJ28884.1
,Esi_0123_0020,D7FIR8,CBJ28885.1
Ec-20_003180,Esi_0123_0024,D7FIR9,CBJ28886.1
Ec-20_003170,Esi_0123_0027,D7FIS0,CBJ28887.1
Ec-20_003150,Esi_0123_0030,D7FIS1,CBJ28888.1
Ec-20_003140,Esi_0123_0031,D7FIS2,CBJ28889.1
Ec-20_003130,Esi_0123_0034,D7FIS3,CBJ28890.1
Ec-20_003120,Esi_0123_0042,D7FIS4,CBJ28891.1
Ec-20_003100,Esi_0123_0051,D7FIS5,CBJ28892.1
Ec-20_003080,Esi_0123_0054,D7FIS6,CBJ28893.1
Ec-20_003070,Esi_0123_0056,D7FIS7,CBJ28894.1
Ec-20_003060,Esi_0123_0059,D7FIS8,CBJ28895.1
Ec-20_003050,Esi_0123_0062,D7FIS9,CBJ28896.1
Ec-20_003030,Esi_0123_0066,D7FIT0,CBJ28897.1
Ec-20_003020,Esi_0123_0067,D7FIT1,CBJ28898.1
Ec-20_003010,Esi_0123_0068,D7FIT2,CBJ28899.1
Ec-20_002990,Esi_0123_0070,D7FIT3,CBJ28900.1
Ec-20_002990,Esi_0123_0071,D7FIT4,CBJ28901.1
Ec-20_002980,Esi_0123_0073,D7FIT5,CBJ28902.1
Ec-20_002970,Esi_0123_0074,D7FIT6,CBJ28903.1
Ec-20_002960,Esi_0123_0076,D7FIT7,CBJ28904.1
Ec-20_002940,Esi_0123_0077,D7FIT8,CBJ28905.1
Ec-20_002930,Esi_0123_0078,D7FIT9,CBJ28906.1
Ec-20_002910,Esi_0123_0079,D7FIU0,CBJ28907.1
Ec-20_002880,Esi_0123_0081,D7FIU1,CBJ28908.1
,Esi_0123_0082,D7FIU2,CBJ28909.1
Ec-20_002870,Esi_0123_0083,D7FIU3,CBJ28910.1
Ec-20_002860,Esi_0123_0084,D7FIU4,CBJ28911.1
Ec-20_002890,Esi_0123_0098,,
Ec-20_003160,Esi_0123_0099,,
Ec-20_003090,Esi_0123_0100,,
Ec-20_003210,Esi_0123_0101,,
Ec-20_003110,Esi_0123_0102,,
Ec-20_003040,Esi_0123_0103,,
Ec-20_003000,Esi_0123_0104,,
Ec-20_002950,Esi_0123_0105,,
Ec-20_002920,Esi_0123_0106,,
Ec-20_002900,Esi_0123_0107,,
Ec-20_003240,Esi_0123_0108,,
Ec-07_007930,Esi_0124_0003,D7FIW4,CBJ28912.1
Ec-07_007920,Esi_0124_0005,D7FIW5,CBJ28913.1
Ec-07_007900,Esi_0124_0008,D7FIW6,CBJ28914.1
Ec-07_007890,Esi_0124_0012,D7FIW7,CBJ28915.1
Ec-07_007880,Esi_0124_0015,D7FIW8,CBJ28916.1
Ec-07_007870,Esi_0124_0017,D7FIW9,CBJ28917.1
Ec-07_007860,Esi_0124_0020,D7FIX0,CBJ28918.1
Ec-07_007840,Esi_0124_0024,D7FIX1,CBJ28919.1
Ec-07_007820,Esi_0124_0026,D7FIX2,CBJ28920.1
Ec-07_007800,Esi_0124_0027,D7FIX3,CBJ28921.1
Ec-07_007790,Esi_0124_0028,D7FIX4,CBJ28922.1
Ec-07_007780,Esi_0124_0029,D7FIX5,CBJ28923.1
Ec-07_007770,Esi_0124_0032,D7FIX6,CBJ28924.1
Ec-07_007760,Esi_0124_0033,D7FIX7,CBJ28925.1
Ec-07_007750,Esi_0124_0034,D7FIX8,CBJ28926.1
Ec-07_007740,Esi_0124_0037,D7FIX9,CBJ28927.1
Ec-07_007730,Esi_0124_0038,D7FIY0,CBJ28928.1
Ec-07_007720,Esi_0124_0039,D7FIY1,CBJ28929.1
Ec-07_007710,Esi_0124_0040,D7FIY2,CBJ28930.1
Ec-07_007700,Esi_0124_0044,D7FIY3,CBJ28931.1
Ec-07_007690,Esi_0124_0046,D7FIY4,CBJ28932.1
Ec-07_007670,Esi_0124_0047,D7FIU9,CBJ28933.1
Ec-07_007660,Esi_0124_0048,D7FIV0,CBJ28934.1
Ec-07_007650,Esi_0124_0049,,
Ec-07_007640,Esi_0124_0050,D7FIV2,CBJ28936.1
Ec-07_007630,Esi_0124_0055,D7FIV3,CBJ28937.1
Ec-07_007620,Esi_0124_0056,D7FIV4,CBJ28938.1
Ec-07_007610,Esi_0124_0058,D7FIV5,CBJ28939.1
Ec-07_007600,Esi_0124_0059,D7FIV6,CBJ28940.1
Ec-07_007590,Esi_0124_0061,D7FIV7,CBJ28941.1
Ec-07_007580,Esi_0124_0071,D7FIV8,CBJ28942.1
Ec-07_007570,Esi_0124_0076,D7FIV9,CBJ28943.1
Ec-07_007560,Esi_0124_0077,D7FIW0,CBJ28944.1
Ec-07_007550,Esi_0124_0078,D7FIW1,CBJ28945.1
Ec-07_007540,Esi_0124_0081,D7FIW2,CBJ28946.1
Ec-07_007500,Esi_0124_0086,D7FIW3,CBJ28947.1
Ec-07_007830,Esi_0124_0096,,
Ec-07_007850,Esi_0124_0100,,
Ec-07_007810,Esi_0124_0101,,
Ec-07_007680,Esi_0124_0102,,
Ec-07_007910,Esi_0124_0103,,
Ec-07_007530,Esi_0124_0104,,
Ec-07_007520,Esi_0124_0105,,
Ec-07_007510,Esi_0124_0106,,
Ec-07_005090,Esi_0125_0001,D7FIY7,CBJ49026.1
Ec-07_005080,Esi_0125_0003,D7FIY8,CBJ49027.1
Ec-07_005070,Esi_0125_0005,D7FIY9,CBJ49028.1
,Esi_0125_0007,D7FIZ0,CBJ49029.1
Ec-07_005060,Esi_0125_0009,D7FIZ1,CBJ49030.1
Ec-07_005050,Esi_0125_0011,D7FIZ2,CBJ49031.1
Ec-07_005040,Esi_0125_0012,D7FIZ3,CBJ49032.1
Ec-07_005030,Esi_0125_0013,D7FIZ4,CBJ49033.1
Ec-07_005020,Esi_0125_0014,D7FIZ5,CBJ49034.1
Ec-07_005010,Esi_0125_0015,D7FIZ6,CBJ49035.1
Ec-07_005000,Esi_0125_0016,D7FIZ7,CBJ49036.1
Ec-07_004990,Esi_0125_0018,D7FIZ8,CBJ49037.1
Ec-07_004980,Esi_0125_0019,D7FIZ9,CBJ49038.1
Ec-07_004970,Esi_0125_0021,D7FJ00,CBJ49039.1
Ec-07_004960,Esi_0125_0024,D7FJ01,CBJ49040.1
Ec-07_004950,Esi_0125_0025,D7FJ02,CBJ49041.1
Ec-07_004940,Esi_0125_0027,D7FJ03,CBJ49042.1
Ec-07_004930,Esi_0125_0028,D7FJ04,CBJ49043.1
Ec-07_004920,Esi_0125_0029,D7FJ05,CBJ49044.1
Ec-07_004910,Esi_0125_0030,D7FJ06,CBJ49045.1
Ec-07_004900,Esi_0125_0033,D7FJ07,CBJ49046.1
Ec-07_004880,Esi_0125_0038,D7FJ08,CBJ49047.1
Ec-07_004870,Esi_0125_0039,D7FJ09,CBJ49048.1
Ec-07_004850,Esi_0125_0048,D7FJ10,CBJ49049.1
Ec-07_004840,Esi_0125_0049,D7FJ11,CBJ49050.1
Ec-07_004830,Esi_0125_0050,D7FJ12,CBJ49051.1
Ec-07_004820,Esi_0125_0053,D7FJ13,CBJ49052.1
Ec-07_004810,Esi_0125_0056,D7FJ14,CBJ49053.1
Ec-07_004800,Esi_0125_0057,D7FJ15,CBJ49054.1
Ec-07_004790,Esi_0125_0058,D7FJ16,CBJ49055.1
Ec-07_004780,Esi_0125_0059,D7FJ17,CBJ49056.1
Ec-07_004770,Esi_0125_0062,D7FJ18,CBJ49057.1
Ec-07_004760,Esi_0125_0065,D7FJ19,CBJ49058.1
Ec-07_004750,Esi_0125_0068,D7FJ20,CBJ49059.1
Ec-07_004740,Esi_0125_0069,D7FJ21,CBJ49060.1
Ec-07_004730,Esi_0125_0070,D7FJ22,CBJ49061.1
Ec-07_004670,Esi_0125_0072,D7FJ23,CBJ49062.1
Ec-07_004660,Esi_0125_0074,D7FJ24,CBJ49063.1
Ec-07_004650,Esi_0125_0076,D7FJ25,CBJ49064.1
Ec-07_004640,Esi_0125_0077,D7FJ26,CBJ49065.1
Ec-07_004630,Esi_0125_0081,D7FJ27,CBJ49066.1
Ec-07_004620,Esi_0125_0082,D7FJ28,CBJ49067.1
Ec-07_004610,Esi_0125_0083,D7FJ29,CBJ49068.1
Ec-07_004600,Esi_0125_0085,D7FJ30,CBJ49069.1
,Esi_0125_0086,D7FJ31,CBJ49070.1
Ec-07_004590,Esi_0125_0087,D7FJ32,CBJ49071.1
Ec-07_004580,Esi_0125_0089,D7FJ33,CBJ49072.1
Ec-07_004570,Esi_0125_0090,D7FJ34,CBJ49073.1
Ec-07_004560,Esi_0125_0091,D7FJ35,CBJ49074.1
Ec-07_004720,Esi_0125_0106,,
Ec-07_004710,Esi_0125_0107,,
Ec-07_004700,Esi_0125_0108,,
Ec-07_004690,Esi_0125_0109,,
Ec-07_004680,Esi_0125_0110,,
Ec-07_004890,Esi_0125_0111,,
Ec-07_004860,Esi_0125_0112,,
Ec-08_003110,Esi_0126_0001,D8LDS0,CBN78477.1
Ec-08_003120,Esi_0126_0004,D8LDS1,CBN78478.1
Ec-08_003130,Esi_0126_0005,D8LDS2,CBN78479.1
Ec-08_003140,Esi_0126_0006,D8LDS3,CBN78480.1
Ec-08_003150,Esi_0126_0007,D8LDS4,CBN78481.1
Ec-08_003160,Esi_0126_0009,D8LDS5,CBN78482.1
Ec-08_003170,Esi_0126_0010,D8LDS6,CBN78483.1
,Esi_0126_0013,D8LDS7,CBN78484.1
Ec-08_003190,Esi_0126_0014,D8LDS8,CBN78485.1
Ec-08_003200,Esi_0126_0018,D8LDS9,CBN78486.1
Ec-08_003210,Esi_0126_0019,D8LDT0,CBN78487.1
Ec-08_003220,Esi_0126_0024,D8LDT1,CBN78488.1
Ec-08_003230,Esi_0126_0025,D8LDT2,CBN78489.1
Ec-08_003250,Esi_0126_0026,D8LDT3,CBN78490.1
,Esi_0126_0030,D8LDT4,CBN78491.1
Ec-08_003260,Esi_0126_0034,D8LDT5,CBN78492.1
Ec-08_003280,Esi_0126_0037,D8LDT6,CBN78493.1
Ec-08_003290,Esi_0126_0039,D8LDT7,CBN78494.1
Ec-08_003300,Esi_0126_0040,D8LDT8,CBN78495.1
Ec-08_003310,Esi_0126_0041,D8LDT9,CBN78496.1
Ec-08_003320,Esi_0126_0042,D8LDU0,CBN78497.1
Ec-08_003330,Esi_0126_0043,D8LDU1,CBN78498.1
Ec-08_003340,Esi_0126_0044,D8LDU2,CBN78499.2
Ec-08_003350,Esi_0126_0047,D8LDU3,CBN78500.1
Ec-08_003360,Esi_0126_0052,D8LDU4,CBN78501.1
Ec-08_003370,Esi_0126_0054,D8LDU5,CBN78502.1
Ec-08_003380,Esi_0126_0055,D8LDU6,CBN78503.1
Ec-08_003390,Esi_0126_0057,D8LDU7,CBN78504.1
Ec-08_003410,Esi_0126_0059,D8LDU8,CBN78505.1
Ec-08_003430,Esi_0126_0065,D8LDU9,CBN78506.1
Ec-08_003440,Esi_0126_0066,D8LDV0,CBN78507.1
Ec-08_003450,Esi_0126_0067,D8LDV1,CBN78508.1
Ec-08_003460,Esi_0126_0068,D8LDV2,CBN78509.1
Ec-08_003470,Esi_0126_0069,D8LDV3,CBN78510.1
Ec-08_003500,Esi_0126_0074,D8LDV4,CBN78511.1
Ec-08_003510,Esi_0126_0075,D8LDV5,CBN78512.1
Ec-08_003520,Esi_0126_0079,D8LDV6,CBN78513.1
Ec-08_003530,Esi_0126_0080,D8LDV7,CBN78514.1
Ec-08_003540,Esi_0126_0081,D8LDV8,CBN78515.1
Ec-08_003550,Esi_0126_0082,D8LDV9,CBN78516.1
Ec-08_003560,Esi_0126_0083,D8LDW0,CBN78517.1
Ec-08_003570,Esi_0126_0086,D8LDW1,CBN78518.1
Ec-08_003580,Esi_0126_0087,D8LDW2,CBN78519.1
Ec-08_003270,Esi_0126_0092,,
Ec-08_003240,Esi_0126_0093,,
Ec-08_003400,Esi_0126_0094,,
Ec-08_003420,Esi_0126_0095,,
Ec-08_003480,Esi_0126_0096,,
Ec-08_003490,Esi_0126_0097,,
Ec-08_003180,Esi_0126_0098,,
,Esi_0127_0002,D7FJ38,CBJ28948.1
Ec-10_000020,Esi_0127_0004,D7FJ39,CBJ28949.1
Ec-10_000030,Esi_0127_0017,D7FJ40,CBJ28950.1
Ec-10_000040,Esi_0127_0018,D7FJ41,CBJ28951.1
Ec-10_000050,Esi_0127_0019,D7FJ42,CBJ28952.1
Ec-10_000060,Esi_0127_0020,D7FJ43,CBJ28953.1
Ec-10_000070,Esi_0127_0021,D7FJ44,CBJ28954.1
Ec-10_000080,Esi_0127_0022,D7FJ45,CBJ28955.1
Ec-10_000090,Esi_0127_0023,D7FJ46,CBJ28956.1
Ec-10_000100,Esi_0127_0026,D7FJ47,CBJ28957.1
Ec-10_000110,Esi_0127_0029,D7FJ48,CBJ28958.1
Ec-10_000120,Esi_0127_0030,D7FJ49,CBJ28959.1
Ec-10_000130,Esi_0127_0031,D7FJ50,CBJ28960.1
,Esi_0127_0033,D7FJ51,CBJ28961.1
Ec-10_000140,Esi_0127_0036,D7FJ52,CBJ28962.1
Ec-10_000150,Esi_0127_0039,D7FJ53,CBJ28963.1
Ec-10_000160,Esi_0127_0040,D7FJ54,CBJ28964.1
Ec-10_000170,Esi_0127_0042,D7FJ55,CBJ28965.1
Ec-10_000180,Esi_0127_0043,D7FJ56,CBJ28966.1
Ec-10_000190,Esi_0127_0044,D7FJ57,CBJ28967.1
Ec-10_000200,Esi_0127_0045,D7FJ58,CBJ28968.1
,Esi_0127_0046,D7FJ59,CBJ28969.1
Ec-10_000210,Esi_0127_0047,D7FJ60,CBJ28970.1
Ec-10_000220,Esi_0127_0048,D7FJ61,CBJ28971.1
Ec-10_000230,Esi_0127_0050,D7FJ62,CBJ28972.1
Ec-10_000250,Esi_0127_0051,D7FJ63,CBJ28973.1
,Esi_0127_0053,D7FJ64,CBJ28974.1
Ec-10_000260,Esi_0127_0057,D7FJ65,CBJ28975.1
Ec-10_000270,Esi_0127_0059,D7FJ66,CBJ28976.1
,Esi_0127_0060,D7FJ67,CBJ28977.1
Ec-10_000290,Esi_0127_0062,D7FJ68,CBJ28978.1
Ec-10_000310,Esi_0127_0066,D7FJ69,CBJ28979.1
,Esi_0127_0067,D7FJ70,CBJ28980.1
Ec-10_000320,Esi_0127_0068,D7FJ71,CBJ28981.1
Ec-10_000330,Esi_0127_0069,D7FJ72,CBJ28982.1
Ec-10_000340,Esi_0127_0070,D7FJ73,CBJ28983.1
Ec-10_000360,Esi_0127_0074,D7FJ74,CBJ28984.1
Ec-10_000370,Esi_0127_0075,D7FJ75,CBJ28985.1
Ec-10_000380,Esi_0127_0076,D7FJ76,CBJ28986.1
Ec-10_000390,Esi_0127_0077,D7FJ77,CBJ28987.1
Ec-10_000400,Esi_0127_0078,D7FJ78,CBJ28988.1
Ec-10_000300,Esi_0127_0082,,
Ec-10_000010,Esi_0127_0083,,
Ec-10_000240,Esi_0127_0084,,
Ec-10_000280,Esi_0127_0085,,
Ec-10_000350,Esi_0127_0086,,
Ec-23_003570,Esi_0128_0002,D8LDW4,CBN75540.1
Ec-23_003550,Esi_0128_0009,D8LDW5,CBN75541.1
Ec-23_003540,Esi_0128_0014,D8LDW6,CBN75542.1
Ec-23_003530,Esi_0128_0015,D8LDW7,CBN75543.1
Ec-23_003520,Esi_0128_0016,D8LDW8,CBN75544.1
Ec-23_003510,Esi_0128_0017,D8LDW9,CBN75545.1
Ec-23_003500,Esi_0128_0018,D8LDX0,CBN75546.1
Ec-23_003490,Esi_0128_0023,D8LDX1,CBN75547.1
Ec-23_003480,Esi_0128_0024,D8LDX2,CBN75548.1
Ec-23_003470,Esi_0128_0025,D8LDX3,CBN75549.1
Ec-23_003460,Esi_0128_0027,D8LDX4,CBN75550.1
Ec-23_003450,Esi_0128_0028,D8LDX5,CBN75551.1
Ec-23_003440,Esi_0128_0032,D8LDX6,CBN75552.1
Ec-23_003430,Esi_0128_0034,D8LDX7,CBN75553.1
Ec-23_003420,Esi_0128_0037,D8LDX8,CBN75554.1
Ec-23_003410,Esi_0128_0038,D8LDX9,CBN75555.1
Ec-23_003400,Esi_0128_0039,D8LDY0,CBN75556.1
Ec-23_003360,Esi_0128_0042,D8LDY1,CBN75557.1
Ec-23_003340,Esi_0128_0045,D8LDY2,CBN75558.1
Ec-23_003330,Esi_0128_0046,D8LDY3,CBN75559.1
Ec-23_003320,Esi_0128_0049,D8LDY4,CBN75560.1
Ec-23_003290,Esi_0128_0050,D8LDY5,CBN75561.1
nd,Esi_0128_0051,D8LDY6,CBN75562.1
Ec-23_003280,Esi_0128_0052,D8LDY7,CBN75563.1
Ec-23_003270,Esi_0128_0053,D8LDY8,CBN75564.1
Ec-23_003260,Esi_0128_0054,D8LDY9,CBN75565.1
Ec-23_003240,Esi_0128_0055,D8LDZ0,CBN75566.1
Ec-23_003230,Esi_0128_0056,D8LDZ1,CBN75567.1
Ec-23_003220,Esi_0128_0057,D8LDZ2,CBN75568.1
Ec-23_003210,Esi_0128_0059,D8LDZ3,CBN75569.1
Ec-23_003200,Esi_0128_0061,D8LDZ4,CBN75570.1
Ec-23_003190,Esi_0128_0063,D8LDZ5,CBN75571.1
Ec-23_003180,Esi_0128_0064,D8LDZ6,CBN75572.1
Ec-23_003170,Esi_0128_0072,D8LDZ7,CBN75573.1
Ec-23_003160,Esi_0128_0073,D8LDZ8,CBN75574.1
Ec-23_003150,Esi_0128_0074,D8LDZ9,CBN75575.1
Ec-23_003140,Esi_0128_0075,D8LE00,CBN75576.1
Ec-23_003130,Esi_0128_0078,D8LE01,CBN75577.1
Ec-23_003120,Esi_0128_0080,D8LE02,CBN75578.1
Ec-23_003390,Esi_0128_0090,,
Ec-23_003380,Esi_0128_0091,,
Ec-23_003370,Esi_0128_0092,,
Ec-23_003560,Esi_0128_0095,,
Ec-23_003350,Esi_0128_0096,,
Ec-23_003310,Esi_0128_0097,,
Ec-23_003300,Esi_0128_0098,,
Ec-23_003250,Esi_0128_0099,,
Ec-05_004570,Esi_0129_0003,D8LE03,CBN78520.1
Ec-05_004560,Esi_0129_0004,D8LE04,CBN78521.1
Ec-05_004550,Esi_0129_0005,D8LE05,CBN78522.1
Ec-05_004540,Esi_0129_0006,D8LE06,CBN78523.1
Ec-05_004520,Esi_0129_0008,D8LE07,CBN78524.1
Ec-05_004510,Esi_0129_0009,D8LE08,CBN78525.1
Ec-05_004500,Esi_0129_0011,D8LE09,CBN78526.1
Ec-05_004490,Esi_0129_0013,D8LE10,CBN78527.1
Ec-05_004480,Esi_0129_0017,D8LE11,CBN78528.1
Ec-05_004460,Esi_0129_0018,D8LE12,CBN78529.1
Ec-05_004440,Esi_0129_0022,D8LE13,CBN78530.1
Ec-05_004430,Esi_0129_0025,D8LE14,CBN78531.1
Ec-05_004420,Esi_0129_0026,D8LE15,CBN78532.1
Ec-05_004410,Esi_0129_0027,D8LE16,CBN78533.1
Ec-05_004400,Esi_0129_0030,D8LE17,CBN78534.1
Ec-05_004390,Esi_0129_0031,D8LE18,CBN78535.1
Ec-05_004380,Esi_0129_0032,D8LE19,CBN78536.1
Ec-05_004370,Esi_0129_0034,D8LE20,CBN78537.1
Ec-05_004360,Esi_0129_0035,D8LE21,CBN78538.1
Ec-05_004340,Esi_0129_0036,D8LE22,CBN78539.1
Ec-05_004330,Esi_0129_0038,D8LE23,CBN78540.1
Ec-05_004320,Esi_0129_0040,D8LE24,CBN78541.1
Ec-05_004310,Esi_0129_0041,D8LE25,CBN78542.1
Ec-05_004300,Esi_0129_0043,D8LE26,CBN78543.1
Ec-05_004290,Esi_0129_0046,D8LE27,CBN78544.1
Ec-05_004280,Esi_0129_0047,D8LE28,CBN78545.1
Ec-05_004270,Esi_0129_0048,D8LE29,CBN78546.1
Ec-05_004260,Esi_0129_0049,D8LE30,CBN78547.1
,Esi_0129_0050,D8LE31,CBN78548.1
Ec-05_004250,Esi_0129_0051,D8LE32,CBN78549.1
Ec-05_004240,Esi_0129_0052,D8LE33,CBN78550.1
Ec-05_004230,Esi_0129_0053,D8LE34,CBN78551.1
,Esi_0129_0055,D8LE35,CBN78552.1
Ec-05_004210,Esi_0129_0056,D8LE36,CBN78553.1
Ec-05_004200,Esi_0129_0060,D8LE37,CBN78554.1
Ec-05_004190,Esi_0129_0062,D8LE38,CBN78555.1
Ec-05_004180,Esi_0129_0064,D8LE39,CBN78556.1
Ec-05_004170,Esi_0129_0065,D8LE40,CBN78557.1
Ec-05_004160,Esi_0129_0067,D8LE41,CBN78558.1
Ec-05_004150,Esi_0129_0068,D8LE42,CBN78559.1
Ec-05_004130,Esi_0129_0069,D8LE43,CBN78560.1
,Esi_0129_0070,D8LE44,CBN78561.1
Ec-05_004120,Esi_0129_0073,D8LE45,CBN78562.1
Ec-05_004110,Esi_0129_0074,D8LE46,CBN78563.2
Ec-05_004100,Esi_0129_0075,D8LE47,CBN78564.1
Ec-05_004470,Esi_0129_0082,,
Ec-05_004530,Esi_0129_0087,,
Ec-05_004450,Esi_0129_0088,,
Ec-05_004350,Esi_0129_0089,,
Ec-05_004220,Esi_0129_0090,,
Ec-05_004140,Esi_0129_0091,,
Ec-12_008520,Esi_0130_0002,D7FJ83,CBJ28989.1
Ec-12_008500,Esi_0130_0011,D7FJ84,CBJ28990.1
Ec-12_008470,Esi_0130_0015,D7FJ85,CBJ28991.1
Ec-12_008460,Esi_0130_0017,D7FJ86,CBJ28992.1
Ec-12_008450,Esi_0130_0018,D7FJ87,CBJ28993.1
Ec-12_008440,Esi_0130_0021,D7FJ88,CBJ28994.1
Ec-12_008430,Esi_0130_0024,D7FJ89,CBJ28995.1
Ec-12_008410,Esi_0130_0025,D7FJ90,CBJ28996.1
Ec-12_008400,Esi_0130_0026,D7FJ91,CBJ28997.1
Ec-12_008390,Esi_0130_0028,D7FJ92,CBJ28998.1
Ec-12_008380,Esi_0130_0029,D7FJ93,CBJ28999.1
Ec-12_008370,Esi_0130_0031,D7FJ94,CBJ29000.1
Ec-12_008360,Esi_0130_0033,D7FJ95,CBJ29001.1
Ec-12_008350,Esi_0130_0034,D7FJ96,CBJ29002.1
Ec-12_008340,Esi_0130_0035,D7FJ97,CBJ29003.1
Ec-12_008330,Esi_0130_0036,D7FJ98,CBJ29004.1
Ec-12_008320,Esi_0130_0038,D7FJ99,CBJ29005.1
,Esi_0130_0039,D7FJA0,CBJ29006.1
Ec-12_008310,Esi_0130_0041,D7FJA1,CBJ29007.1
Ec-12_008300,Esi_0130_0043,D7FJA2,CBJ29008.1
Ec-12_008290,Esi_0130_0044,D7FJA3,CBJ29009.1
Ec-12_008280,Esi_0130_0045,D7FJA4,CBJ29010.1
Ec-12_008270,Esi_0130_0046,D7FJA5,CBJ29011.1
Ec-12_008260,Esi_0130_0047,D7FJA6,CBJ29012.1
Ec-12_008240,Esi_0130_0049,D7FJA7,CBJ29013.1
Ec-12_008230,Esi_0130_0052,D7FJA8,CBJ29014.1
Ec-12_008210,Esi_0130_0054,D7FJA9,CBJ29015.1
Ec-12_008200,Esi_0130_0056,D7FJB0,CBJ29016.1
,Esi_0130_0058,D7FJB1,CBJ29017.1
Ec-12_008190,Esi_0130_0061,D7FJB2,CBJ29018.1
Ec-12_008180,Esi_0130_0062,D7FJB3,CBJ29019.1
Ec-12_008170,Esi_0130_0063,D7FJB4,CBJ29020.1
Ec-12_008160,Esi_0130_0065,D7FJB5,CBJ29021.1
Ec-12_008150,Esi_0130_0068,D7FJB6,CBJ29022.1
Ec-12_008120,Esi_0130_0072,D7FJB7,CBJ29023.1
Ec-12_008100,Esi_0130_0078,D7FJB8,CBJ29024.1
Ec-12_008080,Esi_0130_0079,D7FJB9,CBJ29025.1
Ec-12_008070,Esi_0130_0082,D7FJC0,CBJ29026.1
Ec-12_008220,Esi_0130_0091,,
Ec-12_008130,Esi_0130_0092,,
Ec-12_008090,Esi_0130_0093,,
Ec-12_008480,Esi_0130_0094,,
Ec-12_008420,Esi_0130_0095,,
Ec-12_008510,Esi_0130_0096,,
Ec-12_008250,Esi_0130_0097,,
Ec-12_008140,Esi_0130_0098,,
Ec-12_008110,Esi_0130_0099,,
Ec-12_008490,Esi_0130_0100,,
Ec-21_004850,Esi_0131_0001,D8LEF7,CBN80200.1
,Esi_0131_0005,D8LEF8,CBN80201.1
Ec-21_004840,Esi_0131_0006,D8LEF9,CBN80202.1
,Esi_0131_0007,D8LEG0,CBN80203.1
,Esi_0131_0008,D8LEG1,CBN80204.1
Ec-21_004820,Esi_0131_0010,D8LEG2,CBN80205.1
Ec-21_004810,Esi_0131_0013,D8LEG3,CBN80206.1
Ec-21_004800,Esi_0131_0014,D8LEG4,CBN80207.1
Ec-21_004790,Esi_0131_0017,D8LEG5,CBN80208.1
Ec-21_004770,Esi_0131_0020,D8LEG6,CBN80209.1
Ec-21_004760,Esi_0131_0021,D8LEG7,CBN80210.1
Ec-21_004750,Esi_0131_0022,D8LEG8,CBN80211.1
Ec-21_004720,Esi_0131_0023,D8LEG9,CBN80212.1
,Esi_0131_0025,D8LEH0,CBN80213.1
Ec-21_004710,Esi_0131_0026,D8LEH1,CBN80214.1
Ec-21_004700,Esi_0131_0028,D8LEH2,CBN80215.1
Ec-21_004690,Esi_0131_0030,D8LEH3,CBN80216.1
Ec-21_004670,Esi_0131_0032,D8LEH4,CBN80217.1
Ec-21_004660,Esi_0131_0034,D8LEH5,CBN80218.1
Ec-21_004650,Esi_0131_0035,D8LEH6,CBN80219.1
Ec-21_004640,Esi_0131_0036,D8LEH7,CBN80220.1
Ec-21_004630,Esi_0131_0038,D8LEH8,CBN80221.1
Ec-21_004620,Esi_0131_0040,D8LEH9,CBN80222.1
Ec-21_004610,Esi_0131_0042,D8LEI0,CBN80223.1
Ec-21_004600,Esi_0131_0043,D8LEI1,CBN80224.1
Ec-21_004590,Esi_0131_0044,D8LEI2,CBN80225.1
Ec-21_004560,Esi_0131_0047,D8LEI3,CBN80226.1
Ec-21_004550,Esi_0131_0051,D8LEI4,CBN80227.1
Ec-21_004530,Esi_0131_0055,D8LEI5,CBN80228.1
Ec-21_004520,Esi_0131_0057,D8LEI6,CBN80229.1
Ec-21_004510,Esi_0131_0059,D8LEI7,CBN80230.1
Ec-21_004500,Esi_0131_0060,D8LEI8,CBN80231.1
Ec-21_004490,Esi_0131_0061,D8LEI9,CBN80232.1
Ec-21_004480,Esi_0131_0062,D8LEJ0,CBN80233.1
Ec-21_004470,Esi_0131_0063,D8LEJ1,CBN80234.1
Ec-21_004450,Esi_0131_0069,D8LEJ2,CBN80235.1
Ec-21_004440,Esi_0131_0070,D8LEJ3,CBN80236.1
Ec-21_004430,Esi_0131_0072,D8LEJ4,CBN80237.1
Ec-21_004410,Esi_0131_0074,D8LEJ5,CBN80238.1
Ec-21_004400,Esi_0131_0075,D8LEJ6,CBN80239.1
Ec-21_004390,Esi_0131_0078,D8LEJ7,CBN80240.1
Ec-21_004370,Esi_0131_0080,D8LEJ8,CBN80241.1
Ec-21_004360,Esi_0131_0082,D8LEJ9,CBN80242.1
Ec-21_004350,Esi_0131_0084,D8LEK0,CBN80243.1
Ec-21_004340,Esi_0131_0088,D8LEK1,CBN80244.1
Ec-21_004740,Esi_0131_0091,,
Ec-21_004730,Esi_0131_0092,,
Ec-21_004580,Esi_0131_0093,,
Ec-21_004570,Esi_0131_0094,,
Ec-21_004380,Esi_0131_0095,,
Ec-21_004420,Esi_0131_0097,,
Ec-21_004780,Esi_0131_0098,,
Ec-21_004680,Esi_0131_0099,,
Ec-21_004540,Esi_0131_0100,,
Ec-21_004460,Esi_0131_0101,,
Ec-21_004830,Esi_0131_0102,,
Ec-23_002720,Esi_0132_0008,D8LEK2,CBN78565.1
Ec-23_002710,Esi_0132_0017,D8LEK3,CBN78566.1
Ec-23_002700,Esi_0132_0019,D8LEK4,CBN78567.1
Ec-23_002690,Esi_0132_0020,D8LEK5,CBN78568.2
Ec-23_002670,Esi_0132_0023,D8LEK6,CBN78569.1
Ec-23_002650,Esi_0132_0025,D8LEK7,CBN78570.1
Ec-23_002640,Esi_0132_0028,D8LEK8,CBN78571.1
Ec-23_002620,Esi_0132_0029,D8LEK9,CBN78572.1
,Esi_0132_0030,D8LEL0,CBN78573.1
Ec-23_002610,Esi_0132_0031,D8LEL1,CBN78574.1
Ec-23_002590,Esi_0132_0033,D8LEL2,CBN78575.1
Ec-23_002580,Esi_0132_0034,D8LEL3,CBN78576.1
Ec-23_002570,Esi_0132_0035,D8LEL4,CBN78577.1
Ec-23_002560,Esi_0132_0038,D8LEL5,CBN78578.1
Ec-23_002550,Esi_0132_0039,D8LEL6,CBN78579.1
Ec-23_002540,Esi_0132_0041,D8LEL7,CBN78580.1
Ec-23_002530,Esi_0132_0043,D8LEL8,CBN78581.1
Ec-23_002520,Esi_0132_0046,D8LEL9,CBN78582.1
Ec-23_002510,Esi_0132_0047,D8LEM0,CBN78583.1
Ec-23_002500,Esi_0132_0049,D8LEM1,CBN78584.1
Ec-23_002490,Esi_0132_0050,D8LEM2,CBN78585.1
Ec-23_002470,Esi_0132_0053,D8LEM3,CBN78586.1
Ec-23_002460,Esi_0132_0054,D8LEM4,CBN78587.1
Ec-23_002450,Esi_0132_0056,D8LEM5,CBN78588.1
Ec-23_002440,Esi_0132_0058,D8LEM6,CBN78589.1
Ec-23_002410,Esi_0132_0065,D8LEM7,CBN78590.1
Ec-23_002400,Esi_0132_0066,D8LEM8,CBN78591.1
Ec-23_002380,Esi_0132_0070,D8LEM9,CBN78592.1
,Esi_0132_0071,D8LEN0,CBN78593.1
Ec-23_002360,Esi_0132_0074,D8LEN1,CBN78594.1
,Esi_0132_0077,D8LEN2,CBN78595.1
Ec-23_002340,Esi_0132_0079,D8LEN3,CBN78596.1
Ec-23_002330,Esi_0132_0081,D8LEN4,CBN78597.1
Ec-23_002320,Esi_0132_0085,D8LEN5,CBN78598.1
Ec-23_002300,Esi_0132_0099,D8LEN6,CBN78599.1
Ec-23_002620,Esi_0132_0119,,
Ec-23_002370,Esi_0132_0120,,
Ec-23_002680,Esi_0132_0121,,
Ec-23_002660,Esi_0132_0122,,
Ec-23_002600,Esi_0132_0123,,
Ec-23_002480,Esi_0132_0124,,
Ec-23_002430,Esi_0132_0125,,
Ec-23_002420,Esi_0132_0126,,
Ec-23_002390,Esi_0132_0127,,
Ec-23_002350,Esi_0132_0128,,
Ec-23_002310,Esi_0132_0129,,
Ec-14_005810,Esi_0133_0001,D7FJC4,CBJ29027.1
Ec-14_005820,Esi_0133_0004,D7FJC5,CBJ29028.1
Ec-14_005830,Esi_0133_0005,D7FJC6,CBJ29029.1
Ec-14_005840,Esi_0133_0007,D7FJC7,CBJ29030.1
Ec-14_005850,Esi_0133_0009,D7FJC8,CBJ29031.1
Ec-14_005870,Esi_0133_0013,D7FJC9,CBJ29032.1
Ec-14_005880,Esi_0133_0016,D7FJD0,CBJ29033.1
Ec-14_005890,Esi_0133_0020,D7FJD1,CBJ29034.1
Ec-14_005900,Esi_0133_0021,D7FJD2,CBJ29035.1
Ec-14_005910,Esi_0133_0022,D7FJD3,CBJ29036.1
Ec-14_005920,Esi_0133_0023,D7FJD4,CBJ29037.1
Ec-14_005930,Esi_0133_0025,D7FJD5,CBJ29038.1
Ec-14_005940,Esi_0133_0031,D7FJD6,CBJ29039.1
Ec-14_005950,Esi_0133_0034,D7FJD7,CBJ29040.1
Ec-14_005960,Esi_0133_0037,D7FJD8,CBJ29041.1
Ec-14_005970,Esi_0133_0038,D7FJD9,CBJ29042.1
Ec-14_006000,Esi_0133_0040,D7FJE0,CBJ29043.1
Ec-14_006010,Esi_0133_0041,D7FJE1,CBJ29044.1
Ec-14_006020,Esi_0133_0042,D7FJE2,CBJ29045.1
Ec-14_006030,Esi_0133_0043,D7FJE3,CBJ29046.1
Ec-14_006040,Esi_0133_0048,D7FJE4,CBJ29047.1
Ec-14_006050,Esi_0133_0049,D7FJE5,CBJ29048.1
Ec-14_006060,Esi_0133_0050,D7FJE6,CBJ29049.1
Ec-14_006070,Esi_0133_0051,D7FJE7,CBJ29050.1
Ec-14_006080,Esi_0133_0053,D7FJE8,CBJ29051.1
Ec-14_006090,Esi_0133_0055,D7FJE9,CBJ29052.1
Ec-14_006100,Esi_0133_0058,D7FJF0,CBJ29053.1
Ec-14_006110,Esi_0133_0059,D7FJF1,CBJ29054.1
Ec-14_006120,Esi_0133_0060,D7FJF2,CBJ29055.1
Ec-14_006130,Esi_0133_0061,D7FJF3,CBJ29056.1
Ec-14_006140,Esi_0133_0062,D7FJF4,CBJ29057.1
Ec-14_006150,Esi_0133_0063,D7FJF5,CBJ29058.1
Ec-14_006160,Esi_0133_0064,D7FJF6,CBJ29059.1
Ec-14_006170,Esi_0133_0065,D7FJF7,CBJ29060.1
Ec-14_006180,Esi_0133_0066,D7FJF8,CBJ29061.1
Ec-14_006190,Esi_0133_0068,D7FJF9,CBJ29062.1
Ec-14_006200,Esi_0133_0069,D7FJG0,CBJ29063.1
Ec-14_006210,Esi_0133_0071,D7FJG1,CBJ29064.1
Ec-14_006220,Esi_0133_0072,D7FJG2,CBJ29065.1
Ec-14_006230,Esi_0133_0074,D7FJG3,CBJ29066.1
Ec-14_006240,Esi_0133_0076,D7FJG4,CBJ29067.1
Ec-14_006250,Esi_0133_0078,D7FJG5,CBJ29068.1
Ec-14_006280,Esi_0133_0079,D7FJG6,CBJ29069.1
Ec-14_006300,Esi_0133_0084,D7FJG7,CBJ29070.1
Ec-14_006310,Esi_0133_0085,D7FJG8,CBJ29071.1
Ec-14_006320,Esi_0133_0086,D7FJG9,CBJ29072.1
Ec-14_006330,Esi_0133_0088,D7FJH0,CBJ29073.1
Ec-14_006340,Esi_0133_0091,D7FJH1,CBJ29074.1
Ec-14_005980,Esi_0133_0101,,
Ec-14_005990,Esi_0133_0102,,
Ec-14_006260,Esi_0133_0103,,
Ec-14_006270,Esi_0133_0104,,
Ec-14_006290,Esi_0133_0105,,
Ec-14_005860,Esi_0133_0106,,
Ec-04_006110,Esi_0134_0002,D7FJH2,CBJ29075.1
Ec-04_006120,Esi_0134_0004,D7FJH3,CBJ29076.1
Ec-04_006130,Esi_0134_0005,D7FJH4,CBJ29077.1
Ec-04_006150,Esi_0134_0007,D7FJH5,CBJ29078.1
Ec-04_006160,Esi_0134_0008,D7FJH6,CBJ29079.1
Ec-04_006170,Esi_0134_0009,D7FJH7,CBJ29080.1
Ec-04_006180,Esi_0134_0011,D7FJH8,CBJ29081.1
Ec-04_006190,Esi_0134_0014,D7FJH9,CBJ29082.1
,Esi_0134_0017,D7FJI0,CBJ29083.1
Ec-04_006200,Esi_0134_0018,D7FJI1,CBJ29084.1
Ec-04_006210,Esi_0134_0019,D7FJI2,CBJ29085.1
Ec-04_006230,Esi_0134_0020,D7FJI3,CBJ29086.1
Ec-04_006240,Esi_0134_0021,D7FJI4,CBJ29087.1
Ec-04_006250,Esi_0134_0022,D7FJI5,CBJ29088.1
Ec-04_006260,Esi_0134_0023,D7FJI6,CBJ29089.1
Ec-04_006270,Esi_0134_0027,D7FJI7,CBJ29090.1
Ec-04_006280,Esi_0134_0028,D7FJI8,CBJ29091.1
Ec-04_006290,Esi_0134_0029,D7FJI9,CBJ29092.1
Ec-04_006300,Esi_0134_0030,D7FJJ0,CBJ29093.1
Ec-04_006310,Esi_0134_0031,D7FJJ1,CBJ29094.1
Ec-04_006320,Esi_0134_0050,D7FJJ2,CBJ29095.1
Ec-04_006330,Esi_0134_0051,D7FJJ3,CBJ29096.1
,Esi_0134_0052,D7FJJ4,CBJ29097.1
Ec-04_006350,Esi_0134_0053,D7FJJ5,CBJ29098.1
Ec-04_006360,Esi_0134_0054,D7FJJ6,CBJ29099.1
Ec-04_006370,Esi_0134_0060,D7FJJ7,CBJ29100.1
Ec-04_006380,Esi_0134_0063,D7FJJ8,CBJ29101.1
Ec-04_006390,Esi_0134_0067,D7FJJ9,CBJ29102.1
Ec-04_006400,Esi_0134_0069,D7FJK0,CBJ29103.1
Ec-04_006410,Esi_0134_0070,D7FJK1,CBJ29104.1
Ec-04_006420,Esi_0134_0071,D7FJK2,CBJ29105.1
Ec-04_006430,Esi_0134_0072,D7FJK3,CBJ29106.1
Ec-04_006440,Esi_0134_0073,D7FJK4,CBJ29107.1
Ec-04_006450,Esi_0134_0074,D7FJK5,CBJ29108.1
Ec-04_006460,Esi_0134_0075,D7FJK6,CBJ29109.1
Ec-04_006470,Esi_0134_0079,D7FJK7,CBJ29110.1
Ec-04_006480,Esi_0134_0080,D7FJK8,CBJ29111.1
Ec-04_006490,Esi_0134_0084,D7FJK9,CBJ29112.1
Ec-04_006500,Esi_0134_0086,D7FJL0,CBJ29113.1
Ec-04_006510,Esi_0134_0087,D7FJL1,CBJ29114.1
Ec-04_006520,Esi_0134_0090,D7FJL2,CBJ29115.1
Ec-04_006530,Esi_0134_0091,D7FJL3,CBJ29116.1
Ec-04_006540,Esi_0134_0094,D7FJL4,CBJ29117.1
Ec-04_006140,Esi_0134_0101,,
Ec-04_006220,Esi_0134_0103,,
Ec-04_006340,Esi_0134_0104,,
Ec-09_000270,Esi_0135_0001,D7FJL6,CBJ29118.1
Ec-09_000280,Esi_0135_0005,D7FJL7,CBJ29119.1
Ec-09_000290,Esi_0135_0008,D7FJL8,CBJ29120.1
Ec-09_000300,Esi_0135_0010,D7FJL9,CBJ29121.1
Ec-09_000320,Esi_0135_0011,D7FJM0,CBJ29122.1
,Esi_0135_0013,D7FJM1,CBJ29123.1
Ec-09_000330,Esi_0135_0014,D7FJM2,CBJ29124.1
Ec-09_000340,Esi_0135_0016,D7FJM3,CBJ29125.1
Ec-09_000350,Esi_0135_0018,D7FJM4,CBJ29126.1
Ec-09_000360,Esi_0135_0019,D7FJM5,CBJ29127.1
Ec-09_000370,Esi_0135_0021,D7FJM6,CBJ29128.1
Ec-09_000380,Esi_0135_0022,D7FJM7,CBJ29129.1
Ec-09_000390,Esi_0135_0024,D7FJM8,CBJ29130.1
Ec-09_000410,Esi_0135_0025,D7FJM9,CBJ29131.1
Ec-09_000420,Esi_0135_0027,D7FJN0,CBJ29132.1
Ec-09_000430,Esi_0135_0030,D7FJN1,CBJ29133.1
Ec-09_000440,Esi_0135_0033,D7FJN2,CBJ29134.1
Ec-09_000450,Esi_0135_0035,D7FJN3,CBJ29135.1
Ec-09_000460,Esi_0135_0039,D7FJN4,CBJ29136.1
Ec-09_000480,Esi_0135_0040,D7FJN5,CBJ29137.1
Ec-09_000490,Esi_0135_0041,D7FJN6,CBJ29138.1
Ec-09_000510,Esi_0135_0042,D7FJN7,CBJ29139.1
Ec-09_000520,Esi_0135_0043,D7FJN8,CBJ29140.1
Ec-09_000540,Esi_0135_0052,D7FJN9,CBJ29141.1
Ec-09_000560,Esi_0135_0058,D7FJP0,CBJ29142.1
Ec-09_000570,Esi_0135_0060,D7FJP1,CBJ29143.1
Ec-09_000580,Esi_0135_0061,D7FJP2,CBJ29144.1
Ec-09_000590,Esi_0135_0067,D7FJP3,CBJ29145.1
Ec-09_000400,Esi_0135_0076,,
Ec-09_000500,Esi_0135_0077,,
Ec-09_000550,Esi_0135_0078,,
Ec-09_000470,Esi_0135_0079,,
Ec-09_000530,Esi_0135_0080,,
Ec-09_000310,Esi_0135_0081,,
Ec-06_010730,Esi_0136_0001,D7FJP4,CBJ29146.1
Ec-06_010710,Esi_0136_0005,D7FJP5,CBJ29147.1
Ec-06_010700,Esi_0136_0006,D7FJP6,CBJ29148.1
Ec-06_010690,Esi_0136_0008,D7FJP7,CBJ29149.1
Ec-06_010680,Esi_0136_0009,D7FJP8,CBJ29150.1
Ec-06_010670,Esi_0136_0011,D7FJP9,CBJ29151.1
Ec-06_010650,Esi_0136_0015,D7FJQ0,CBJ29152.1
Ec-06_010640,Esi_0136_0019,D7FJQ1,CBJ29153.1
Ec-06_010630,Esi_0136_0020,D7FJQ2,CBJ29154.1
Ec-06_010620,Esi_0136_0022,D7FJQ3,CBJ29155.1
Ec-06_010600,Esi_0136_0023,D7FJQ4,CBJ29156.1
,Esi_0136_0024,D7FJQ5,CBJ29157.1
Ec-06_010590,Esi_0136_0025,D7FJQ6,CBJ29158.1
Ec-06_010570,Esi_0136_0026,D7FJQ7,CBJ29159.1
Ec-06_010560,Esi_0136_0027,D7FJQ8,CBJ29160.1
Ec-06_010550,Esi_0136_0028,D7FJQ9,CBJ29161.1
Ec-06_010540,Esi_0136_0029,D7FJR0,CBJ29162.1
Ec-06_010530,Esi_0136_0031,D7FJR1,CBJ29163.1
Ec-06_010520,Esi_0136_0032,D7FJR2,CBJ29164.1
Ec-06_010510,Esi_0136_0033,D7FJR3,CBJ29165.1
Ec-06_010490,Esi_0136_0035,D7FJR4,CBJ29166.1
Ec-06_010480,Esi_0136_0037,D7FJR5,CBJ29167.1
Ec-06_010470,Esi_0136_0038,D7FJR6,CBJ29168.1
Ec-06_010460,Esi_0136_0039,D7FJR7,CBJ29169.1
Ec-06_010450,Esi_0136_0040,D7FJR8,CBJ29170.1
Ec-06_010440,Esi_0136_0041,D7FJR9,CBJ29171.1
Ec-06_010430,Esi_0136_0042,D7FJS0,CBJ29172.1
Ec-06_010420,Esi_0136_0045,D7FJS1,CBJ29173.1
Ec-06_010400,Esi_0136_0046,D7FJS2,CBJ29174.1
Ec-06_010380,Esi_0136_0047,D7FJS3,CBJ29175.1
Ec-06_010370,Esi_0136_0048,D7FJS4,CBJ29176.1
Ec-06_010360,Esi_0136_0049,D7FJS5,CBJ29177.1
Ec-06_010350,Esi_0136_0051,D7FJS6,CBJ29178.1
Ec-06_010330,Esi_0136_0053,D7FJS7,CBJ29179.1
Ec-06_010310,Esi_0136_0054,D7FJS8,CBJ29180.1
Ec-06_010300,Esi_0136_0056,D7FJS9,CBJ29181.1
Ec-06_010290,Esi_0136_0057,D7FJT0,CBJ29182.1
Ec-06_010280,Esi_0136_0058,D7FJT1,CBJ29183.1
Ec-06_010260,Esi_0136_0063,D7FJT2,CBJ29184.1
Ec-06_010250,Esi_0136_0064,D7FJT3,CBJ29185.1
Ec-06_010240,Esi_0136_0065,D7FJT4,CBJ29186.1
Ec-06_010230,Esi_0136_0066,D7FJT5,CBJ29187.1
Ec-06_010220,Esi_0136_0068,D7FJT6,CBJ29188.1
Ec-06_010200,Esi_0136_0071,D7FJT7,CBJ29189.1
Ec-06_010180,Esi_0136_0074,D7FJT8,CBJ29190.1
Ec-06_010170,Esi_0136_0078,D7FJT9,CBJ29191.1
Ec-06_010160,Esi_0136_0080,D7FJU0,CBJ29192.1
Ec-06_010130,Esi_0136_0082,D7FJU1,CBJ29193.1
Ec-06_010270,Esi_0136_0090,,
Ec-06_010410,Esi_0136_0091,,
Ec-06_010720,Esi_0136_0092,,
Ec-06_010610,Esi_0136_0093,,
Ec-06_010580,Esi_0136_0094,,
Ec-06_010500,Esi_0136_0095,,
Ec-06_010390,Esi_0136_0096,,
Ec-06_010340,Esi_0136_0097,,
Ec-06_010320,Esi_0136_0098,,
Ec-06_010210,Esi_0136_0099,,
Ec-06_010190,Esi_0136_0100,,
Ec-06_010150,Esi_0136_0101,,
Ec-06_010140,Esi_0136_0102,,
Ec-06_010660,Esi_0136_0103,,
Ec-26_000560,Esi_0137_0003,D8LEN7,CBN78600.1
Ec-26_000570,Esi_0137_0007,D8LEN8,CBN78601.1
Ec-26_000580,Esi_0137_0008,D8LEN9,CBN78602.1
Ec-26_000600,Esi_0137_0011,D8LEP0,CBN78603.1
Ec-26_000610,Esi_0137_0013,D8LEP1,CBN78604.1
Ec-26_000620,Esi_0137_0019,D8LEP2,CBN78605.1
Ec-26_000640,Esi_0137_0021,D8LEP3,CBN78606.1
Ec-26_000660,Esi_0137_0036,D8LEP4,CBN78607.1
Ec-26_000680,Esi_0137_0050,D8LEP5,CBN78608.1
Ec-26_000690,Esi_0137_0052,D8LEP6,CBN78609.1
Ec-26_000700,Esi_0137_0056,D8LEP7,CBN78610.1
,Esi_0137_0058,D8LEP8,CBN78611.1
,Esi_0137_0059,D8LEP9,CBN78612.1
Ec-26_000710,Esi_0137_0063,D8LEQ0,CBN78613.1
Ec-26_000710,Esi_0137_0065,D8LEQ1,CBN78614.1
,Esi_0137_0070,D8LEQ2,CBN78615.1
Ec-26_000720,Esi_0137_0071,D8LEQ3,CBN78616.1
,Esi_0137_0072,D8LEQ4,CBN78617.1
Ec-26_000730,Esi_0137_0073,D8LEQ5,CBN78618.1
Ec-26_000740,Esi_0137_0074,D8LEQ6,CBN78619.1
Ec-26_000760,Esi_0137_0077,D8LEQ7,CBN78620.2
Ec-26_000770,Esi_0137_0079,D8LEQ8,CBN78621.1
Ec-26_000780,Esi_0137_0080,D8LEQ9,CBN78622.1
Ec-26_000790,Esi_0137_0082,D8LER0,CBN78623.1
Ec-26_000800,Esi_0137_0084,D8LER1,CBN78624.1
Ec-26_000840,Esi_0137_0087,D8LER2,CBN78625.1
Ec-26_000850,Esi_0137_0089,D8LER3,CBN78626.1
,Esi_0137_0091,D8LER4,CBN78627.1
Ec-26_000860,Esi_0137_0092,D8LER5,CBN78628.1
Ec-26_000870,Esi_0137_0093,D8LER6,CBN78629.1
Ec-26_000880,Esi_0137_0094,D8LER7,CBN78630.1
Ec-26_000890,Esi_0137_0095,D8LER8,CBN78631.1
Ec-26_000650,Esi_0137_0104,,
Ec-26_000750,Esi_0137_0105,,
Ec-26_000820,Esi_0137_0106,,
Ec-26_000830,Esi_0137_0107,,
Ec-26_000630,Esi_0137_0108,,
Ec-26_000670,Esi_0137_0109,,
Ec-26_000810,Esi_0137_0110,,
Ec-26_000590,Esi_0137_0111,,
Ec-10_000520,Esi_0138_0001,D7FJU6,CBJ29194.1
,Esi_0138_0003,D7FJU7,CBJ29195.1
Ec-10_000540,Esi_0138_0007,D7FJU8,CBJ29196.1
Ec-10_000550,Esi_0138_0009,D7FJU9,CBJ29197.1
Ec-10_000560,Esi_0138_0011,D7FJV0,CBJ29198.1
Ec-10_000570,Esi_0138_0012,D7FJV1,CBJ29199.1
Ec-10_000590,Esi_0138_0020,D7FJV3,CBJ29201.1
Ec-10_000610,Esi_0138_0024,D7FJV4,CBJ29202.1
,Esi_0138_0025,D7FJV5,CBJ29203.1
Ec-10_000620,Esi_0138_0028,D7FJV6,CBJ29204.1
Ec-10_000630,Esi_0138_0029,D7FJV7,CBJ29205.1
Ec-10_000640,Esi_0138_0032,D7FJV8,CBJ29206.1
Ec-10_000650,Esi_0138_0034,D7FJV9,CBJ29207.1
Ec-10_000660,Esi_0138_0036,D7FJW0,CBJ29208.1
Ec-10_000670,Esi_0138_0038,D7FJW1,CBJ29209.1
Ec-10_000680,Esi_0138_0042,D7FJW2,CBJ29210.1
Ec-10_000700,Esi_0138_0044,D7FJW3,CBJ29211.1
Ec-10_000710,Esi_0138_0045,D7FJW4,CBJ29212.1
Ec-10_000720,Esi_0138_0047,D7FJW5,CBJ29213.1
,Esi_0138_0049,D7FJW6,CBJ29214.1
Ec-10_000740,Esi_0138_0051,D7FJW7,CBJ29215.1
,Esi_0138_0053,D7FJW8,CBJ29216.1
Ec-10_000750,Esi_0138_0054,D7FJW9,CBJ29217.1
,Esi_0138_0055,D7FJX0,CBJ29218.1
Ec-10_000770,Esi_0138_0056,D7FJX1,CBJ29219.1
Ec-10_000780,Esi_0138_0058,D7FJX2,CBJ29220.1
Ec-10_000790,Esi_0138_0059,D7FJX3,CBJ29221.1
Ec-10_000800,Esi_0138_0060,D7FJX4,CBJ29222.1
,Esi_0138_0061,D7FJX5,CBJ29223.1
Ec-10_000820,Esi_0138_0065,D7FJX7,CBJ29225.1
Ec-10_000830,Esi_0138_0066,D7FJX8,CBJ29226.1
Ec-10_000840,Esi_0138_0067,D7FJX9,CBJ29227.1
Ec-10_000850,Esi_0138_0070,D7FJY0,CBJ29228.1
Ec-10_000870,Esi_0138_0071,D7FJY1,CBJ29229.1
Ec-10_000880,Esi_0138_0072,D7FJY2,CBJ29230.1
Ec-10_000890,Esi_0138_0074,D7FJY3,CBJ29231.1
Ec-10_000920,Esi_0138_0077,D7FJY4,CBJ29232.1
,Esi_0138_0078,D7FJY5,CBJ29233.1
Ec-10_000810,Esi_0138_0081,,
,Esi_0138_0092,D7FJV2,CBJ29200.1
Ec-10_000530,Esi_0138_0093,,
Ec-10_000600,Esi_0138_0094,,
Ec-10_000690,Esi_0138_0095,,
Ec-10_000900,Esi_0138_0096,,
Ec-10_000730,Esi_0138_0104,,
Ec-10_000580,Esi_0138_0105,,
Ec-10_000760,Esi_0138_0106,,
Ec-10_000860,Esi_0138_0107,,
Ec-10_000910,Esi_0138_0108,,
Ec-18_003160,Esi_0139_0002,D7FJY6,CBJ49075.1
Ec-18_003150,Esi_0139_0005,D7FJY7,CBJ49076.1
Ec-18_003150,Esi_0139_0006,D7FJY8,CBJ49077.1
Ec-18_003140,Esi_0139_0007,D7FJY9,CBJ49078.1
Ec-18_003120,Esi_0139_0010,D7FJZ0,CBJ49079.1
Ec-18_003110,Esi_0139_0011,D7FJZ1,CBJ49080.1
Ec-18_003100,Esi_0139_0013,D7FJZ2,CBJ49081.1
Ec-18_003090,Esi_0139_0014,D7FJZ3,CBJ49082.1
Ec-18_003080,Esi_0139_0018,D7FJZ4,CBJ49083.1
Ec-18_003070,Esi_0139_0019,D7FJZ5,CBJ49084.1
Ec-18_003060,Esi_0139_0020,D7FJZ6,CBJ49085.1
Ec-18_003050,Esi_0139_0021,D7FJZ7,CBJ49086.1
Ec-18_003040,Esi_0139_0023,D7FJZ8,CBJ49087.1
Ec-18_003010,Esi_0139_0024,D7FJZ9,CBJ49088.1
Ec-18_002990,Esi_0139_0025,D7FK00,CBJ49089.1
Ec-18_002980,Esi_0139_0026,D7FK01,CBJ49090.1
Ec-18_002960,Esi_0139_0028,D7FK02,CBJ49091.1
Ec-18_002950,Esi_0139_0030,D7FK03,CBJ49092.1
Ec-18_002940,Esi_0139_0032,D7FK04,CBJ49093.1
,Esi_0139_0033,D7FK05,CBJ49094.1
Ec-18_002930,Esi_0139_0035,D7FK06,CBJ49095.1
Ec-18_002910,Esi_0139_0040,D7FK07,CBJ49096.1
Ec-18_002900,Esi_0139_0045,D7FK08,CBJ49097.1
Ec-18_002890,Esi_0139_0047,D7FK09,CBJ49098.1
Ec-18_002880,Esi_0139_0048,D7FK10,CBJ49099.1
Ec-18_002860,Esi_0139_0050,D7FK11,CBJ49100.1
Ec-18_002850,Esi_0139_0052,D7FK12,CBJ49101.1
Ec-18_002840,Esi_0139_0053,D7FK13,CBJ49102.1
Ec-18_002830,Esi_0139_0055,D7FK14,CBJ49103.1
Ec-18_002820,Esi_0139_0057,D7FK15,CBJ49104.1
Ec-18_002810,Esi_0139_0058,D7FK16,CBJ49105.1
Ec-18_002800,Esi_0139_0060,D7FK17,CBJ49106.1
Ec-18_002790,Esi_0139_0064,D7FK18,CBJ49107.1
Ec-18_002770,Esi_0139_0067,D7FK19,CBJ49108.1
Ec-18_002760,Esi_0139_0068,D7FK20,CBJ49109.1
Ec-18_002750,Esi_0139_0070,D7FK21,CBJ49110.1
Ec-18_002970,Esi_0139_0079,,
Ec-18_003030,Esi_0139_0080,,
Ec-18_003020,Esi_0139_0081,,
Ec-18_003000,Esi_0139_0082,,
Ec-18_002920,Esi_0139_0083,,
Ec-18_002870,Esi_0139_0084,,
Ec-18_002780,Esi_0139_0085,,
Ec-18_003130,Esi_0139_0086,,
Ec-04_006100,Esi_0140_0002,D7FK24,CBJ29234.1
Ec-04_006090,Esi_0140_0003,D7FK25,CBJ29235.1
Ec-04_006080,Esi_0140_0005,D7FK26,CBJ29236.1
Ec-04_006070,Esi_0140_0007,D7FK27,CBJ29237.1
Ec-04_006060,Esi_0140_0010,D7FK28,CBJ29238.1
Ec-04_006040,Esi_0140_0011,D7FK29,CBJ29239.1
Ec-04_006030,Esi_0140_0013,D7FK30,CBJ29240.1
Ec-04_006020,Esi_0140_0015,D7FK31,CBJ29241.1
Ec-04_006000,Esi_0140_0021,D7FK32,CBJ29242.1
Ec-04_005990,Esi_0140_0024,D7FK33,CBJ29243.1
Ec-04_005980,Esi_0140_0026,D7FK34,CBJ29244.1
Ec-04_005960,Esi_0140_0028,D7FK35,CBJ29245.1
Ec-04_005950,Esi_0140_0030,D7FK36,CBJ29246.1
,Esi_0140_0031,D7FK37,CBJ29247.1
Ec-04_005940,Esi_0140_0032,D7FK38,CBJ29248.1
Ec-04_005930,Esi_0140_0034,D7FK39,CBJ29249.1
Ec-04_005920,Esi_0140_0040,D7FK40,CBJ29250.1
Ec-04_005910,Esi_0140_0041,D7FK41,CBJ29251.1
Ec-04_005890,Esi_0140_0042,D7FK42,CBJ29252.1
Ec-04_005880,Esi_0140_0044,D7FK43,CBJ29253.1
,Esi_0140_0045,D7FK44,CBJ29254.1
Ec-04_005870,Esi_0140_0047,D7FK45,CBJ29255.1
Ec-04_005860,Esi_0140_0048,D7FK46,CBJ29256.1
Ec-04_005850,Esi_0140_0050,D7FK47,CBJ29257.1
Ec-04_005840,Esi_0140_0052,D7FK48,CBJ29258.1
Ec-04_005830,Esi_0140_0054,D7FK49,CBJ29259.1
Ec-04_005820,Esi_0140_0057,D7FK50,CBJ29260.1
Ec-04_005800,Esi_0140_0059,D7FK51,CBJ29261.1
Ec-04_005790,Esi_0140_0061,D7FK52,CBJ29262.1
Ec-04_005780,Esi_0140_0062,D7FK53,CBJ29263.1
Ec-04_005770,Esi_0140_0064,D7FK54,CBJ29264.1
,Esi_0140_0065,D7FK55,CBJ29265.1
Ec-04_005760,Esi_0140_0066,D7FK56,CBJ29266.1
Ec-04_005740,Esi_0140_0068,D7FK57,CBJ29267.1
Ec-04_005730,Esi_0140_0071,D7FK58,CBJ29268.1
Ec-04_005720,Esi_0140_0072,D7FK59,CBJ29269.1
Ec-04_005710,Esi_0140_0073,D7FK60,CBJ29270.1
Ec-04_005690,Esi_0140_0074,D7FK61,CBJ29271.1
Ec-04_005680,Esi_0140_0078,D7FK62,CBJ29272.1
Ec-04_005670,Esi_0140_0080,D7FK63,CBJ29273.1
Ec-04_005660,Esi_0140_0087,D7FK64,CBJ29274.1
Ec-04_005750,Esi_0140_0096,,
Ec-04_005970,Esi_0140_0097,,
Ec-04_006010,Esi_0140_0098,,
Ec-04_005900,Esi_0140_0099,,
Ec-04_005810,Esi_0140_0100,,
Ec-04_005700,Esi_0140_0101,,
Ec-04_006050,Esi_0140_0102,,
Ec-06_001490,Esi_0141_0003,D8LF34,CBN78632.1
Ec-06_001500,Esi_0141_0005,D8LF35,CBN78633.1
Ec-06_001510,Esi_0141_0006,D8LF36,CBN78634.1
Ec-06_001520,Esi_0141_0007,D8LF37,CBN78635.1
Ec-06_001530,Esi_0141_0009,D8LF38,CBN78636.1
Ec-06_001550,Esi_0141_0010,D8LF39,CBN78637.1
Ec-06_001570,Esi_0141_0016,D8LF40,CBN78638.2
Ec-06_001580,Esi_0141_0017,D8LF41,CBN78639.1
Ec-06_001590,Esi_0141_0018,D8LF42,CBN78640.1
Ec-06_001600,Esi_0141_0019,D8LF43,CBN78641.1
Ec-06_001610,Esi_0141_0021,D8LF44,CBN78642.1
Ec-06_001630,Esi_0141_0024,D8LF45,CBN78643.1
Ec-06_001640,Esi_0141_0028,D8LF46,CBN78644.1
Ec-06_001690,Esi_0141_0029,D8LF48,CBN78646.1
Ec-06_001700,Esi_0141_0032,D8LF49,CBN78647.1
Ec-06_001710,Esi_0141_0033,D8LF50,CBN78648.1
Ec-06_001720,Esi_0141_0034,D8LF51,CBN78649.1
Ec-06_001730,Esi_0141_0035,D8LF52,CBN78650.1
Ec-06_001740,Esi_0141_0036,D8LF53,CBN78651.1
,Esi_0141_0037,D8LF54,CBN78652.1
Ec-06_001750,Esi_0141_0038,D8LF55,CBN78653.1
Ec-06_001760,Esi_0141_0039,D8LF56,CBN78654.1
Ec-06_001770,Esi_0141_0040,D8LF57,CBN78655.1
Ec-06_001780,Esi_0141_0042,D8LF58,CBN78656.1
Ec-06_001790,Esi_0141_0043,D8LF59,CBN78657.1
Ec-06_001800,Esi_0141_0044,D8LF60,CBN78658.1
,Esi_0141_0047,D8LF61,CBN78659.1
Ec-06_001810,Esi_0141_0049,D8LF62,CBN78660.1
Ec-06_001820,Esi_0141_0055,D8LF63,CBN78661.1
Ec-06_001830,Esi_0141_0056,D8LF64,CBN78662.1
Ec-06_001840,Esi_0141_0058,D8LF65,CBN78663.1
Ec-06_001850,Esi_0141_0059,D8LF66,CBN78664.1
Ec-06_001860,Esi_0141_0060,D8LF67,CBN78665.1
Ec-06_001870,Esi_0141_0061,D8LF68,CBN78666.1
Ec-06_001880,Esi_0141_0062,D8LF69,CBN78667.1
Ec-06_001890,Esi_0141_0063,D8LF70,CBN78668.1
Ec-06_001900,Esi_0141_0065,D8LF71,CBN78669.1
Ec-06_001910,Esi_0141_0067,D8LF72,CBN78670.1
Ec-06_001920,Esi_0141_0068,D8LF73,CBN78671.1
Ec-06_001930,Esi_0141_0070,D8LF74,CBN78672.1
Ec-06_001940,Esi_0141_0072,D8LF75,CBN78673.1
Ec-06_001950,Esi_0141_0073,D8LF76,CBN78674.1
Ec-06_001960,Esi_0141_0075,D8LF77,CBN78675.1
Ec-06_001970,Esi_0141_0076,D8LF78,CBN78676.1
Ec-06_001980,Esi_0141_0079,D8LF79,CBN78677.1
Ec-06_001990,Esi_0141_0080,D8LF80,CBN78678.1
Ec-06_002000,Esi_0141_0081,D8LF81,CBN78679.1
Ec-06_001650,Esi_0141_0085,D8LF47,CBN78645.1
Ec-06_001670,Esi_0141_0087,,
Ec-06_001680,Esi_0141_0088,,
Ec-06_001540,Esi_0141_0089,,
Ec-06_001620,Esi_0141_0090,,
Ec-06_001660,Esi_0141_0091,,
Ec-06_001560,Esi_0141_0092,,
Ec-17_002950,Esi_0142_0001,D7FK70,CBJ29275.1
,Esi_0142_0002,D7FK71,CBJ29276.1
Ec-17_002970,Esi_0142_0004,D7FK72,CBJ29277.1
Ec-17_002980,Esi_0142_0009,D7FK73,CBJ29278.1
Ec-17_003020,Esi_0142_0011,D7FK74,CBJ29279.1
Ec-17_003030,Esi_0142_0012,D7FK75,CBJ29280.1
Ec-17_003040,Esi_0142_0015,D7FK76,CBJ29281.1
Ec-17_003060,Esi_0142_0016,D7FK77,CBJ29282.1
Ec-17_003070,Esi_0142_0020,D7FK78,CBJ29283.1
Ec-17_003080,Esi_0142_0021,D7FK79,CBJ29284.1
Ec-17_003090,Esi_0142_0023,D7FK80,CBJ29285.1
Ec-17_003100,Esi_0142_0027,D7FK81,CBJ29286.1
Ec-17_003110,Esi_0142_0028,D7FK82,CBJ29287.1
Ec-17_003120,Esi_0142_0030,D7FK83,CBJ29288.1
Ec-17_003130,Esi_0142_0031,D7FK84,CBJ29289.1
Ec-17_003140,Esi_0142_0034,D7FK85,CBJ29290.1
Ec-17_003150,Esi_0142_0035,D7FK86,CBJ29291.1
Ec-17_003170,Esi_0142_0038,D7FK87,CBJ29292.1
Ec-17_003180,Esi_0142_0039,D7FK88,CBJ29293.1
Ec-17_003190,Esi_0142_0040,D7FK89,CBJ29294.1
Ec-17_003200,Esi_0142_0041,D7FK90,CBJ29295.1
Ec-17_003210,Esi_0142_0042,D7FK91,CBJ29296.1
Ec-17_003220,Esi_0142_0043,D7FK92,CBJ29297.1
Ec-17_003230,Esi_0142_0046,D7FK93,CBJ29298.1
Ec-17_003240,Esi_0142_0047,D7FK94,CBJ29299.1
Ec-17_003250,Esi_0142_0050,D7FK95,CBJ29300.1
Ec-17_003260,Esi_0142_0053,D7FK96,CBJ29301.1
Ec-17_003270,Esi_0142_0054,D7FK97,CBJ29302.1
Ec-17_003280,Esi_0142_0056,D7FK98,CBJ29303.1
Ec-17_003290,Esi_0142_0060,D7FK99,CBJ29304.1
Ec-17_003300,Esi_0142_0063,D7FKA0,CBJ29305.1
Ec-17_003330,Esi_0142_0069,D7FKA1,CBJ29306.1
Ec-17_003340,Esi_0142_0070,,CBJ29307.1
Ec-17_003350,Esi_0142_0073,D7FKA3,CBJ29308.1
Ec-17_003360,Esi_0142_0076,D7FKA4,CBJ29309.1
Ec-17_003370,Esi_0142_0077,D7FKA5,CBJ29310.1
Ec-17_003000,Esi_0142_0082,,
Ec-17_003010,Esi_0142_0083,,
Ec-17_002990,Esi_0142_0085,,
Ec-17_002960,Esi_0142_0086,,
Ec-17_003050,Esi_0142_0087,,
Ec-17_003160,Esi_0142_0088,,
Ec-17_003310,Esi_0142_0089,,
Ec-17_003320,Esi_0142_0090,,
Ec-05_005500,Esi_0143_0001,D7FKA8,CBJ29311.1
Ec-05_005510,Esi_0143_0002,D7FKA9,CBJ29312.1
Ec-05_005520,Esi_0143_0003,D7FKB0,CBJ29313.1
Ec-05_005530,Esi_0143_0006,D7FKB1,CBJ29314.1
Ec-05_005550,Esi_0143_0008,D7FKB2,CBJ29315.1
Ec-05_005560,Esi_0143_0009,D7FKB3,CBJ29316.1
Ec-05_005570,Esi_0143_0011,D7FKB4,CBJ29317.1
Ec-05_005580,Esi_0143_0012,D7FKB5,CBJ29318.1
Ec-05_005590,Esi_0143_0013,D7FKB6,CBJ29319.1
Ec-05_005600,Esi_0143_0015,D7FKB7,CBJ29320.1
Ec-05_005610,Esi_0143_0016,D7FKB8,CBJ29321.1
Ec-05_005620,Esi_0143_0018,D7FKB9,CBJ29322.1
Ec-05_005640,Esi_0143_0019,D7FKC0,CBJ29323.1
Ec-05_005650,Esi_0143_0021,D7FKC1,CBJ29324.1
Ec-05_005670,Esi_0143_0024,D7FKC2,CBJ29325.1
,Esi_0143_0025,D7FKC3,CBJ29326.1
Ec-05_005680,Esi_0143_0027,D7FKC4,CBJ29327.1
,Esi_0143_0028,D7FKC5,CBJ29328.1
Ec-05_005700,Esi_0143_0035,D7FKC6,CBJ29329.1
Ec-05_005710,Esi_0143_0037,D7FKC7,CBJ29330.1
Ec-05_005720,Esi_0143_0040,D7FKC8,CBJ29331.1
Ec-05_005730,Esi_0143_0042,D7FKC9,CBJ29332.1
Ec-05_005740,Esi_0143_0043,D7FKD0,CBJ29333.1
Ec-05_005750,Esi_0143_0044,D7FKD1,CBJ29334.1
Ec-05_005760,Esi_0143_0045,D7FKD2,CBJ29335.1
Ec-05_005770,Esi_0143_0047,D7FKD3,CBJ29336.1
Ec-05_005780,Esi_0143_0049,D7FKD4,CBJ29337.1
Ec-05_005800,Esi_0143_0052,D7FKD5,CBJ29338.1
Ec-05_005810,Esi_0143_0057,D7FKD6,CBJ29339.1
Ec-05_005820,Esi_0143_0060,D7FKD7,CBJ29340.1
Ec-05_005830,Esi_0143_0062,D7FKD8,CBJ29341.1
Ec-05_005840,Esi_0143_0064,D7FKD9,CBJ29342.1
Ec-05_005850,Esi_0143_0065,D7FKE0,CBJ29343.1
Ec-05_005870,Esi_0143_0066,D7FKE1,CBJ29344.1
Ec-05_005880,Esi_0143_0068,D7FKE2,CBJ29345.1
Ec-05_005900,Esi_0143_0070,D7FKE3,CBJ29346.1
,Esi_0143_0071,D7FKE4,CBJ29347.1
Ec-05_005910,Esi_0143_0073,D7FKE5,CBJ29348.1
Ec-05_005790,Esi_0143_0082,,
Ec-05_005890,Esi_0143_0085,,
Ec-05_005540,Esi_0143_0086,,
Ec-05_005630,Esi_0143_0087,,
Ec-05_005660,Esi_0143_0088,,
Ec-05_005690,Esi_0143_0089,,
Ec-05_005860,Esi_0143_0090,,
Ec-12_002340,Esi_0144_0001,D7FKE7,CBJ29349.1
Ec-12_002330,Esi_0144_0002,D7FKE8,CBJ29350.1
Ec-12_002320,Esi_0144_0003,D7FKE9,CBJ29351.1
Ec-12_002300,Esi_0144_0004,D7FKF0,CBJ29352.1
Ec-12_002290,Esi_0144_0006,D7FKF1,CBJ29353.1
Ec-12_002280,Esi_0144_0007,D7FKF2,CBJ29354.1
Ec-12_002270,Esi_0144_0008,D7FKF3,CBJ29355.1
Ec-12_002260,Esi_0144_0009,D7FKF4,CBJ29356.1
Ec-12_002250,Esi_0144_0010,D7FKF5,CBJ29357.1
Ec-12_002240,Esi_0144_0011,D7FKF6,CBJ29358.1
Ec-12_002230,Esi_0144_0013,D7FKF7,CBJ29359.1
Ec-12_002220,Esi_0144_0014,D7FKF8,CBJ29360.1
Ec-12_002210,Esi_0144_0016,D7FKF9,CBJ29361.1
Ec-12_002200,Esi_0144_0017,D7FKG0,CBJ29362.1
Ec-12_002190,Esi_0144_0019,D7FKG1,CBJ29363.1
Ec-12_002180,Esi_0144_0021,D7FKG2,CBJ29364.1
Ec-12_002170,Esi_0144_0022,D7FKG3,CBJ29365.1
,Esi_0144_0024,D7FKG4,CBJ29366.1
Ec-12_002160,Esi_0144_0025,D7FKG5,CBJ29367.1
Ec-12_002150,Esi_0144_0026,D7FKG6,CBJ29368.1
Ec-12_002140,Esi_0144_0027,D7FKG7,CBJ29369.1
Ec-12_002130,Esi_0144_0028,D7FKG8,CBJ29370.1
Ec-12_002120,Esi_0144_0029,D7FKG9,CBJ29371.1
Ec-12_002110,Esi_0144_0031,D7FKH0,CBJ29372.1
Ec-12_002100,Esi_0144_0032,D7FKH1,CBJ29373.1
Ec-12_002090,Esi_0144_0034,D7FKH2,CBJ29374.1
Ec-12_002080,Esi_0144_0035,D7FKH3,CBJ29375.1
Ec-12_002060,Esi_0144_0036,D7FKH4,CBJ29376.1
Ec-12_002050,Esi_0144_0037,D7FKH5,CBJ29377.1
Ec-12_002030,Esi_0144_0038,D7FKH6,CBJ29378.1
Ec-12_002020,Esi_0144_0039,D7FKH7,CBJ29379.1
Ec-12_002010,Esi_0144_0041,D7FKH8,CBJ29380.1
Ec-12_002000,Esi_0144_0042,D7FKH9,CBJ29381.1
Ec-12_001990,Esi_0144_0044,D7FKI0,CBJ29382.1
Ec-12_001980,Esi_0144_0045,D7FKI1,CBJ29383.1
Ec-12_001970,Esi_0144_0048,D7FKI2,CBJ29384.1
Ec-12_001960,Esi_0144_0049,D7FKI3,CBJ29385.1
Ec-12_001950,Esi_0144_0052,D7FKI4,CBJ29386.1
Ec-12_001940,Esi_0144_0053,D7FKI5,CBJ29387.1
Ec-12_001930,Esi_0144_0054,D7FKI6,CBJ29388.1
Ec-12_001920,Esi_0144_0055,D7FKI7,CBJ29389.1
Ec-12_001900,Esi_0144_0057,D7FKI8,CBJ29390.1
Ec-12_001890,Esi_0144_0062,D7FKI9,CBJ29391.1
Ec-12_001880,Esi_0144_0063,D7FKJ0,CBJ29392.1
,Esi_0144_0064,D7FKJ1,CBJ29393.1
Ec-12_001870,Esi_0144_0066,D7FKJ2,CBJ29394.1
Ec-12_001860,Esi_0144_0067,D7FKJ3,CBJ29395.1
Ec-12_001850,Esi_0144_0068,D7FKJ4,CBJ29396.1
Ec-12_001840,Esi_0144_0069,D7FKJ5,CBJ29397.1
Ec-12_001830,Esi_0144_0070,D7FKJ6,CBJ29398.1
Ec-12_001810,Esi_0144_0071,D7FKJ7,CBJ29399.1
Ec-12_001800,Esi_0144_0073,D7FKJ8,CBJ29400.1
,Esi_0144_0074,D7FKJ9,CBJ29401.1
,Esi_0144_0075,D7FKK0,CBJ29402.1
Ec-12_001790,Esi_0144_0076,D7FKK1,CBJ29403.1
Ec-12_001780,Esi_0144_0077,D7FKK2,CBJ29404.1
Ec-12_001770,Esi_0144_0080,D7FKK3,CBJ29405.1
Ec-12_001760,Esi_0144_0081,D7FKK4,CBJ29406.1
Ec-12_001750,Esi_0144_0082,D7FKK5,CBJ29407.1
Ec-12_002040,Esi_0144_0086,,
Ec-12_001910,Esi_0144_0087,,
Ec-12_002070,Esi_0144_0088,,
Ec-12_002310,Esi_0144_0089,,
Ec-12_001820,Esi_0144_0090,,
Ec-01_003980,Esi_0145_0001,D8LF82,CBN78807.1
Ec-01_003990,Esi_0145_0004,D8LF83,CBN78808.1
Ec-01_004000,Esi_0145_0005,D8LF84,CBN78809.1
Ec-01_004010,Esi_0145_0006,D8LF85,CBN78810.1
Ec-01_004020,Esi_0145_0007,D8LF86,CBN78811.1
Ec-01_004030,Esi_0145_0010,D8LF87,CBN78812.1
Ec-01_004040,Esi_0145_0013,D8LF88,CBN78813.2
Ec-01_004050,Esi_0145_0014,D8LF89,CBN78814.1
Ec-01_004060,Esi_0145_0016,D8LF90,CBN78815.1
Ec-01_004080,Esi_0145_0021,D8LF91,CBN78816.1
Ec-01_004090,Esi_0145_0025,D8LF92,CBN78817.1
Ec-01_004100,Esi_0145_0026,D8LF93,CBN78818.1
Ec-01_004110,Esi_0145_0028,D8LF94,CBN78819.1
Ec-01_004120,Esi_0145_0029,D8LF95,CBN78820.1
Ec-01_004130,Esi_0145_0031,D8LF96,CBN78821.1
Ec-01_004140,Esi_0145_0032,D8LF97,CBN78822.1
Ec-01_004150,Esi_0145_0034,D8LF98,CBN78823.1
Ec-01_004160,Esi_0145_0036,D8LF99,CBN78824.1
Ec-01_004180,Esi_0145_0038,D8LFA0,CBN78825.1
Ec-01_004200,Esi_0145_0040,D8LFA1,CBN78826.1
Ec-01_004220,Esi_0145_0047,D8LFA2,CBN78827.1
Ec-01_004230,Esi_0145_0049,D8LFA3,CBN78828.1
Ec-01_004240,Esi_0145_0050,D8LFA4,CBN78829.1
Ec-01_004250,Esi_0145_0051,D8LFA5,CBN78830.1
Ec-01_004260,Esi_0145_0056,D8LFA6,CBN78831.1
Ec-01_004270,Esi_0145_0057,D8LFA7,CBN78832.1
Ec-01_004280,Esi_0145_0058,D8LFA8,CBN78833.1
,Esi_0145_0060,D8LFA9,CBN78834.1
Ec-01_004290,Esi_0145_0062,D8LFB0,CBN78835.1
,Esi_0145_0063,D8LFB1,CBN78836.1
Ec-01_004300,Esi_0145_0064,D8LFB2,CBN78837.1
Ec-01_004310,Esi_0145_0066,D8LFB3,CBN78838.1
obsolete,Esi_0145_0067,D8LFB4,CBN78839.1
Ec-01_004320,Esi_0145_0068,D8LFB5,CBN78840.1
Ec-01_004330,Esi_0145_0070,D8LFB6,CBN78841.1
Ec-01_004340,Esi_0145_0071,D8LFB7,CBN78842.1
Ec-01_004350,Esi_0145_0073,D8LFB8,CBN78843.1
Ec-01_004210,Esi_0145_0078,,
Ec-01_004070,Esi_0145_0079,,
Ec-01_004170,Esi_0145_0080,,
Ec-01_004190,Esi_0145_0081,,
Ec-09_000600,Esi_0146_0006,D7FKK8,CBJ29408.1
Ec-09_000610,Esi_0146_0007,D7FKK9,CBJ29409.1
Ec-09_000620,Esi_0146_0022,D7FKL0,CBJ29410.1
Ec-09_000630,Esi_0146_0023,D7FKL1,CBJ29411.1
Ec-09_000640,Esi_0146_0024,D7FKL2,CBJ29412.1
,Esi_0146_0025,D7FKL3,CBJ29413.1
Ec-09_000650,Esi_0146_0026,D7FKL4,CBJ29414.1
Ec-09_000660,Esi_0146_0027,D7FKL5,CBJ29415.1
Ec-09_000670,Esi_0146_0031,D7FKL6,CBJ29416.1
Ec-09_000680,Esi_0146_0032,D7FKL7,CBJ29417.1
Ec-09_000690,Esi_0146_0034,D7FKL8,CBJ29418.1
Ec-09_000710,Esi_0146_0035,D7FKL9,CBJ29419.1
Ec-09_000720,Esi_0146_0041,D7FKM0,CBJ29420.1
Ec-09_000730,Esi_0146_0042,D7FKM1,CBJ29421.1
Ec-09_000740,Esi_0146_0043,D7FKM2,CBJ29422.1
Ec-09_000750,Esi_0146_0044,D7FKM3,CBJ29423.1
Ec-09_000760,Esi_0146_0045,D7FKM4,CBJ29424.1
,Esi_0146_0046,D7FKM5,CBJ29425.1
Ec-09_000770,Esi_0146_0048,D7FKM6,CBJ29426.1
Ec-09_000780,Esi_0146_0049,D7FKM7,CBJ29427.1
Ec-09_000810,Esi_0146_0050,D7FKM8,CBJ29428.1
Ec-09_000830,Esi_0146_0051,D7FKM9,CBJ29429.1
Ec-09_000840,Esi_0146_0052,D7FKN0,CBJ29430.1
Ec-09_000850,Esi_0146_0056,D7FKN1,CBJ29431.1
Ec-09_000860,Esi_0146_0057,D7FKN2,CBJ29432.1
Ec-09_000870,Esi_0146_0058,D7FKN3,CBJ29433.1
Ec-09_000880,Esi_0146_0059,D7FKN4,CBJ29434.1
Ec-09_000890,Esi_0146_0063,D7FKN5,CBJ29435.1
Ec-09_000900,Esi_0146_0065,D7FKN6,CBJ29436.1
Ec-09_000910,Esi_0146_0066,D7FKN7,CBJ29437.1
Ec-09_000920,Esi_0146_0068,D7FKN8,CBJ29438.1
Ec-09_000930,Esi_0146_0070,D7FKN9,CBJ29439.1
Ec-09_000940,Esi_0146_0074,D7FKP0,CBJ29440.1
Ec-09_000790,Esi_0146_0080,,
Ec-09_000800,Esi_0146_0081,,
Ec-09_000820,Esi_0146_0082,,
Ec-09_000700,Esi_0146_0084,,
Ec-21_001620,Esi_0147_0006,D7FKP2,CBJ29441.1
Ec-21_001630,Esi_0147_0011,D7FKP3,CBJ29442.1
,Esi_0147_0012,D7FKP4,CBJ29443.1
Ec-21_001640,Esi_0147_0013,D7FKP5,CBJ29444.1
Ec-21_001650,Esi_0147_0014,D7FKP6,CBJ29445.1
Ec-21_001660,Esi_0147_0016,D7FKP7,CBJ29446.1
Ec-21_001670,Esi_0147_0017,D7FKP8,CBJ29447.1
Ec-21_001680,Esi_0147_0018,D7FKP9,CBJ29448.1
Ec-21_001690,Esi_0147_0025,D7FKQ0,CBJ29449.1
Ec-21_001700,Esi_0147_0026,D7FKQ1,CBJ29450.1
Ec-21_001710,Esi_0147_0027,D7FKQ2,CBJ29451.1
Ec-21_001720,Esi_0147_0031,D7FKQ3,CBJ29452.1
Ec-21_001730,Esi_0147_0032,D7FKQ4,CBJ29453.1
Ec-21_001750,Esi_0147_0033,D7FKQ5,CBJ29454.1
,Esi_0147_0034,D7FKQ6,CBJ29455.1
Ec-21_001760,Esi_0147_0035,D7FKQ7,CBJ29456.1
Ec-21_001770,Esi_0147_0037,D7FKQ8,CBJ29457.1
Ec-21_001780,Esi_0147_0051,D7FKQ9,CBJ29458.1
Ec-21_001790,Esi_0147_0052,D7FKR0,CBJ29459.1
Ec-21_001800,Esi_0147_0053,D7FKR1,CBJ29460.1
Ec-21_001810,Esi_0147_0055,D7FKR2,CBJ29461.1
Ec-21_001820,Esi_0147_0057,D7FKR3,CBJ29462.1
Ec-21_001830,Esi_0147_0060,D7FKR4,CBJ29463.1
Ec-21_001840,Esi_0147_0061,D7FKR5,CBJ29464.1
Ec-21_001850,Esi_0147_0062,D7FKR6,CBJ29465.1
Ec-21_001860,Esi_0147_0064,D7FKR7,CBJ29466.1
Ec-21_001870,Esi_0147_0066,D7FKR8,CBJ29467.1
Ec-21_001880,Esi_0147_0067,D7FKR9,CBJ29468.1
Ec-21_001890,Esi_0147_0068,D7FKS0,CBJ29469.1
Ec-21_001900,Esi_0147_0073,D7FKS1,CBJ29470.1
Ec-21_001910,Esi_0147_0074,D7FKS2,CBJ29471.1
Ec-21_001920,Esi_0147_0077,D7FKS3,CBJ29472.1
Ec-21_001950,Esi_0147_0079,D7FKS4,CBJ29473.1
Ec-21_001960,Esi_0147_0081,D7FKS5,CBJ29474.1
Ec-21_001970,Esi_0147_0082,D7FKS6,CBJ29475.1
Ec-21_001980,Esi_0147_0083,D7FKS7,CBJ29476.1
Ec-21_001740,Esi_0147_0090,,
Ec-21_001930,Esi_0147_0091,,
Ec-21_001940,Esi_0147_0092,,
Ec-07_005710,Esi_0148_0005,D8LFB9,CBN75579.1
Ec-07_005730,Esi_0148_0009,D8LFC0,CBN75580.1
Ec-07_005740,Esi_0148_0011,D8LFC1,CBN75581.1
Ec-07_005760,Esi_0148_0014,D8LFC2,CBN75582.1
Ec-07_005770,Esi_0148_0015,D8LFC3,CBN75583.1
Ec-07_005780,Esi_0148_0018,D8LFC4,CBN75584.1
Ec-07_005790,Esi_0148_0019,D8LFC5,CBN75585.1
Ec-07_005800,Esi_0148_0021,D8LFC6,CBN75586.1
Ec-07_005810,Esi_0148_0022,D8LFC7,CBN75587.1
Ec-07_005820,Esi_0148_0023,D8LFC8,CBN75588.1
Ec-07_005830,Esi_0148_0025,D8LFC9,CBN75589.1
,Esi_0148_0026,D8LFD0,CBN75590.1
Ec-07_005840,Esi_0148_0027,D8LFD1,CBN75591.1
Ec-07_005850,Esi_0148_0028,D8LFD2,CBN75592.1
Ec-07_005860,Esi_0148_0030,D8LFD3,CBN75593.1
Ec-07_005870,Esi_0148_0033,D8LFD4,CBN75594.1
Ec-07_005880,Esi_0148_0035,D8LFD5,CBN75595.1
Ec-07_005890,Esi_0148_0037,D8LFD6,CBN75596.1
Ec-07_005900,Esi_0148_0038,D8LFD7,CBN75597.1
Ec-07_005910,Esi_0148_0039,D8LFD8,CBN75598.1
Ec-07_005920,Esi_0148_0040,D8LFD9,CBN75599.1
Ec-07_005930,Esi_0148_0042,D8LFE0,CBN75600.1
Ec-07_005940,Esi_0148_0046,D8LFE1,CBN75601.1
Ec-07_005950,Esi_0148_0048,D8LFE2,CBN75602.1
Ec-07_005960,Esi_0148_0049,D8LFE3,CBN75603.1
Ec-07_005970,Esi_0148_0050,D8LFE4,CBN75604.1
Ec-07_005980,Esi_0148_0051,D8LFE5,CBN75605.1
Ec-07_005990,Esi_0148_0052,D8LFE6,CBN75606.1
Ec-07_006000,Esi_0148_0055,D8LFE7,CBN75607.1
Ec-07_006010,Esi_0148_0058,D8LFE8,CBN75608.1
Ec-07_006020,Esi_0148_0060,D8LFE9,CBN75609.1
Ec-07_006030,Esi_0148_0061,D8LFF0,CBN75610.1
Ec-07_006040,Esi_0148_0062,D8LFF1,CBN75611.1
Ec-07_006050,Esi_0148_0063,D8LFF2,CBN75612.1
Ec-07_006060,Esi_0148_0066,D8LFF3,CBN75613.1
Ec-07_006100,Esi_0148_0068,D8LFF4,CBN75614.1
Ec-07_006120,Esi_0148_0070,D8LFF5,CBN75615.1
Ec-07_006140,Esi_0148_0071,D8LFF6,CBN75616.1
Ec-07_006150,Esi_0148_0072,D8LFF7,CBN75617.1
Ec-07_006160,Esi_0148_0073,D8LFF8,CBN75618.1
Ec-07_006170,Esi_0148_0074,D8LFF9,CBN75619.1
Ec-07_006130,Esi_0148_0077,,
Ec-07_005720,Esi_0148_0078,,
Ec-07_006070,Esi_0148_0079,,
Ec-07_006080,Esi_0148_0080,,
Ec-07_006090,Esi_0148_0081,,
Ec-07_006110,Esi_0148_0082,,
Ec-07_005750,Esi_0148_0083,,
Ec-17_001290,Esi_0149_0002,D7FKT2,CBJ29477.1
Ec-17_001300,Esi_0149_0004,D7FKT3,CBJ29478.1
Ec-17_001300,Esi_0149_0005,D7FKT4,CBJ29479.1
Ec-17_001310,Esi_0149_0007,D7FKT5,CBJ29480.1
Ec-17_001320,Esi_0149_0009,D7FKT6,CBJ29481.1
Ec-17_001330,Esi_0149_0010,D7FKT7,CBJ29482.1
Ec-17_001340,Esi_0149_0011,D7FKT8,CBJ29483.1
Ec-17_001350,Esi_0149_0012,D7FKT9,CBJ29484.1
Ec-17_001360,Esi_0149_0013,D7FKU0,CBJ29485.1
Ec-17_001370,Esi_0149_0014,D7FKU1,CBJ29486.1
Ec-17_001380,Esi_0149_0016,D7FKU2,CBJ29487.1
Ec-17_001390,Esi_0149_0017,D7FKU3,CBJ29488.1
Ec-17_001410,Esi_0149_0020,D7FKU4,CBJ29489.1
Ec-17_001420,Esi_0149_0021,D7FKU5,CBJ29490.1
Ec-17_001430,Esi_0149_0023,D7FKU6,CBJ29491.1
Ec-17_001440,Esi_0149_0024,D7FKU7,CBJ29492.1
Ec-17_001450,Esi_0149_0026,D7FKU8,CBJ29493.1
Ec-17_001460,Esi_0149_0027,D7FKU9,CBJ29494.1
Ec-17_001470,Esi_0149_0028,D7FKV0,CBJ29495.1
Ec-17_001480,Esi_0149_0031,D7FKV1,CBJ29496.1
,Esi_0149_0032,D7FKV2,CBJ29497.1
Ec-17_001490,Esi_0149_0033,D7FKV3,CBJ29498.1
Ec-17_001500,Esi_0149_0035,D7FKV4,CBJ29499.1
Ec-17_001510,Esi_0149_0036,D7FKV5,CBJ29500.1
,Esi_0149_0039,D7FKV6,CBJ29501.1
Ec-17_001520,Esi_0149_0040,D7FKV7,CBJ29502.1
Ec-17_001530,Esi_0149_0043,D7FKV8,CBJ29503.1
Ec-17_001550,Esi_0149_0054,D7FKV9,CBJ29504.1
Ec-17_001560,Esi_0149_0056,D7FKW0,CBJ29505.1
Ec-17_001570,Esi_0149_0057,D7FKW1,CBJ29506.1
Ec-17_001580,Esi_0149_0058,D7FKW2,CBJ29507.1
Ec-17_001590,Esi_0149_0059,D7FKW3,CBJ29508.1
Ec-17_001600,Esi_0149_0062,D7FKW4,CBJ29509.1
Ec-17_001610,Esi_0149_0063,D7FKW5,CBJ29510.1
Ec-17_001630,Esi_0149_0065,D7FKW6,CBJ29511.1
Ec-17_001640,Esi_0149_0066,D7FKW7,CBJ29512.1
Ec-17_001650,Esi_0149_0067,D7FKW8,CBJ29513.1
Ec-17_001660,Esi_0149_0069,D7FKW9,CBJ29514.1
Ec-17_001670,Esi_0149_0070,D7FKX0,CBJ29515.1
Ec-17_001680,Esi_0149_0073,D7FKX1,CBJ29516.1
Ec-17_001690,Esi_0149_0074,D7FKX2,CBJ29517.1
Ec-17_001710,Esi_0149_0075,D7FKX3,CBJ29518.1
Ec-17_001720,Esi_0149_0076,D7FKX4,CBJ29519.1
Ec-17_001730,Esi_0149_0077,D7FKX5,CBJ29520.1
Ec-17_001740,Esi_0149_0078,D7FKX6,CBJ29521.1
Ec-17_001750,Esi_0149_0081,D7FKX7,CBJ29522.1
Ec-17_001760,Esi_0149_0082,D7FKX8,CBJ29523.1
Ec-17_001790,Esi_0149_0084,D7FKX9,CBJ29524.1
Ec-17_001700,Esi_0149_0094,,
Ec-17_001400,Esi_0149_0095,,
Ec-17_001540,Esi_0149_0096,,
Ec-17_001620,Esi_0149_0097,,
Ec-17_001770,Esi_0149_0098,,
Ec-17_001780,Esi_0149_0099,,
Ec-21_002390,Esi_0150_0004,D7FKY2,CBJ29525.1
Ec-21_002380,Esi_0150_0013,D7FKY3,CBJ29526.1
Ec-21_002370,Esi_0150_0014,D7FKY4,CBJ29527.1
Ec-21_002360,Esi_0150_0016,D7FKY5,CBJ29528.1
Ec-21_002350,Esi_0150_0020,D7FKY6,CBJ29529.1
Ec-21_002340,Esi_0150_0021,D7FKY7,CBJ29530.1
Ec-21_002330,Esi_0150_0023,D7FKY8,CBJ29531.1
Ec-21_002320,Esi_0150_0024,D7FKY9,CBJ29532.1
Ec-21_002310,Esi_0150_0028,D7FKZ0,CBJ29533.1
Ec-21_002300,Esi_0150_0029,D7FKZ1,CBJ29534.1
Ec-21_002280,Esi_0150_0031,D7FKZ2,CBJ29535.1
obsolete,Esi_0150_0032,D7FKZ3,CBJ29536.1
Ec-21_002270,Esi_0150_0042,D7FKZ4,CBJ29537.1
Ec-21_002260,Esi_0150_0044,D7FKZ5,CBJ29538.1
Ec-21_002250,Esi_0150_0045,D7FKZ6,CBJ29539.1
Ec-21_002240,Esi_0150_0046,D7FKZ7,CBJ29540.1
Ec-21_002230,Esi_0150_0047,D7FKZ8,CBJ29541.1
Ec-21_002220,Esi_0150_0048,D7FKZ9,CBJ29542.1
Ec-21_002210,Esi_0150_0049,D7FL00,CBJ29543.1
Ec-21_002200,Esi_0150_0050,D7FL01,CBJ29544.1
Ec-21_002130,Esi_0150_0056,D7FL02,CBJ29545.1
Ec-21_002120,Esi_0150_0060,D7FL03,CBJ29546.1
Ec-21_002110,Esi_0150_0061,D7FL04,CBJ29547.1
Ec-21_002100,Esi_0150_0064,D7FL05,CBJ29548.1
Ec-21_002090,Esi_0150_0065,D7FL06,CBJ29549.1
Ec-21_002080,Esi_0150_0066,D7FL07,CBJ29550.1
Ec-21_002070,Esi_0150_0067,D7FL08,CBJ29551.1
Ec-21_002060,Esi_0150_0068,D7FL09,CBJ29552.1
Ec-21_002050,Esi_0150_0069,D7FL10,CBJ29553.1
Ec-21_002040,Esi_0150_0070,D7FL11,CBJ29554.1
Ec-21_002030,Esi_0150_0071,D7FL12,CBJ29555.1
Ec-21_002020,Esi_0150_0072,D7FL13,CBJ29556.1
Ec-21_002010,Esi_0150_0076,D7FL14,CBJ29557.1
Ec-21_002000,Esi_0150_0078,D7FL15,CBJ29558.1
Ec-21_001990,Esi_0150_0079,D7FL16,CBJ29559.1
Ec-21_002180,Esi_0150_0093,,
Ec-21_002170,Esi_0150_0094,,
Ec-21_002150,Esi_0150_0095,,
Ec-21_002160,Esi_0150_0096,,
Ec-21_002290,Esi_0150_0097,,
Ec-21_002190,Esi_0150_0098,,
Ec-21_002140,Esi_0150_0099,,
Ec-01_001420,Esi_0151_0001,D8LFP6,CBN75620.1
Ec-01_001410,Esi_0151_0002,D8LFP7,CBN75621.1
Ec-01_001370,Esi_0151_0004,D8LFP8,CBN75622.1
Ec-01_001350,Esi_0151_0005,D8LFP9,CBN75623.1
Ec-01_001340,Esi_0151_0006,D8LFQ0,CBN75624.1
Ec-01_001320,Esi_0151_0010,D8LFQ1,CBN75625.1
Ec-01_001310,Esi_0151_0011,D8LFQ2,CBN75626.1
Ec-01_001300,Esi_0151_0012,D8LFQ3,CBN75627.1
Ec-01_001290,Esi_0151_0014,D8LFQ4,CBN75628.1
,Esi_0151_0017,D8LFQ5,CBN75629.1
Ec-01_001280,Esi_0151_0018,D8LFQ6,CBN75630.1
Ec-01_001270,Esi_0151_0021,D8LFQ7,CBN75631.1
Ec-01_001260,Esi_0151_0023,D8LFQ8,CBN75632.1
Ec-01_001250,Esi_0151_0025,D8LFQ9,CBN75633.1
Ec-01_001240,Esi_0151_0027,D8LFR0,CBN75634.1
Ec-01_001230,Esi_0151_0029,D8LFR1,CBN75635.1
,Esi_0151_0030,D8LFR2,CBN75636.1
Ec-01_001220,Esi_0151_0032,D8LFR3,CBN75637.1
Ec-01_001210,Esi_0151_0034,D8LFR4,CBN75638.1
,Esi_0151_0035,D8LFR5,CBN75639.1
Ec-01_001200,Esi_0151_0036,D8LFR6,CBN75640.1
Ec-01_001190,Esi_0151_0037,D8LFR7,CBN75641.1
Ec-01_001180,Esi_0151_0039,D8LFR8,CBN75642.1
Ec-01_001170,Esi_0151_0040,D8LFR9,CBN75643.1
Ec-01_001160,Esi_0151_0041,D8LFS0,CBN75644.1
Ec-01_001150,Esi_0151_0044,D8LFS1,CBN75645.1
Ec-01_001140,Esi_0151_0046,D8LFS2,CBN75646.1
Ec-01_001120,Esi_0151_0047,D8LFS3,CBN75647.1
,Esi_0151_0048,D8LFS4,CBN75648.1
Ec-01_001110,Esi_0151_0049,D8LFS5,CBN75649.1
Ec-01_001100,Esi_0151_0051,D8LFS6,CBN75650.1
Ec-01_001090,Esi_0151_0053,D8LFS7,CBN75651.1
Ec-01_001080,Esi_0151_0054,D8LFS8,CBN75652.1
Ec-01_001070,Esi_0151_0056,D8LFS9,CBN75653.1
Ec-01_001060,Esi_0151_0057,D8LFT0,CBN75654.1
Ec-01_001040,Esi_0151_0058,D8LFT1,CBN75655.1
Ec-01_001030,Esi_0151_0059,D8LFT2,CBN75656.1
Ec-01_001020,Esi_0151_0060,D8LFT3,CBN75657.1
Ec-01_001010,Esi_0151_0061,D8LFT4,CBN75658.1
Ec-01_001000,Esi_0151_0062,D8LFT5,CBN75659.1
Ec-01_000990,Esi_0151_0064,D8LFT6,CBN75660.1
Ec-01_000980,Esi_0151_0065,D8LFT7,CBN75661.1
Ec-01_000970,Esi_0151_0067,D8LFT8,CBN75662.1
Ec-01_000960,Esi_0151_0070,D8LFT9,CBN75663.1
Ec-01_000950,Esi_0151_0071,D8LFU0,CBN75664.1
Ec-01_000940,Esi_0151_0073,D8LFU1,CBN75665.1
Ec-01_000930,Esi_0151_0077,D8LFU2,CBN75666.1
Ec-01_000920,Esi_0151_0079,D8LFU3,CBN75667.1
Ec-01_000910,Esi_0151_0081,D8LFU4,CBN75668.1
Ec-01_001400,Esi_0151_0095,,
Ec-01_001390,Esi_0151_0096,,
Ec-01_001380,Esi_0151_0097,,
Ec-01_001130,Esi_0151_0099,,
Ec-01_001050,Esi_0151_0100,,
Ec-01_001360,Esi_0151_0101,,
Ec-01_001330,Esi_0151_0102,,
Ec-05_005490,Esi_0152_0002,D8LFU5,CBN78844.1
Ec-05_005480,Esi_0152_0003,D8LFU6,CBN78845.1
Ec-05_005470,Esi_0152_0004,D8LFU7,CBN78846.1
Ec-05_005460,Esi_0152_0006,D8LFU8,CBN78847.1
Ec-05_005450,Esi_0152_0008,D8LFU9,CBN78848.1
Ec-05_005440,Esi_0152_0009,D8LFV0,CBN78849.2
Ec-05_005430,Esi_0152_0010,D8LFV1,CBN78850.1
Ec-05_005410,Esi_0152_0011,D8LFV2,CBN78851.1
Ec-05_005400,Esi_0152_0013,D8LFV3,CBN78852.1
Ec-05_005390,Esi_0152_0014,D8LFV4,CBN78853.1
Ec-05_005380,Esi_0152_0015,D8LFV5,CBN78854.1
Ec-05_005360,Esi_0152_0019,D8LFV6,CBN78855.1
Ec-05_005350,Esi_0152_0021,D8LFV7,CBN78856.1
Ec-05_005340,Esi_0152_0022,D8LFV8,CBN78857.1
Ec-05_005330,Esi_0152_0023,D8LFV9,CBN78858.1
Ec-05_005320,Esi_0152_0024,D8LFW0,CBN78859.1
Ec-05_005310,Esi_0152_0025,D8LFW1,CBN78860.1
Ec-05_005300,Esi_0152_0026,D8LFW2,CBN78861.1
Ec-05_005290,Esi_0152_0029,D8LFW3,CBN78862.1
Ec-05_005280,Esi_0152_0030,D8LFW4,CBN78863.1
Ec-05_005270,Esi_0152_0032,D8LFW5,CBN78864.1
Ec-05_005260,Esi_0152_0033,D8LFW6,CBN78865.1
Ec-05_005240,Esi_0152_0035,D8LFW7,CBN78866.1
Ec-05_005220,Esi_0152_0037,D8LFW8,CBN78867.1
Ec-05_005200,Esi_0152_0040,D8LFW9,CBN78868.1
Ec-05_005190,Esi_0152_0041,D8LFX0,CBN78869.1
,Esi_0152_0042,D8LFX1,CBN78870.1
Ec-05_005180,Esi_0152_0043,D8LFX2,CBN78871.1
Ec-05_005160,Esi_0152_0044,D8LFX3,CBN78872.1
Ec-05_005150,Esi_0152_0045,D8LFX4,CBN78873.1
Ec-05_005140,Esi_0152_0046,D8LFX5,CBN78874.1
Ec-05_005130,Esi_0152_0048,D8LFX6,CBN78875.1
Ec-05_005120,Esi_0152_0049,D8LFX7,CBN78876.1
Ec-05_005100,Esi_0152_0050,D8LFX8,CBN78877.1
Ec-05_005090,Esi_0152_0051,D8LFX9,CBN78878.1
Ec-05_005060,Esi_0152_0057,D8LFY0,CBN78879.1
Ec-05_005050,Esi_0152_0060,D8LFY1,CBN78880.1
Ec-05_005040,Esi_0152_0062,D8LFY2,CBN78881.1
Ec-05_005030,Esi_0152_0069,D8LFY3,CBN78882.1
Ec-05_005020,Esi_0152_0072,D8LFY4,CBN78883.1
Ec-05_005010,Esi_0152_0073,D8LFY5,CBN78884.1
Ec-05_005420,Esi_0152_0083,,
Ec-05_005370,Esi_0152_0084,,
Ec-05_005250,Esi_0152_0085,,
Ec-05_005230,Esi_0152_0086,,
Ec-05_005210,Esi_0152_0087,,
Ec-05_005170,Esi_0152_0088,,
Ec-05_005110,Esi_0152_0089,,
Ec-05_005080,Esi_0152_0090,,
Ec-05_005070,Esi_0152_0091,,
Ec-05_007030,Esi_0153_0002,D7FL23,CBJ29560.1
Ec-05_007020,Esi_0153_0003,D7FL24,CBJ29561.1
Ec-05_007000,Esi_0153_0004,D7FL25,CBJ29562.1
Ec-05_006990,Esi_0153_0005,D7FL26,CBJ29563.1
Ec-05_006980,Esi_0153_0008,D7FL27,CBJ29564.1
Ec-05_006880,Esi_0153_0013,D7FL28,CBJ29565.1
Ec-05_006870,Esi_0153_0021,D7FL29,CBJ29566.1
Ec-05_006860,Esi_0153_0022,D7FL30,CBJ29567.1
Ec-05_006850,Esi_0153_0024,D7FL31,CBJ29568.1
Ec-05_006830,Esi_0153_0026,D7FL32,CBJ29569.1
Ec-05_006820,Esi_0153_0027,D7FL33,CBJ29570.1
Ec-05_006810,Esi_0153_0028,D7FL34,CBJ29571.1
Ec-05_006800,Esi_0153_0031,D7FL35,CBJ29572.1
Ec-05_006790,Esi_0153_0033,D7FL36,CBJ29573.1
Ec-05_006780,Esi_0153_0040,D7FL37,CBJ29574.1
Ec-05_006770,Esi_0153_0043,D7FL38,CBJ29575.1
Ec-05_006760,Esi_0153_0045,D7FL39,CBJ29576.1
Ec-05_006740,Esi_0153_0047,D7FL40,CBJ29577.1
Ec-05_006730,Esi_0153_0048,D7FL41,CBJ29578.1
Ec-05_006720,Esi_0153_0049,D7FL42,CBJ29579.1
Ec-05_006710,Esi_0153_0050,D7FL43,CBJ29580.1
Ec-05_006700,Esi_0153_0051,D7FL44,CBJ29581.1
Ec-05_006690,Esi_0153_0052,D7FL45,CBJ29582.1
Ec-05_006680,Esi_0153_0053,D7FL46,CBJ29583.1
Ec-05_006660,Esi_0153_0061,D7FL47,CBJ29584.1
Ec-05_006640,Esi_0153_0063,D7FL48,CBJ29585.1
Ec-05_006630,Esi_0153_0066,,
Ec-05_006620,Esi_0153_0067,D7FL50,CBJ29587.1
Ec-05_006610,Esi_0153_0068,D7FL51,CBJ29588.1
,Esi_0153_0073,D7FL52,CBJ29589.1
Ec-05_006600,Esi_0153_0074,D7FL53,CBJ29590.1
Ec-05_006940,Esi_0153_0077,,
Ec-05_006930,Esi_0153_0078,,
Ec-05_006920,Esi_0153_0079,,
Ec-05_006910,Esi_0153_0080,,
Ec-05_006900,Esi_0153_0081,,
Ec-05_006890,Esi_0153_0082,,
Ec-05_006840,Esi_0153_0083,,
Ec-05_006750,Esi_0153_0084,,
Ec-05_006960,Esi_0153_0085,,
Ec-05_006950,Esi_0153_0086,,
Ec-05_006670,Esi_0153_0087,,
Ec-05_006650,Esi_0153_0088,,
Ec-05_007010,Esi_0153_0089,,
Ec-05_006970,Esi_0153_0090,,
Ec-19_005450,Esi_0154_0007,D7FL55,CBJ29591.1
Ec-19_005440,Esi_0154_0009,D7FL56,CBJ29592.1
Ec-19_005430,Esi_0154_0015,D7FL57,CBJ29593.1
Ec-19_005420,Esi_0154_0020,D7FL58,CBJ29594.1
Ec-19_005410,Esi_0154_0024,D7FL59,CBJ29595.1
Ec-19_005390,Esi_0154_0036,D7FL60,CBJ29596.1
Ec-19_005380,Esi_0154_0037,D7FL61,CBJ29597.1
Ec-19_005370,Esi_0154_0038,D7FL62,CBJ29598.1
Ec-19_005360,Esi_0154_0039,D7FL63,CBJ29599.1
Ec-19_005350,Esi_0154_0040,D7FL64,CBJ29600.1
Ec-19_005330,Esi_0154_0042,D7FL65,CBJ29601.1
Ec-19_005320,Esi_0154_0044,D7FL66,CBJ29602.1
Ec-19_005310,Esi_0154_0045,D7FL67,CBJ29603.1
Ec-19_005300,Esi_0154_0046,D7FL68,CBJ29604.1
Ec-19_005290,Esi_0154_0047,D7FL69,CBJ29605.1
Ec-19_005280,Esi_0154_0048,D7FL70,CBJ29606.1
Ec-19_005270,Esi_0154_0051,D7FL71,CBJ29607.1
Ec-19_005260,Esi_0154_0053,D7FL72,CBJ29608.1
Ec-19_005250,Esi_0154_0054,D7FL73,CBJ29609.1
Ec-19_005240,Esi_0154_0057,D7FL74,CBJ29610.1
Ec-19_005230,Esi_0154_0058,D7FL75,CBJ29611.1
Ec-19_005210,Esi_0154_0059,D7FL76,CBJ29612.1
Ec-19_005200,Esi_0154_0063,D7FL77,CBJ29613.1
,Esi_0154_0064,D7FL78,CBJ29614.1
Ec-19_005190,Esi_0154_0065,D7FL79,CBJ29615.1
Ec-19_005180,Esi_0154_0067,D7FL80,CBJ29616.1
Ec-19_005220,Esi_0154_0074,,
Ec-19_005340,Esi_0154_0076,,
Ec-19_005400,Esi_0154_0077,,
Ec-21_005280,Esi_0155_0001,D8LFY6,CBN78885.1
Ec-21_005270,Esi_0155_0002,D8LFY7,CBN78886.1
Ec-21_005250,Esi_0155_0003,D8LFY8,CBN78887.1
Ec-21_005230,Esi_0155_0005,D8LFY9,CBN78888.1
Ec-21_005220,Esi_0155_0008,D8LFZ0,CBN78889.1
Ec-21_005210,Esi_0155_0011,D8LFZ1,CBN78890.1
Ec-21_005200,Esi_0155_0012,D8LFZ2,CBN78891.1
Ec-21_005190,Esi_0155_0013,D8LFZ3,CBN78892.1
Ec-21_005180,Esi_0155_0015,D8LFZ4,CBN78893.1
Ec-21_005170,Esi_0155_0017,D8LFZ5,CBN78894.1
Ec-21_005160,Esi_0155_0018,D8LFZ6,CBN78895.1
Ec-21_005150,Esi_0155_0019,D8LFZ7,CBN78896.1
Ec-21_005140,Esi_0155_0020,D8LFZ8,CBN78897.1
Ec-21_005130,Esi_0155_0021,D8LFZ9,CBN78898.1
Ec-21_005120,Esi_0155_0022,D8LG00,CBN78899.1
Ec-21_005120,Esi_0155_0025,D8LG01,CBN78900.1
Ec-21_005110,Esi_0155_0028,D8LG02,CBN78901.1
Ec-21_005100,Esi_0155_0030,D8LG03,CBN78902.1
Ec-21_005090,Esi_0155_0031,D8LG04,CBN78903.1
Ec-21_005080,Esi_0155_0032,D8LG05,CBN78904.1
Ec-21_005070,Esi_0155_0034,D8LG06,CBN78905.1
Ec-21_005050,Esi_0155_0036,D8LG07,CBN78906.1
Ec-21_005040,Esi_0155_0037,D8LG08,CBN78907.1
Ec-21_005030,Esi_0155_0038,D8LG09,CBN78908.1
Ec-21_005020,Esi_0155_0039,D8LG10,CBN78909.1
Ec-21_005010,Esi_0155_0040,D8LG11,CBN78910.1
Ec-21_005000,Esi_0155_0041,D8LG12,CBN78911.1
Ec-21_004990,Esi_0155_0042,D8LG13,CBN78912.1
Ec-21_004980,Esi_0155_0043,D8LG14,CBN78913.1
Ec-21_004970,Esi_0155_0044,D8LG15,CBN78914.1
Ec-21_004960,Esi_0155_0045,D8LG16,CBN78915.1
Ec-21_004950,Esi_0155_0047,D8LG17,CBN78916.1
Ec-21_004940,Esi_0155_0048,D8LG18,CBN78917.1
Ec-21_004930,Esi_0155_0052,D8LG19,CBN78918.1
Ec-21_004920,Esi_0155_0053,D8LG20,CBN78919.1
Ec-21_004910,Esi_0155_0054,D8LG21,CBN78920.1
Ec-21_004900,Esi_0155_0055,D8LG22,CBN78921.1
,Esi_0155_0057,D8LG23,CBN78922.1
Ec-21_004890,Esi_0155_0059,D8LG24,CBN78923.1
Ec-21_004880,Esi_0155_0064,D8LG25,CBN78924.1
Ec-21_004870,Esi_0155_0068,D8LG26,CBN78925.1
Ec-21_005260,Esi_0155_0075,,
Ec-21_005240,Esi_0155_0076,,
Ec-21_005060,Esi_0155_0082,,
Ec-21_004860,Esi_0155_0083,,
Ec-15_004710,Esi_0156_0003,D7FL87,CBJ29658.1
Ec-15_004720,Esi_0156_0004,,
Ec-15_004730,Esi_0156_0008,D7FL89,CBJ29660.1
Ec-15_004740,Esi_0156_0010,D7FL90,CBJ29661.1
Ec-15_004750,Esi_0156_0013,D7FL91,CBJ29662.1
Ec-15_004760,Esi_0156_0014,D7FL92,CBJ29663.1
Ec-15_004770,Esi_0156_0015,D7FL93,CBJ29664.1
Ec-15_004790,Esi_0156_0017,D7FL94,CBJ29665.1
Ec-15_004800,Esi_0156_0019,D7FL95,CBJ29666.1
Ec-15_004820,Esi_0156_0023,D7FL96,CBJ29667.1
Ec-15_004830,Esi_0156_0024,D7FL97,CBJ29668.1
Ec-15_004840,Esi_0156_0026,D7FL98,CBJ29669.1
Ec-15_004850,Esi_0156_0032,,
Ec-15_004860,Esi_0156_0034,D7FLA0,CBJ29671.1
Ec-15_004870,Esi_0156_0035,D7FLA1,CBJ29672.1
Ec-15_004880,Esi_0156_0036,D7FLA2,CBJ29673.1
Ec-15_004890,Esi_0156_0037,D7FLA3,CBJ29674.1
Ec-15_004900,Esi_0156_0039,D7FLA4,CBJ29675.1
Ec-15_004920,Esi_0156_0049,D7FLA5,CBJ29676.1
Ec-15_004940,Esi_0156_0050,D7FLA6,CBJ29677.1
Ec-15_004950,Esi_0156_0051,D7FLA7,CBJ29678.1
Ec-15_004960,Esi_0156_0053,D7FLA8,CBJ29679.1
Ec-15_004970,Esi_0156_0055,D7FLA9,CBJ29680.1
Ec-15_004980,Esi_0156_0057,D7FLB0,CBJ29681.1
Ec-15_004990,Esi_0156_0060,D7FLB1,CBJ29682.1
Ec-15_005010,Esi_0156_0061,D7FLB2,CBJ29683.1
Ec-15_005020,Esi_0156_0062,D7FLB3,CBJ29684.1
Ec-15_005030,Esi_0156_0064,D7FLB4,CBJ29685.1
Ec-15_005000,Esi_0156_0074,,
Ec-15_004780,Esi_0156_0075,,
Ec-15_004810,Esi_0156_0076,,
Ec-15_004910,Esi_0156_0077,,
Ec-15_004930,Esi_0156_0078,,
Ec-11_002210,Esi_0157_0005,D8LG27,CBN78926.1
Ec-11_002190,Esi_0157_0006,D8LG28,CBN78927.1
Ec-11_002180,Esi_0157_0007,D8LG29,CBN78928.1
Ec-11_002170,Esi_0157_0008,D8LG30,CBN78929.1
Ec-11_002160,Esi_0157_0009,D8LG31,CBN78930.1
Ec-11_002140,Esi_0157_0012,D8LG32,CBN78931.1
Ec-11_002110,Esi_0157_0013,D8LG33,CBN78932.1
,Esi_0157_0018,D8LG34,CBN78933.1
Ec-11_002100,Esi_0157_0020,D8LG35,CBN78934.1
Ec-11_002090,Esi_0157_0021,D8LG36,CBN78935.1
Ec-11_002080,Esi_0157_0024,D8LG37,CBN78936.1
Ec-11_002070,Esi_0157_0025,D8LG38,CBN78937.1
Ec-11_002050,Esi_0157_0027,D8LG39,CBN78938.1
Ec-11_002040,Esi_0157_0029,D8LG40,CBN78939.1
Ec-11_002030,Esi_0157_0030,D8LG41,CBN78940.1
Ec-11_002020,Esi_0157_0031,D8LG42,CBN78941.1
Ec-11_002010,Esi_0157_0033,D8LG43,CBN78942.1
Ec-11_002000,Esi_0157_0035,D8LG44,CBN78943.1
Ec-11_001990,Esi_0157_0036,D8LG45,CBN78944.1
Ec-11_001980,Esi_0157_0038,D8LG46,CBN78945.1
Ec-11_001970,Esi_0157_0039,D8LG47,CBN78946.1
Ec-11_001960,Esi_0157_0040,D8LG48,CBN78947.1
Ec-11_001950,Esi_0157_0041,D8LG49,CBN78948.1
Ec-11_001940,Esi_0157_0042,D8LG50,CBN78949.1
Ec-11_001930,Esi_0157_0044,D8LG51,CBN78950.1
Ec-11_001920,Esi_0157_0045,D8LG52,CBN78951.1
Ec-11_001910,Esi_0157_0047,D8LG53,CBN78952.1
Ec-11_001900,Esi_0157_0048,D8LG54,CBN78953.1
Ec-11_001880,Esi_0157_0049,D8LG55,CBN78954.1
Ec-11_001870,Esi_0157_0051,D8LG56,CBN78955.1
Ec-11_001860,Esi_0157_0052,D8LG57,CBN78956.1
Ec-11_001850,Esi_0157_0053,D8LG58,CBN78957.1
Ec-11_001840,Esi_0157_0054,D8LG59,CBN78958.1
Ec-11_001830,Esi_0157_0055,D8LG60,CBN78959.1
,Esi_0157_0057,D8LG61,CBN78960.1
Ec-11_001820,Esi_0157_0059,D8LG62,CBN78961.1
Ec-11_001810,Esi_0157_0061,D8LG63,CBN78962.1
Ec-11_001800,Esi_0157_0062,D8LG64,CBN78963.1
Ec-11_001790,Esi_0157_0063,D8LG65,CBN78964.1
Ec-11_001780,Esi_0157_0064,D8LG66,CBN78965.1
Ec-11_001770,Esi_0157_0065,D8LG67,CBN78966.1
Ec-11_002150,Esi_0157_0084,,
Ec-11_002130,Esi_0157_0085,,
Ec-11_002120,Esi_0157_0086,,
Ec-11_002060,Esi_0157_0087,,
Ec-11_002200,Esi_0157_0088,,
Ec-11_001890,Esi_0157_0089,,
Ec-17_003960,Esi_0158_0001,D8LG68,CBN78967.1
Ec-17_003970,Esi_0158_0003,D8LG69,CBN78968.1
,Esi_0158_0007,D8LG70,CBN78969.1
Ec-17_003980,Esi_0158_0008,D8LG71,CBN78970.1
Ec-17_003990,Esi_0158_0011,D8LG72,CBN78971.1
Ec-17_004000,Esi_0158_0012,D8LG73,CBN78972.1
Ec-17_004010,Esi_0158_0014,D8LG74,CBN78973.1
,Esi_0158_0020,D8LG75,CBN78974.1
Ec-17_004020,Esi_0158_0022,D8LG76,CBN78975.1
Ec-17_004030,Esi_0158_0024,D8LG77,CBN78976.2
Ec-17_004040,Esi_0158_0026,D8LG78,CBN78977.1
Ec-17_004050,Esi_0158_0027,D8LG79,CBN78978.1
Ec-17_004070,Esi_0158_0028,D8LG80,CBN78979.1
Ec-17_004080,Esi_0158_0029,D8LG81,CBN78980.1
Ec-17_004090,Esi_0158_0030,D8LG82,CBN78981.1
,Esi_0158_0032,D8LG83,CBN78982.1
Ec-17_004110,Esi_0158_0034,D8LG84,CBN78983.1
Ec-17_004130,Esi_0158_0036,D8LG85,CBN78984.1
Ec-17_004140,Esi_0158_0037,D8LG86,CBN78985.1
Ec-17_004150,Esi_0158_0040,D8LG87,CBN78986.1
Ec-17_004160,Esi_0158_0043,D8LG88,CBN78987.1
Ec-17_004170,Esi_0158_0044,D8LG89,CBN78988.1
Ec-17_004180,Esi_0158_0045,D8LG90,CBN78989.1
,Esi_0158_0046,D8LG91,CBN78990.1
Ec-17_004200,Esi_0158_0050,D8LG92,CBN78991.1
Ec-17_004210,Esi_0158_0053,D8LG93,CBN78992.1
Ec-17_004220,Esi_0158_0054,D8LG94,CBN78993.1
Ec-17_004230,Esi_0158_0056,D8LG95,CBN78994.1
Ec-17_004240,Esi_0158_0057,D8LG96,CBN78995.1
Ec-17_004250,Esi_0158_0063,D8LG97,CBN78996.1
Ec-17_004270,Esi_0158_0065,D8LG98,CBN78997.1
Ec-17_004100,Esi_0158_0074,,
Ec-17_004060,Esi_0158_0075,,
Ec-17_004120,Esi_0158_0076,,
Ec-17_004190,Esi_0158_0077,,
Ec-17_004260,Esi_0158_0078,,
Ec-12_007540,Esi_0159_0003,D7FLB8,CBJ29686.1
Ec-12_007550,Esi_0159_0005,D7FLB9,CBJ29687.1
Ec-12_007560,Esi_0159_0007,D7FLC0,CBJ29688.1
Ec-12_007580,Esi_0159_0009,D7FLC1,CBJ29689.1
Ec-12_007600,Esi_0159_0010,D7FLC2,CBJ29690.1
Ec-12_007610,Esi_0159_0011,D7FLC3,CBJ29691.1
Ec-12_007620,Esi_0159_0012,D7FLC4,CBJ29692.1
Ec-12_007650,Esi_0159_0015,D7FLC5,CBJ29693.1
Ec-12_007660,Esi_0159_0017,D7FLC6,CBJ29694.1
Ec-12_007670,Esi_0159_0018,D7FLC7,CBJ29695.1
Ec-12_007680,Esi_0159_0019,D7FLC8,CBJ29696.1
Ec-12_007690,Esi_0159_0020,D7FLC9,CBJ29697.1
Ec-12_007700,Esi_0159_0021,D7FLD0,CBJ29698.1
Ec-12_007710,Esi_0159_0022,D7FLD1,CBJ29699.1
Ec-12_007720,Esi_0159_0024,D7FLD2,CBJ29700.1
Ec-12_007730,Esi_0159_0026,D7FLD3,CBJ29701.1
Ec-12_007740,Esi_0159_0027,D7FLD4,CBJ29702.1
Ec-12_007750,Esi_0159_0028,D7FLD5,CBJ29703.1
Ec-12_007760,Esi_0159_0029,D7FLD6,CBJ29704.1
Ec-12_007770,Esi_0159_0031,D7FLD7,CBJ29705.1
Ec-12_007780,Esi_0159_0032,D7FLD8,CBJ29706.1
Ec-12_007790,Esi_0159_0033,D7FLD9,CBJ29707.1
Ec-12_007800,Esi_0159_0034,D7FLE0,CBJ29708.1
Ec-12_007810,Esi_0159_0036,D7FLE1,CBJ29709.1
Ec-12_007820,Esi_0159_0037,D7FLE2,CBJ29710.1
Ec-12_007830,Esi_0159_0039,D7FLE3,CBJ29711.1
Ec-12_007840,Esi_0159_0040,D7FLE4,CBJ29712.1
Ec-12_007850,Esi_0159_0041,D7FLE5,CBJ29713.1
Ec-12_007860,Esi_0159_0042,D7FLE6,CBJ29714.1
Ec-12_007880,Esi_0159_0051,D7FLE7,CBJ29715.1
Ec-12_007890,Esi_0159_0052,D7FLE8,CBJ29716.1
Ec-12_007900,Esi_0159_0053,D7FLE9,CBJ29717.1
Ec-12_007920,Esi_0159_0055,D7FLF0,CBJ29718.1
Ec-12_007930,Esi_0159_0056,D7FLF1,CBJ29719.1
Ec-12_007940,Esi_0159_0057,D7FLF2,CBJ29720.1
Ec-12_007950,Esi_0159_0058,D7FLF3,CBJ29721.1
Ec-12_007960,Esi_0159_0059,D7FLF4,CBJ29722.1
Ec-12_007970,Esi_0159_0076,D7FLF5,CBJ29723.1
Ec-12_007980,Esi_0159_0077,D7FLF6,CBJ29724.1
Ec-12_007990,Esi_0159_0079,D7FLF7,CBJ29725.1
Ec-12_008000,Esi_0159_0081,D7FLF8,CBJ29726.1
Ec-12_008010,Esi_0159_0082,D7FLF9,CBJ29727.1
Ec-12_008020,Esi_0159_0083,D7FLG0,CBJ29728.1
Ec-12_007910,Esi_0159_0089,,
Ec-12_007630,Esi_0159_0090,,
Ec-12_007640,Esi_0159_0091,,
Ec-12_007870,Esi_0159_0092,,
Ec-12_007570,Esi_0159_0093,,
Ec-12_007590,Esi_0159_0094,,
Ec-03_005420,Esi_0160_0001,D7FLQ4,CBJ29729.1
Ec-03_005410,Esi_0160_0004,D7FLQ5,CBJ29730.1
,Esi_0160_0005,D7FLQ6,CBJ29731.1
Ec-03_005390,Esi_0160_0008,D7FLQ7,CBJ29732.1
Ec-03_005380,Esi_0160_0009,D7FLQ8,CBJ29733.1
Ec-03_005370,Esi_0160_0022,D7FLQ9,CBJ29734.1
Ec-03_005360,Esi_0160_0023,D7FLR0,CBJ29735.1
Ec-03_005350,Esi_0160_0024,D7FLR1,CBJ29736.1
Ec-03_005340,Esi_0160_0025,D7FLR2,CBJ29737.1
Ec-03_005330,Esi_0160_0026,D7FLR3,CBJ29738.1
Ec-03_005320,Esi_0160_0027,D7FLR4,CBJ29739.1
Ec-03_005310,Esi_0160_0032,D7FLR5,CBJ29740.1
Ec-03_005300,Esi_0160_0035,D7FLR6,CBJ29741.1
Ec-03_005290,Esi_0160_0036,D7FLR7,CBJ29742.1
Ec-03_005280,Esi_0160_0037,D7FLR8,CBJ29743.1
Ec-03_005270,Esi_0160_0038,D7FLR9,CBJ29744.1
Ec-03_005260,Esi_0160_0041,D7FLS0,CBJ29745.1
Ec-03_005250,Esi_0160_0043,D7FLS1,CBJ29746.1
Ec-03_005240,Esi_0160_0048,D7FLS2,CBJ29747.1
Ec-03_005230,Esi_0160_0049,D7FLS3,CBJ29748.1
Ec-03_005210,Esi_0160_0051,D7FLS4,CBJ29749.1
Ec-03_005200,Esi_0160_0052,D7FLS5,CBJ29750.1
Ec-03_005190,Esi_0160_0053,D7FLS6,CBJ29751.1
Ec-03_005180,Esi_0160_0054,D7FLS7,CBJ29752.1
Ec-03_005170,Esi_0160_0056,D7FLS8,CBJ29753.1
Ec-03_005160,Esi_0160_0057,D7FLP9,CBJ29754.1
Ec-03_005150,Esi_0160_0059,D7FLQ0,CBJ29755.1
Ec-03_005140,Esi_0160_0060,D7FLQ1,CBJ29756.1
Ec-03_005130,Esi_0160_0061,D7FLQ2,CBJ29757.1
Ec-03_005120,Esi_0160_0064,D7FLQ3,CBJ29758.1
Ec-03_005220,Esi_0160_0079,,
Ec-03_005400,Esi_0160_0080,,
Ec-26_001460,Esi_0161_0001,D7FLW3,CBJ29759.1
Ec-26_001450,Esi_0161_0002,D7FLW4,CBJ29760.1
Ec-26_001440,Esi_0161_0004,D7FLW5,CBJ29761.1
Ec-26_001430,Esi_0161_0005,D7FLW6,CBJ29762.1
Ec-26_001400,Esi_0161_0008,D7FLW7,CBJ29763.1
Ec-26_001390,Esi_0161_0014,D7FLW8,CBJ29764.1
,Esi_0161_0015,D7FLW9,CBJ29765.1
Ec-26_001380,Esi_0161_0016,D7FLT0,CBJ29766.1
Ec-26_001370,Esi_0161_0017,D7FLT1,CBJ29767.1
Ec-26_001360,Esi_0161_0019,D7FLT2,CBJ29768.1
Ec-26_001350,Esi_0161_0021,D7FLT3,CBJ29769.1
Ec-26_001340,Esi_0161_0022,D7FLT4,CBJ29770.1
Ec-26_001320,Esi_0161_0023,D7FLT5,CBJ29771.1
Ec-26_001310,Esi_0161_0024,D7FLT6,CBJ29772.1
Ec-26_001300,Esi_0161_0026,D7FLT7,CBJ29773.1
Ec-26_001290,Esi_0161_0028,D7FLT8,CBJ29774.1
Ec-26_001280,Esi_0161_0029,D7FLT9,CBJ29775.1
Ec-26_001270,Esi_0161_0030,D7FLU0,CBJ29776.1
Ec-26_001260,Esi_0161_0032,D7FLU1,CBJ29777.1
Ec-26_001250,Esi_0161_0033,D7FLU2,CBJ29778.1
Ec-26_001240,Esi_0161_0035,D7FLU3,CBJ29779.1
Ec-26_001220,Esi_0161_0037,D7FLU4,CBJ29780.1
Ec-26_001210,Esi_0161_0039,D7FLU5,CBJ29781.1
Ec-26_001200,Esi_0161_0040,D7FLU6,CBJ29782.1
Ec-26_001190,Esi_0161_0041,D7FLU7,CBJ29783.1
Ec-26_001170,Esi_0161_0047,D7FLU8,CBJ29784.1
Ec-26_001160,Esi_0161_0050,D7FLU9,CBJ29785.1
Ec-26_001150,Esi_0161_0051,D7FLV0,CBJ29786.1
Ec-26_001140,Esi_0161_0053,D7FLV1,CBJ29787.1
Ec-26_001130,Esi_0161_0055,D7FLV2,CBJ29788.1
Ec-26_001120,Esi_0161_0057,D7FLV3,CBJ29789.1
Ec-26_001110,Esi_0161_0059,D7FLV4,CBJ29790.1
Ec-26_001100,Esi_0161_0060,D7FLV5,CBJ29791.1
Ec-26_001090,Esi_0161_0061,D7FLV6,CBJ29792.1
Ec-26_001080,Esi_0161_0062,D7FLV7,CBJ29793.1
Ec-26_001070,Esi_0161_0063,D7FLV8,CBJ29794.1
Ec-26_001060,Esi_0161_0065,D7FLV9,CBJ29795.1
Ec-26_001040,Esi_0161_0067,D7FLW0,CBJ29796.1
Ec-26_001030,Esi_0161_0068,D7FLW1,CBJ29797.1
Ec-26_001020,Esi_0161_0069,D7FLW2,CBJ29798.1
Ec-26_001330,Esi_0161_0078,,
Ec-26_001230,Esi_0161_0079,,
Ec-26_001180,Esi_0161_0080,,
Ec-26_001050,Esi_0161_0081,,
Ec-26_001420,Esi_0161_0082,,
Ec-26_001410,Esi_0161_0083,,
Ec-22_000080,Esi_0162_0001,D7FLX4,CBJ29799.1
Ec-22_000090,Esi_0162_0003,D7FLX5,CBJ29800.1
Ec-22_000100,Esi_0162_0007,D7FLX6,CBJ29801.1
Ec-22_000110,Esi_0162_0015,D7FLX7,CBJ29802.1
Ec-22_000120,Esi_0162_0016,D7FLX8,CBJ29803.1
Ec-22_000130,Esi_0162_0018,D7FLX9,CBJ29804.1
Ec-22_000140,Esi_0162_0019,D7FLY0,CBJ29805.1
Ec-22_000150,Esi_0162_0021,D7FLY1,CBJ29806.1
Ec-22_000160,Esi_0162_0022,D7FLY2,CBJ29807.1
Ec-22_000170,Esi_0162_0023,D7FLY3,CBJ29808.1
Ec-22_000180,Esi_0162_0026,D7FLY4,CBJ29809.1
Ec-22_000190,Esi_0162_0027,D7FLY5,CBJ29810.1
Ec-22_000200,Esi_0162_0028,D7FLY6,CBJ29811.1
Ec-22_000210,Esi_0162_0029,D7FLY7,CBJ29812.1
Ec-22_000220,Esi_0162_0031,D7FLY8,CBJ29813.1
Ec-22_000230,Esi_0162_0032,D7FLY9,CBJ29814.1
Ec-22_000240,Esi_0162_0034,D7FLZ0,CBJ29815.1
Ec-22_000250,Esi_0162_0036,D7FLZ1,CBJ29816.1
Ec-22_000260,Esi_0162_0040,D7FLZ2,CBJ29817.1
Ec-22_000270,Esi_0162_0042,D7FLZ3,CBJ29818.1
Ec-22_000280,Esi_0162_0044,D7FLZ4,CBJ29819.1
Ec-22_000290,Esi_0162_0045,D7FLZ5,CBJ29820.1
Ec-22_000310,Esi_0162_0047,D7FLZ6,CBJ29821.1
Ec-22_000320,Esi_0162_0049,D7FLZ7,CBJ29822.1
Ec-22_000330,Esi_0162_0051,D7FLZ8,CBJ29823.1
,Esi_0162_0052,D7FLZ9,CBJ29824.1
Ec-22_000350,Esi_0162_0053,D7FM00,CBJ29825.1
Ec-22_000360,Esi_0162_0054,D7FM01,CBJ29826.1
Ec-22_000370,Esi_0162_0055,D7FM02,CBJ29827.1
Ec-22_000380,Esi_0162_0056,D7FM03,CBJ29828.1
Ec-22_000400,Esi_0162_0059,D7FM04,CBJ29829.1
Ec-22_000410,Esi_0162_0062,D7FM05,CBJ29830.1
Ec-22_000420,Esi_0162_0064,D7FM06,CBJ29831.1
Ec-22_000440,Esi_0162_0065,D7FM07,CBJ29832.1
Ec-22_000460,Esi_0162_0067,D7FM08,CBJ29833.1
Ec-22_000470,Esi_0162_0070,D7FM09,CBJ29834.1
Ec-22_000430,Esi_0162_0076,,
Ec-22_000300,Esi_0162_0077,,
Ec-22_000390,Esi_0162_0078,,
Ec-22_000340,Esi_0162_0079,,
Ec-22_000450,Esi_0162_0080,,
Ec-22_000480,Esi_0162_0081,,
Ec-01_010220,Esi_0163_0002,D7FM10,CBJ29835.1
Ec-01_010230,Esi_0163_0006,D7FM11,CBJ29836.1
Ec-01_010240,Esi_0163_0007,D7FM12,CBJ29837.1
Ec-01_010250,Esi_0163_0008,D7FM13,CBJ29838.1
,Esi_0163_0009,D7FM14,CBJ29839.1
Ec-01_010260,Esi_0163_0012,D7FM15,CBJ29840.1
Ec-01_010270,Esi_0163_0013,D7FM16,CBJ29841.1
Ec-01_010320,Esi_0163_0015,D7FM17,CBJ29842.1
,Esi_0163_0016,D7FM18,CBJ29843.1
Ec-01_010330,Esi_0163_0017,D7FM19,CBJ29844.1
Ec-01_010340,Esi_0163_0018,D7FM20,CBJ29845.1
Ec-01_010350,Esi_0163_0021,D7FM21,CBJ29846.1
Ec-01_010360,Esi_0163_0022,D7FM22,CBJ29847.1
Ec-01_010370,Esi_0163_0023,D7FM23,CBJ29848.1
Ec-01_010380,Esi_0163_0024,D7FM24,CBJ29849.1
Ec-01_010390,Esi_0163_0029,D7FM25,CBJ29850.1
Ec-01_010410,Esi_0163_0030,D7FM26,CBJ29851.1
Ec-01_010420,Esi_0163_0031,D7FM27,CBJ29852.1
Ec-01_010440,Esi_0163_0033,D7FM28,CBJ29853.1
Ec-01_010450,Esi_0163_0035,D7FM29,CBJ29854.1
Ec-01_010460,Esi_0163_0037,D7FM30,CBJ29855.1
Ec-01_010470,Esi_0163_0038,D7FM31,CBJ29856.1
Ec-01_010480,Esi_0163_0039,D7FM32,CBJ29857.1
Ec-01_010490,Esi_0163_0043,D7FM33,CBJ29858.1
Ec-01_010510,Esi_0163_0044,D7FM34,CBJ29859.1
Ec-01_010520,Esi_0163_0045,D7FM35,CBJ29860.1
Ec-01_010530,Esi_0163_0048,D7FM36,CBJ29861.1
Ec-01_010540,Esi_0163_0049,D7FM37,CBJ29862.1
Ec-01_010550,Esi_0163_0050,D7FM38,CBJ29863.1
Ec-01_010560,Esi_0163_0051,D7FM39,CBJ29864.1
Ec-01_010570,Esi_0163_0054,D7FM40,CBJ29865.1
Ec-01_010580,Esi_0163_0055,D7FM41,CBJ29866.1
,Esi_0163_0056,D7FM42,CBJ29867.1
Ec-01_010590,Esi_0163_0057,D7FM43,CBJ29868.1
Ec-01_010600,Esi_0163_0060,D7FM44,CBJ29869.1
Ec-01_010610,Esi_0163_0062,D7FM45,CBJ29870.1
Ec-01_010620,Esi_0163_0063,D7FM46,CBJ29871.1
,Esi_0163_0066,D7FM47,CBJ29872.1
Ec-01_010630,Esi_0163_0068,D7FM48,CBJ29873.1
Ec-01_010640,Esi_0163_0071,D7FM49,CBJ29874.1
Ec-01_010650,Esi_0163_0073,D7FM50,CBJ29875.1
Ec-01_010660,Esi_0163_0074,D7FM51,CBJ29876.1
Ec-01_010670,Esi_0163_0075,D7FM52,CBJ29877.1
Ec-01_010680,Esi_0163_0076,D7FM53,CBJ29878.1
Ec-01_010290,Esi_0163_0082,,
Ec-01_010300,Esi_0163_0083,,
Ec-01_010280,Esi_0163_0084,,
Ec-01_010310,Esi_0163_0085,,
Ec-01_010400,Esi_0163_0086,,
Ec-01_010430,Esi_0163_0087,,
Ec-01_010500,Esi_0163_0088,,
Ec-16_005030,Esi_0164_0001,D7FM56,CBJ29879.1
Ec-16_005020,Esi_0164_0002,D7FM57,CBJ29880.1
Ec-16_004990,Esi_0164_0008,D7FM58,CBJ29881.1
Ec-16_004980,Esi_0164_0014,D7FM59,CBJ29882.1
Ec-16_004970,Esi_0164_0015,D7FM60,CBJ29883.1
Ec-16_004940,Esi_0164_0018,D7FM61,CBJ29884.1
Ec-16_004930,Esi_0164_0021,D7FM62,CBJ29885.1
Ec-16_004920,Esi_0164_0022,D7FM63,CBJ29886.1
Ec-16_004910,Esi_0164_0023,D7FM64,CBJ29887.1
Ec-16_004900,Esi_0164_0024,D7FM65,CBJ29888.1
Ec-16_004890,Esi_0164_0025,D7FM66,CBJ29889.1
Ec-16_004880,Esi_0164_0026,D7FM67,CBJ29890.1
Ec-16_004870,Esi_0164_0027,D7FM68,CBJ29891.1
Ec-16_004860,Esi_0164_0028,D7FM69,CBJ29892.1
Ec-16_004850,Esi_0164_0029,D7FM70,CBJ29893.1
Ec-16_004840,Esi_0164_0030,D7FM71,CBJ29894.1
Ec-16_004830,Esi_0164_0031,D7FM72,CBJ29895.1
Ec-16_004820,Esi_0164_0032,D7FM73,CBJ29896.1
Ec-16_004810,Esi_0164_0033,D7FM74,CBJ29897.1
Ec-16_004800,Esi_0164_0034,D7FM75,CBJ29898.1
Ec-16_004790,Esi_0164_0036,D7FM76,CBJ29899.1
Ec-16_004780,Esi_0164_0037,D7FM77,CBJ29900.1
Ec-16_004770,Esi_0164_0038,D7FM78,CBJ29901.1
Ec-16_004750,Esi_0164_0052,D7FM79,CBJ29902.1
Ec-16_004740,Esi_0164_0053,D7FM80,CBJ29903.1
Ec-16_004730,Esi_0164_0054,D7FM81,CBJ29904.1
Ec-16_004720,Esi_0164_0055,D7FM82,CBJ29905.1
Ec-16_004710,Esi_0164_0056,D7FM83,CBJ29906.1
obsolete,Esi_0164_0057,D7FM84,CBJ29907.1
obsolete,Esi_0164_0058,D7FM85,CBJ29908.1
Ec-16_004700,Esi_0164_0059,D7FM86,CBJ29909.1
Ec-16_004690,Esi_0164_0060,D7FM87,CBJ29910.1
Ec-16_004670,Esi_0164_0064,D7FM88,CBJ29911.1
Ec-16_004650,Esi_0164_0065,D7FM89,CBJ29912.1
Ec-16_004640,Esi_0164_0066,D7FM90,CBJ29913.1
Ec-16_004630,Esi_0164_0068,D7FM91,CBJ29914.1
Ec-16_004680,Esi_0164_0078,,
Ec-16_004660,Esi_0164_0079,,
Ec-16_004960,Esi_0164_0080,,
Ec-16_004950,Esi_0164_0081,,
Ec-16_004760,Esi_0164_0082,,
Ec-16_005010,Esi_0164_0083,,
Ec-16_005000,Esi_0164_0084,,
Ec-06_002880,Esi_0165_0003,D8LG99,CBN78998.1
Ec-06_002860,Esi_0165_0008,D8LGA0,CBN78999.1
Ec-06_002840,Esi_0165_0018,D8LGA1,CBN79000.1
Ec-06_002830,Esi_0165_0022,D8LGA2,CBN79001.1
Ec-06_002810,Esi_0165_0023,D8LGA3,CBN79002.1
,Esi_0165_0029,D8LGA4,CBN79003.1
Ec-06_002800,Esi_0165_0030,D8LGA5,CBN79004.1
Ec-06_002780,Esi_0165_0031,D8LGA6,CBN79005.1
Ec-06_002770,Esi_0165_0032,D8LGA7,CBN79006.1
Ec-06_002760,Esi_0165_0034,D8LGA8,CBN79007.1
Ec-06_002750,Esi_0165_0035,D8LGA9,CBN79008.1
Ec-06_002740,Esi_0165_0036,D8LGB0,CBN79009.2
Ec-06_002730,Esi_0165_0037,D8LGB1,CBN79010.1
Ec-06_002720,Esi_0165_0039,D8LGB2,CBN79011.1
Ec-06_002710,Esi_0165_0040,D8LGB3,CBN79012.1
,Esi_0165_0041,D8LGB4,CBN79013.1
Ec-06_002700,Esi_0165_0042,D8LGB5,CBN79014.1
,Esi_0165_0044,D8LGB6,CBN79015.1
Ec-06_002690,Esi_0165_0045,D8LGB7,CBN79016.1
Ec-06_002680,Esi_0165_0046,D8LGB8,CBN79017.1
Ec-06_002670,Esi_0165_0047,D8LGB9,CBN79018.1
Ec-06_002660,Esi_0165_0048,D8LGC0,CBN79019.1
Ec-06_002640,Esi_0165_0052,D8LGC2,CBN79021.1
,Esi_0165_0054,D8LGC3,CBN79022.1
Ec-06_002630,Esi_0165_0055,D8LGC4,CBN79023.1
Ec-06_002620,Esi_0165_0056,D8LGC5,CBN79024.1
Ec-06_002600,Esi_0165_0057,D8LGC6,CBN79025.1
Ec-06_002590,Esi_0165_0058,D8LGC7,CBN79026.1
Ec-06_002580,Esi_0165_0059,D8LGC8,CBN79027.1
Ec-06_002570,Esi_0165_0060,D8LGC9,CBN79028.1
Ec-06_002560,Esi_0165_0061,D8LGD0,CBN79029.1
,Esi_0165_0063,D8LGD1,CBN79030.1
Ec-06_002550,Esi_0165_0064,D8LGD2,CBN79031.1
Ec-06_002540,Esi_0165_0065,D8LGD3,CBN79032.1
Ec-06_002530,Esi_0165_0066,D8LGD4,CBN79033.1
Ec-06_002650,Esi_0165_0070,D8LGC1,CBN79020.1
Ec-06_002610,Esi_0165_0072,,
Ec-06_002850,Esi_0165_0073,,
Ec-06_002820,Esi_0165_0074,,
Ec-06_002790,Esi_0165_0075,,
Ec-06_002870,Esi_0165_0076,,
Ec-17_003750,Esi_0166_0001,D7FM97,CBJ29915.1
Ec-17_003740,Esi_0166_0003,D7FM98,CBJ29916.1
Ec-17_003730,Esi_0166_0004,D7FM99,CBJ29917.1
Ec-17_003720,Esi_0166_0005,D7FMA0,CBJ29918.1
Ec-17_003710,Esi_0166_0006,D7FMA1,CBJ29919.1
Ec-17_003700,Esi_0166_0010,D7FMA2,CBJ29920.1
Ec-17_003690,Esi_0166_0015,D7FMA3,CBJ29921.1
,Esi_0166_0016,D7FMA4,CBJ29922.1
Ec-17_003680,Esi_0166_0017,D7FMA5,CBJ29923.1
Ec-17_003670,Esi_0166_0019,D7FMA6,CBJ29924.1
Ec-17_003650,Esi_0166_0021,D7FMA7,CBJ29925.1
Ec-17_003640,Esi_0166_0022,D7FMA8,CBJ29926.1
Ec-17_003630,Esi_0166_0029,D7FMA9,CBJ29927.1
Ec-17_003620,Esi_0166_0030,D7FMB0,CBJ29928.1
Ec-17_003610,Esi_0166_0031,D7FMB1,CBJ29929.1
Ec-17_003600,Esi_0166_0033,D7FMB2,CBJ29930.1
Ec-17_003590,Esi_0166_0034,D7FMB3,CBJ29931.1
Ec-17_003580,Esi_0166_0035,D7FMB4,CBJ29932.1
Ec-17_003570,Esi_0166_0037,D7FMB5,CBJ29933.1
Ec-17_003560,Esi_0166_0039,D7FMB6,CBJ29934.1
,Esi_0166_0040,D7FMB7,CBJ29935.1
,Esi_0166_0041,D7FMB8,CBJ29936.1
Ec-17_003550,Esi_0166_0042,D7FMB9,CBJ29937.1
Ec-17_003540,Esi_0166_0043,D7FMC0,CBJ29938.1
Ec-17_003530,Esi_0166_0044,D7FMC1,CBJ29939.1
Ec-17_003520,Esi_0166_0045,D7FMC2,CBJ29940.1
Ec-17_003510,Esi_0166_0048,D7FMC3,CBJ29941.1
Ec-17_003500,Esi_0166_0051,D7FMC4,CBJ29942.1
Ec-17_003490,Esi_0166_0052,D7FMC5,CBJ29943.1
Ec-17_003470,Esi_0166_0053,D7FMC6,CBJ29944.1
Ec-17_003460,Esi_0166_0054,D7FMC7,CBJ29945.1
Ec-17_003450,Esi_0166_0064,D7FMC8,CBJ29946.1
Ec-17_003430,Esi_0166_0065,D7FMC9,CBJ29947.1
Ec-17_003420,Esi_0166_0067,D7FMD0,CBJ29948.1
Ec-17_003410,Esi_0166_0069,D7FMD1,CBJ29949.1
Ec-17_003400,Esi_0166_0070,D7FMD2,CBJ29950.1
Ec-17_003390,Esi_0166_0071,D7FMD3,CBJ29951.1
Ec-17_003380,Esi_0166_0072,D7FMD4,CBJ29952.1
Ec-17_003440,Esi_0166_0074,,
Ec-17_003480,Esi_0166_0075,,
Ec-17_003660,Esi_0166_0076,,
Ec-16_003640,Esi_0167_0001,D8LGD5,CBN75710.1
Ec-16_003650,Esi_0167_0003,D8LGD6,CBN75711.1
,Esi_0167_0004,D8LGD7,CBN75712.1
Ec-16_003660,Esi_0167_0006,D8LGD8,CBN75713.1
Ec-16_003680,Esi_0167_0008,D8LGD9,CBN75714.1
Ec-16_003690,Esi_0167_0009,D8LGE0,CBN75715.1
Ec-16_003700,Esi_0167_0013,D8LGE1,CBN75716.1
Ec-16_003710,Esi_0167_0014,D8LGE2,CBN75717.1
Ec-16_003720,Esi_0167_0016,D8LGE3,CBN75718.1
Ec-16_003740,Esi_0167_0020,D8LGE4,CBN75719.1
Ec-16_003750,Esi_0167_0021,D8LGE5,CBN75720.1
Ec-16_003760,Esi_0167_0022,D8LGE6,CBN75721.1
Ec-16_003770,Esi_0167_0023,D8LGE7,CBN75722.1
Ec-16_003780,Esi_0167_0025,D8LGE8,CBN75723.1
Ec-16_003790,Esi_0167_0026,D8LGE9,CBN75724.1
Ec-16_003800,Esi_0167_0028,D8LGF0,CBN75725.1
Ec-16_003820,Esi_0167_0030,D8LGF1,CBN75726.1
Ec-16_003830,Esi_0167_0031,D8LGF2,CBN75727.1
Ec-16_003840,Esi_0167_0033,D8LGF3,CBN75728.1
,Esi_0167_0035,D8LGF4,CBN75729.1
Ec-16_003850,Esi_0167_0037,D8LGF5,CBN75730.1
Ec-16_003860,Esi_0167_0039,D8LGF6,CBN75731.1
Ec-16_003870,Esi_0167_0042,D8LGF7,CBN75732.1
Ec-16_003880,Esi_0167_0043,D8LGF8,CBN75733.1
Ec-16_003890,Esi_0167_0048,D8LGF9,CBN75734.1
Ec-16_003910,Esi_0167_0049,D8LGG0,CBN75735.1
Ec-16_003920,Esi_0167_0054,D8LGG1,CBN75736.1
Ec-16_003930,Esi_0167_0055,D8LGG2,CBN75737.1
Ec-16_003940,Esi_0167_0056,D8LGG3,CBN75738.1
Ec-16_003950,Esi_0167_0057,D8LGG4,CBN75739.1
Ec-16_003960,Esi_0167_0060,D8LGG5,CBN75740.1
Ec-16_003970,Esi_0167_0064,D8LGG6,CBN75741.1
Ec-16_003980,Esi_0167_0068,D8LGG7,CBN75742.1
,Esi_0167_0069,D8LGG8,CBN75743.1
Ec-16_003990,Esi_0167_0071,D8LGG9,CBN75744.1
Ec-16_004000,Esi_0167_0073,D8LGH0,CBN75745.1
Ec-16_004010,Esi_0167_0074,D8LGH1,CBN75746.1
Ec-16_004020,Esi_0167_0076,D8LGH2,CBN75747.1
Ec-16_004030,Esi_0167_0078,D8LGH3,CBN75748.1
Ec-16_004040,Esi_0167_0079,D8LGH4,CBN75749.1
Ec-16_004050,Esi_0167_0080,D8LGH5,CBN75750.1
Ec-16_004060,Esi_0167_0081,D8LGH6,CBN75751.1
Ec-16_003900,Esi_0167_0092,,
Ec-16_003730,Esi_0167_0093,,
Ec-16_003810,Esi_0167_0094,,
Ec-16_004070,Esi_0167_0095,,
Ec-16_003670,Esi_0167_0096,,
Ec-10_002030,Esi_0168_0001,D8LGH7,CBN79034.1
,Esi_0168_0007,D8LGH9,CBN79036.1
Ec-10_002000,Esi_0168_0008,D8LGH8,CBN79035.1
Ec-10_001990,Esi_0168_0011,D8LGI0,CBN79037.1
,Esi_0168_0013,D8LGI1,CBN79038.1
Ec-10_001980,Esi_0168_0016,D8LGI2,CBN79039.1
Ec-10_001970,Esi_0168_0017,D8LGI3,CBN79040.1
Ec-10_001950,Esi_0168_0019,D8LGI4,CBN79041.1
Ec-10_001940,Esi_0168_0020,D8LGI5,CBN79042.1
,Esi_0168_0021,D8LGI6,CBN79043.1
Ec-10_001920,Esi_0168_0022,D8LGI7,CBN79044.1
Ec-10_001900,Esi_0168_0034,D8LGI8,CBN79045.1
Ec-10_001890,Esi_0168_0037,D8LGI9,CBN79046.1
Ec-10_001860,Esi_0168_0041,D8LGJ0,CBN79047.1
,Esi_0168_0042,D8LGJ1,CBN79048.1
,Esi_0168_0047,D8LGJ2,CBN79049.1
,Esi_0168_0048,D8LGJ3,CBN79050.1
Ec-10_001840,Esi_0168_0050,D8LGJ4,CBN79051.1
Ec-10_001830,Esi_0168_0054,D8LGJ5,CBN79052.1
Ec-10_001820,Esi_0168_0056,D8LGJ6,CBN79053.2
Ec-10_001810,Esi_0168_0057,D8LGJ7,CBN79054.1
,Esi_0168_0060,D8LGJ8,CBN79055.1
Ec-10_001760,Esi_0168_0061,D8LGJ9,CBN79056.1
Ec-10_001750,Esi_0168_0062,D8LGK0,CBN79057.1
Ec-10_001740,Esi_0168_0063,D8LGK1,CBN79058.1
Ec-10_001720,Esi_0168_0065,D8LGK2,CBN79059.1
Ec-10_001710,Esi_0168_0066,D8LGK3,CBN79060.1
Ec-10_001700,Esi_0168_0067,D8LGK4,CBN79061.1
Ec-10_001690,Esi_0168_0070,D8LGK5,CBN79062.1
Ec-10_001680,Esi_0168_0072,D8LGK6,CBN79063.1
Ec-10_001670,Esi_0168_0073,D8LGK7,CBN79064.1
Ec-10_001660,Esi_0168_0074,D8LGK8,CBN79065.1
Ec-10_001650,Esi_0168_0075,D8LGK9,CBN79066.1
Ec-10_001800,Esi_0168_0080,,
Ec-10_001770,Esi_0168_0081,,
Ec-10_002010,Esi_0168_0082,,
Ec-10_001960,Esi_0168_0083,,
Ec-10_001930,Esi_0168_0085,,
Ec-10_001850,Esi_0168_0086,,
Ec-10_001730,Esi_0168_0087,,
Ec-10_001910,Esi_0168_0088,,
Ec-10_001880,Esi_0168_0089,,
Ec-10_001870,Esi_0168_0090,,
Ec-10_002020,Esi_0168_0091,,
Ec-10_001790,Esi_0168_0092,,
Ec-10_001780,Esi_0168_0093,,
Ec-05_001110,Esi_0169_0001,D7FME1,CBJ29953.1
Ec-05_001100,Esi_0169_0003,D7FME2,CBJ29954.1
Ec-05_001090,Esi_0169_0004,D7FME3,CBJ29955.1
Ec-05_001060,Esi_0169_0008,D7FME4,CBJ29956.1
Ec-05_001050,Esi_0169_0012,D7FME5,CBJ29957.1
Ec-05_001040,Esi_0169_0013,D7FME6,CBJ29958.1
Ec-05_001030,Esi_0169_0016,D7FME7,CBJ29959.1
Ec-05_001020,Esi_0169_0021,D7FME8,CBJ29960.1
Ec-05_001010,Esi_0169_0022,D7FME9,CBJ29961.1
Ec-05_001000,Esi_0169_0023,D7FMF0,CBJ29962.1
Ec-05_000990,Esi_0169_0024,D7FMF1,CBJ29963.1
Ec-05_000960,Esi_0169_0028,D7FMF2,CBJ29964.1
Ec-05_000950,Esi_0169_0029,D7FMF3,CBJ29965.1
Ec-05_000940,Esi_0169_0030,D7FMF4,CBJ29966.1
Ec-05_000930,Esi_0169_0032,D7FMF5,CBJ29967.1
Ec-05_000910,Esi_0169_0039,D7FMF6,CBJ29968.1
Ec-05_000900,Esi_0169_0041,D7FMF7,CBJ29969.1
Ec-05_000890,Esi_0169_0042,D7FMF8,CBJ29970.1
Ec-05_000880,Esi_0169_0043,D7FMF9,CBJ29971.1
Ec-05_000860,Esi_0169_0044,D7FMG0,CBJ29972.1
Ec-05_000850,Esi_0169_0045,D7FMG1,CBJ29973.1
Ec-05_000840,Esi_0169_0047,D7FMG2,CBJ29974.1
Ec-05_000830,Esi_0169_0048,D7FMG3,CBJ29975.1
Ec-05_000820,Esi_0169_0051,D7FMG4,CBJ29976.1
Ec-05_000810,Esi_0169_0052,D7FMG5,CBJ29977.1
Ec-05_000790,Esi_0169_0058,D7FMG6,CBJ29978.1
Ec-05_000780,Esi_0169_0059,D7FMG7,CBJ29979.1
Ec-05_000920,Esi_0169_0066,,
Ec-05_000980,Esi_0169_0071,,
Ec-05_000970,Esi_0169_0072,,
Ec-05_000870,Esi_0169_0073,,
Ec-05_000800,Esi_0169_0074,,
Ec-05_001080,Esi_0169_0075,,
Ec-05_001070,Esi_0169_0076,,
Ec-21_000460,Esi_0170_0004,D7FMR5,CBJ29980.1
Ec-21_000450,Esi_0170_0006,D7FMR6,CBJ29981.1
Ec-21_000440,Esi_0170_0009,D7FMR7,CBJ29982.1
Ec-21_000430,Esi_0170_0014,D7FMR8,CBJ29983.1
Ec-21_000420,Esi_0170_0015,D7FMR9,CBJ29984.1
Ec-21_000410,Esi_0170_0022,D7FMS0,CBJ29985.1
Ec-21_000380,Esi_0170_0027,D7FMS1,CBJ29986.1
Ec-21_000370,Esi_0170_0029,D7FMS2,CBJ29987.1
Ec-21_000360,Esi_0170_0031,D7FMS3,CBJ29988.1
Ec-21_000350,Esi_0170_0034,D7FMS4,CBJ29989.1
Ec-21_000340,Esi_0170_0035,D7FMS5,CBJ29990.1
Ec-21_000330,Esi_0170_0038,D7FMS6,CBJ29991.1
Ec-21_000310,Esi_0170_0040,D7FMS7,CBJ29992.1
Ec-21_000290,Esi_0170_0043,D7FMS8,CBJ29993.1
Ec-21_000280,Esi_0170_0044,D7FMS9,CBJ29994.1
Ec-21_000270,Esi_0170_0046,D7FMT0,CBJ29995.1
Ec-21_000260,Esi_0170_0048,D7FMT1,CBJ29996.1
Ec-21_000250,Esi_0170_0049,D7FMT2,CBJ29997.1
Ec-21_000240,Esi_0170_0050,D7FMT3,CBJ29998.1
Ec-21_000230,Esi_0170_0053,D7FMT4,CBJ29999.1
,Esi_0170_0054,D7FMT5,CBJ30000.1
Ec-21_000220,Esi_0170_0055,D7FMT6,CBJ30001.1
Ec-21_000210,Esi_0170_0056,D7FMT7,CBJ30002.1
Ec-21_000200,Esi_0170_0057,D7FMT8,CBJ30003.1
Ec-21_000190,Esi_0170_0059,D7FMT9,CBJ30004.1
Ec-21_000180,Esi_0170_0063,D7FMU0,CBJ30005.1
Ec-21_000160,Esi_0170_0076,D7FMU1,CBJ30006.1
Ec-21_000320,Esi_0170_0086,,
Ec-21_000300,Esi_0170_0087,,
Ec-21_000390,Esi_0170_0090,,
Ec-21_000170,Esi_0170_0091,,
Ec-21_000400,Esi_0170_0092,,
Ec-09_002530,Esi_0171_0003,D7FMU3,CBJ30007.1
Ec-09_002540,Esi_0171_0004,D7FMU4,CBJ30008.1
Ec-09_002550,Esi_0171_0009,D7FMU5,CBJ30009.1
Ec-09_002560,Esi_0171_0010,D7FMU6,CBJ30010.1
Ec-09_002570,Esi_0171_0012,D7FMU7,CBJ30011.1
,Esi_0171_0013,D7FMU8,CBJ30012.1
Ec-09_002580,Esi_0171_0015,D7FMU9,CBJ30013.1
Ec-09_002590,Esi_0171_0016,D7FMV0,CBJ30014.1
Ec-09_002600,Esi_0171_0017,D7FMV1,CBJ30015.1
Ec-09_002610,Esi_0171_0021,D7FMV2,CBJ30016.1
Ec-09_002620,Esi_0171_0022,D7FMV3,CBJ30017.1
Ec-09_002630,Esi_0171_0023,D7FMV4,CBJ30018.1
Ec-09_002640,Esi_0171_0026,D7FMV5,CBJ30019.1
Ec-09_002660,Esi_0171_0028,D7FMV6,CBJ30020.1
Ec-09_002670,Esi_0171_0030,D7FMV7,CBJ30021.1
Ec-09_002680,Esi_0171_0033,D7FMV8,CBJ30022.1
Ec-09_002690,Esi_0171_0038,D7FMV9,CBJ30023.1
Ec-09_002700,Esi_0171_0039,D7FMW0,CBJ30024.1
,Esi_0171_0040,D7FMW1,CBJ30025.1
Ec-09_002710,Esi_0171_0041,D7FMW2,CBJ30026.1
Ec-09_002720,Esi_0171_0046,D7FMW3,CBJ30027.1
Ec-09_002730,Esi_0171_0047,D7FMW4,CBJ30028.1
Ec-09_002740,Esi_0171_0048,D7FMW5,CBJ30029.1
Ec-09_002760,Esi_0171_0049,D7FMW6,CBJ30030.1
Ec-09_002770,Esi_0171_0050,D7FMW7,CBJ30031.1
Ec-09_002780,Esi_0171_0052,D7FMW8,CBJ30032.1
Ec-09_002790,Esi_0171_0055,D7FMW9,CBJ30033.1
Ec-09_002800,Esi_0171_0057,D7FMX0,CBJ30034.1
Ec-09_002810,Esi_0171_0065,,
Ec-09_002750,Esi_0171_0068,,
Ec-09_002650,Esi_0171_0069,,
Ec-09_002820,Esi_0171_0070,,
Ec-25_002640,Esi_0172_0001,D7FMX1,CBJ30035.1
Ec-25_002660,Esi_0172_0007,D7FMX2,CBJ30036.1
,Esi_0172_0008,D7FMX3,CBJ30037.1
Ec-25_002670,Esi_0172_0012,D7FMX4,CBJ30038.1
Ec-25_002680,Esi_0172_0013,D7FMX5,CBJ30039.1
Ec-25_002690,Esi_0172_0014,D7FMX6,CBJ30040.1
Ec-25_002700,Esi_0172_0015,D7FMX7,CBJ30041.1
Ec-25_002720,Esi_0172_0018,D7FMX8,CBJ30042.1
Ec-25_002730,Esi_0172_0020,D7FMX9,CBJ30043.1
Ec-25_002740,Esi_0172_0021,D7FMY0,CBJ30044.1
Ec-25_002750,Esi_0172_0022,D7FMY1,CBJ30045.1
Ec-25_002760,Esi_0172_0024,D7FMY2,CBJ30046.1
Ec-25_002770,Esi_0172_0026,D7FMY3,CBJ30047.1
Ec-25_002780,Esi_0172_0027,D7FMY4,CBJ30048.1
Ec-25_002790,Esi_0172_0028,D7FMY5,CBJ30049.1
Ec-25_002800,Esi_0172_0029,D7FMY6,CBJ30050.1
Ec-25_002810,Esi_0172_0034,D7FMY7,CBJ30051.1
Ec-25_002820,Esi_0172_0035,D7FMY8,CBJ30052.1
,Esi_0172_0036,D7FMY9,CBJ30053.1
Ec-25_002830,Esi_0172_0037,D7FMZ0,CBJ30054.1
Ec-25_002840,Esi_0172_0038,D7FMZ1,CBJ30055.1
Ec-25_002850,Esi_0172_0039,D7FMZ2,CBJ30056.1
Ec-25_002860,Esi_0172_0051,D7FMZ3,CBJ30057.1
Ec-25_002870,Esi_0172_0054,D7FMZ4,CBJ30058.1
Ec-25_002880,Esi_0172_0055,D7FMZ5,CBJ30059.1
Ec-25_002890,Esi_0172_0056,D7FMZ6,CBJ30060.1
Ec-25_002900,Esi_0172_0057,D7FMZ7,CBJ30061.1
Ec-25_002910,Esi_0172_0058,D7FMZ8,CBJ30062.1
Ec-25_002920,Esi_0172_0059,D7FMZ9,CBJ30063.1
Ec-25_002930,Esi_0172_0061,D7FN00,CBJ30064.1
Ec-25_002940,Esi_0172_0062,D7FN01,CBJ30065.1
Ec-25_002950,Esi_0172_0063,D7FN02,CBJ30066.1
Ec-25_002960,Esi_0172_0066,D7FN03,CBJ30067.1
Ec-25_002650,Esi_0172_0072,,
Ec-25_002970,Esi_0172_0073,,
Ec-25_002710,Esi_0172_0074,,
Ec-25_001080,Esi_0173_0001,D7FN04,CBJ30068.1
Ec-25_001080,Esi_0173_0002,D7FN05,CBJ30069.1
Ec-25_001090,Esi_0173_0003,D7FN06,CBJ30070.1
Ec-25_001090,Esi_0173_0004,D7FN07,CBJ30071.1
Ec-25_001100,Esi_0173_0007,D7FN08,CBJ30072.1
Ec-25_001110,Esi_0173_0011,D7FN09,CBJ30073.1
Ec-25_001120,Esi_0173_0014,D7FN10,CBJ30074.1
,Esi_0173_0015,D7FN11,CBJ30075.1
Ec-25_001130,Esi_0173_0016,D7FN12,CBJ30076.1
Ec-25_001140,Esi_0173_0017,D7FN13,CBJ30077.1
Ec-25_001150,Esi_0173_0018,D7FN14,CBJ30078.1
Ec-25_001170,Esi_0173_0021,D7FN15,CBJ30079.1
Ec-25_001180,Esi_0173_0022,D7FN16,CBJ30080.1
Ec-25_001190,Esi_0173_0023,D7FN17,CBJ30081.1
,Esi_0173_0027,D7FN18,CBJ30082.1
Ec-25_001220,Esi_0173_0029,D7FN19,CBJ30083.1
Ec-25_001230,Esi_0173_0034,D7FN20,CBJ30084.1
Ec-25_001240,Esi_0173_0035,D7FN21,CBJ30085.1
Ec-25_001250,Esi_0173_0036,D7FN22,CBJ30086.1
Ec-25_001270,Esi_0173_0037,D7FN23,CBJ30087.1
Ec-25_001280,Esi_0173_0038,D7FN24,CBJ30088.1
Ec-25_001290,Esi_0173_0040,D7FN25,CBJ30089.1
Ec-25_001310,Esi_0173_0041,D7FN26,CBJ30090.1
Ec-25_001320,Esi_0173_0044,D7FN27,CBJ30091.1
Ec-25_001330,Esi_0173_0046,D7FN28,CBJ30092.1
Ec-25_001340,Esi_0173_0047,D7FN29,CBJ30093.1
Ec-25_001350,Esi_0173_0048,D7FN30,CBJ30094.1
Ec-25_001360,Esi_0173_0060,D7FN31,CBJ30095.1
Ec-25_001370,Esi_0173_0062,D7FN32,CBJ30096.1
Ec-25_001380,Esi_0173_0063,D7FN33,CBJ30097.1
Ec-25_001390,Esi_0173_0064,D7FN34,CBJ30098.1
Ec-25_001400,Esi_0173_0067,D7FN35,CBJ30099.1
Ec-25_001410,Esi_0173_0071,D7FN36,CBJ30100.1
Ec-25_001300,Esi_0173_0077,,
Ec-25_001420,Esi_0173_0078,,
Ec-25_001160,Esi_0173_0079,,
Ec-25_001200,Esi_0173_0080,,
Ec-25_001210,Esi_0173_0081,,
Ec-25_001260,Esi_0173_0082,,
Ec-10_002590,Esi_0174_0002,D8LGL0,CBN75752.1
Ec-10_002610,Esi_0174_0005,D8LGL1,CBN75753.1
Ec-10_002620,Esi_0174_0006,D8LGL2,CBN75754.1
Ec-10_002640,Esi_0174_0009,D8LGL3,CBN75755.1
Ec-10_002650,Esi_0174_0010,D8LGL4,CBN75756.1
Ec-10_002660,Esi_0174_0011,D8LGL5,CBN75757.1
Ec-10_002670,Esi_0174_0012,D8LGL6,CBN75758.1
Ec-10_002680,Esi_0174_0014,D8LGL7,CBN75759.1
Ec-10_002690,Esi_0174_0018,D8LGL8,CBN75760.1
Ec-10_002700,Esi_0174_0019,D8LGL9,CBN75761.1
Ec-10_002710,Esi_0174_0020,D8LGM0,CBN75762.1
Ec-10_002720,Esi_0174_0023,D8LGM1,CBN75763.1
Ec-10_002750,Esi_0174_0026,D8LGM2,CBN75764.1
Ec-10_002760,Esi_0174_0027,D8LGM3,CBN75765.1
Ec-10_002770,Esi_0174_0029,D8LGM4,CBN75766.1
Ec-10_002780,Esi_0174_0030,D8LGM5,CBN75767.1
Ec-10_002800,Esi_0174_0033,D8LGM6,CBN75768.1
Ec-10_002830,Esi_0174_0038,D8LGM7,CBN75769.1
Ec-10_002840,Esi_0174_0039,D8LGM8,CBN75770.1
Ec-10_002850,Esi_0174_0040,D8LGM9,CBN75771.1
Ec-10_002860,Esi_0174_0041,D8L,CBN75772.1
Ec-10_002870,Esi_0174_0043,D8L,CBN75773.1
Ec-10_002880,Esi_0174_0045,D8L,CBN75774.1
Ec-10_002890,Esi_0174_0047,D8L,CBN75775.1
Ec-10_002900,Esi_0174_0048,D8L,CBN75776.1
Ec-10_002910,Esi_0174_0049,D8L,CBN75777.1
Ec-10_002920,Esi_0174_0050,D8L,CBN75778.1
Ec-10_002930,Esi_0174_0053,D8L,CBN75779.1
Ec-10_002940,Esi_0174_0056,D8L,CBN75780.1
Ec-10_002950,Esi_0174_0057,D8L,CBN75781.1
,Esi_0174_0059,D8LGP0,CBN75782.1
Ec-10_002970,Esi_0174_0061,D8LGP1,CBN75783.1
Ec-10_002980,Esi_0174_0063,D8LGP2,CBN75784.1
Ec-10_002990,Esi_0174_0064,D8LGP3,CBN75785.1
Ec-10_003000,Esi_0174_0067,D8LGP4,CBN75786.1
Ec-10_003020,Esi_0174_0068,D8LGP5,CBN75787.1
Ec-10_003030,Esi_0174_0069,D8LGP6,CBN75788.1
Ec-10_002790,Esi_0174_0078,,
Ec-10_002730,Esi_0174_0082,,
Ec-10_002740,Esi_0174_0083,,
Ec-10_002810,Esi_0174_0084,,
Ec-10_002600,Esi_0174_0085,,
Ec-10_002820,Esi_0174_0086,,
Ec-10_002960,Esi_0174_0087,,
Ec-10_003010,Esi_0174_0088,,
Ec-10_002630,Esi_0174_0089,,
Ec-06_008300,Esi_0175_0005,D7FN40,CBJ30101.1
Ec-06_008310,Esi_0175_0006,D7FN41,CBJ30102.1
Ec-06_008320,Esi_0175_0007,D7FN42,CBJ30103.1
Ec-06_008330,Esi_0175_0008,D7FN43,CBJ30104.1
Ec-06_008340,Esi_0175_0009,D7FN44,CBJ30105.1
Ec-06_008350,Esi_0175_0011,D7FN45,CBJ30106.1
Ec-06_008360,Esi_0175_0012,D7FN46,CBJ30107.1
Ec-06_008370,Esi_0175_0013,D7FN47,CBJ30108.1
Ec-06_008380,Esi_0175_0014,D7FN48,CBJ30109.1
Ec-06_008390,Esi_0175_0015,D7FN49,CBJ30110.1
Ec-06_008400,Esi_0175_0016,D7FN50,CBJ30111.1
Ec-06_008410,Esi_0175_0017,D7FN51,CBJ30112.1
Ec-06_008420,Esi_0175_0019,D7FN52,CBJ30113.1
Ec-06_008430,Esi_0175_0020,D7FN53,CBJ30114.1
Ec-06_008440,Esi_0175_0022,D7FN54,CBJ30115.1
Ec-06_008460,Esi_0175_0023,D7FN55,CBJ30116.1
Ec-06_008470,Esi_0175_0026,D7FN56,CBJ30117.1
Ec-06_008480,Esi_0175_0027,D7FN57,CBJ30118.1
Ec-06_008490,Esi_0175_0029,D7FN58,CBJ30119.1
Ec-06_008510,Esi_0175_0030,D7FN59,CBJ30120.1
Ec-06_008520,Esi_0175_0031,D7FN60,CBJ30121.1
,Esi_0175_0033,D7FN61,CBJ30122.1
Ec-06_008530,Esi_0175_0035,D7FN62,CBJ30123.1
Ec-06_008540,Esi_0175_0039,D7FN63,CBJ30124.1
Ec-06_008550,Esi_0175_0040,D7FN64,CBJ30125.1
Ec-06_008560,Esi_0175_0043,D7FN65,CBJ30126.1
Ec-06_008570,Esi_0175_0051,D7FN66,CBJ30127.1
Ec-06_008580,Esi_0175_0052,D7FN67,CBJ30128.1
Ec-06_008590,Esi_0175_0054,D7FN68,CBJ30129.1
Ec-06_008610,Esi_0175_0056,D7FN69,CBJ30130.1
Ec-06_008630,Esi_0175_0059,D7FN70,CBJ30131.1
Ec-06_008500,Esi_0175_0072,,
Ec-06_008450,Esi_0175_0073,,
Ec-06_008600,Esi_0175_0074,,
Ec-06_008620,Esi_0175_0075,,
Ec-07_005490,Esi_0176_0001,D8LGP7,CBN79067.1
Ec-07_005470,Esi_0176_0002,D8LGP8,CBN79068.1
Ec-07_005460,Esi_0176_0004,D8LGP9,CBN79069.1
Ec-07_005450,Esi_0176_0005,D8LGQ0,CBN79070.1
Ec-07_005440,Esi_0176_0008,D8LGQ1,CBN79071.1
,Esi_0176_0009,D8LGQ2,CBN79072.1
Ec-07_005430,Esi_0176_0010,D8LGQ3,CBN79073.1
Ec-07_005420,Esi_0176_0011,D8LGQ4,CBN79074.1
,Esi_0176_0012,D8LGQ5,CBN79075.1
Ec-07_005410,Esi_0176_0014,D8LGQ6,CBN79076.1
Ec-07_005400,Esi_0176_0018,D8LGQ7,CBN79077.1
Ec-07_005390,Esi_0176_0019,D8LGQ8,CBN79078.1
Ec-07_005380,Esi_0176_0020,D8LGQ9,CBN79079.1
Ec-07_005370,Esi_0176_0024,D8LGR0,CBN79080.1
Ec-07_005350,Esi_0176_0027,D8LGR1,CBN79081.1
Ec-07_005340,Esi_0176_0029,D8LGR2,CBN79082.1
Ec-07_005330,Esi_0176_0030,D8LGR3,CBN79083.1
Ec-07_005320,Esi_0176_0032,D8LGR4,CBN79084.1
Ec-07_005310,Esi_0176_0036,D8LGR5,CBN79085.1
Ec-07_005300,Esi_0176_0037,D8LGR6,CBN79086.1
Ec-07_005290,Esi_0176_0038,D8LGR7,CBN79087.1
Ec-07_005270,Esi_0176_0042,D8LGR9,CBN79089.1
Ec-07_005250,Esi_0176_0043,D8LGS0,CBN79090.1
Ec-07_005240,Esi_0176_0045,D8LGS1,CBN79091.1
Ec-07_005220,Esi_0176_0046,D8LGS2,CBN79092.1
Ec-07_005210,Esi_0176_0047,D8LGS3,CBN79093.1
Ec-07_005200,Esi_0176_0048,D8LGS4,CBN79094.1
Ec-07_005190,Esi_0176_0051,D8LGS5,CBN79095.1
Ec-07_005180,Esi_0176_0052,D8LGS6,CBN79096.1
Ec-07_005170,Esi_0176_0057,D8LGS7,CBN79097.1
,Esi_0176_0058,D8LGS8,CBN79098.1
,Esi_0176_0059,D8LGS9,CBN79099.1
Ec-07_005160,Esi_0176_0060,D8LGT0,CBN79100.1
Ec-07_005150,Esi_0176_0061,D8LGT1,CBN79101.2
Ec-07_005140,Esi_0176_0062,D8LGT2,CBN79102.1
Ec-07_005130,Esi_0176_0063,D8LGT3,CBN79103.1
Ec-07_005120,Esi_0176_0064,D8LGT4,CBN79104.1
Ec-07_005110,Esi_0176_0065,D8LGT5,CBN79105.1
Ec-07_005280,Esi_0176_0068,D8LGR8,CBN79088.1
Ec-07_005360,Esi_0176_0075,,
Ec-07_005260,Esi_0176_0081,,
Ec-07_005230,Esi_0176_0082,,
Ec-07_005480,Esi_0176_0083,,
Ec-07_005100,Esi_0176_0084,,
Ec-15_003240,Esi_0177_0001,D7FN75,CBJ30132.1
Ec-15_003250,Esi_0177_0002,D7FN76,CBJ30133.1
Ec-15_003260,Esi_0177_0008,D7FN77,CBJ30134.1
Ec-15_003270,Esi_0177_0010,D7FN78,CBJ30135.1
Ec-15_003280,Esi_0177_0013,D7FN79,CBJ30136.1
Ec-15_003290,Esi_0177_0014,D7FN80,CBJ30137.1
Ec-15_003300,Esi_0177_0016,D7FN81,CBJ30138.1
Ec-15_003310,Esi_0177_0019,D7FN82,CBJ30139.1
Ec-15_003320,Esi_0177_0021,D7FN83,CBJ30140.1
,Esi_0177_0022,D7FN84,CBJ30141.1
Ec-15_003330,Esi_0177_0023,D7FN85,CBJ30142.1
Ec-15_003360,Esi_0177_0024,D7FN86,CBJ30143.1
Ec-15_003370,Esi_0177_0025,D7FN87,CBJ30144.1
Ec-15_003380,Esi_0177_0026,D7FN88,CBJ30145.1
Ec-15_003400,Esi_0177_0029,D7FN89,CBJ30146.1
Ec-15_003410,Esi_0177_0036,D7FN90,CBJ30147.1
,Esi_0177_0037,D7FN91,CBJ30148.1
Ec-15_003420,Esi_0177_0040,D7FN92,CBJ30149.1
Ec-15_003440,Esi_0177_0041,D7FN93,CBJ30150.1
Ec-15_003450,Esi_0177_0042,D7FN94,CBJ30151.1
Ec-15_003460,Esi_0177_0044,D7FN95,CBJ30152.1
Ec-15_003470,Esi_0177_0046,D7FN96,CBJ30153.1
Ec-15_003480,Esi_0177_0047,D7FN97,CBJ30154.1
Ec-15_003500,Esi_0177_0048,D7FN98,CBJ30155.1
Ec-15_003510,Esi_0177_0052,D7FN99,CBJ30156.1
Ec-15_003520,Esi_0177_0055,D7FNA0,CBJ30157.1
,Esi_0177_0056,D7FNA1,CBJ30158.1
Ec-15_003530,Esi_0177_0058,D7FNA2,CBJ30159.1
Ec-15_003340,Esi_0177_0062,,
Ec-15_003350,Esi_0177_0065,,
Ec-15_003390,Esi_0177_0066,,
Ec-15_003430,Esi_0177_0067,,
Ec-15_003490,Esi_0177_0068,,
Ec-24_000010,Esi_0178_0004,D7FNA3,CBJ30160.1
Ec-24_000020,Esi_0178_0006,D7FNA4,CBJ30161.1
Ec-24_000030,Esi_0178_0007,D7FNA5,CBJ30162.1
Ec-24_000040,Esi_0178_0012,D7FNA6,CBJ30163.1
,Esi_0178_0019,D7FNA7,CBJ30164.1
Ec-24_000050,Esi_0178_0021,D7FNA8,CBJ30165.1
Ec-24_000060,Esi_0178_0022,D7FNA9,CBJ30166.1
Ec-24_000070,Esi_0178_0023,D7FNB0,CBJ30167.1
Ec-24_000080,Esi_0178_0024,D7FNB1,CBJ30168.1
Ec-24_000090,Esi_0178_0026,D7FNB2,CBJ30169.1
Ec-24_000110,Esi_0178_0028,D7FNB3,CBJ30170.1
Ec-24_000130,Esi_0178_0031,D7FNB4,CBJ30171.1
Ec-24_000150,Esi_0178_0035,D7FNB5,CBJ30172.1
Ec-24_000160,Esi_0178_0037,D7FNB6,CBJ30173.1
Ec-24_000170,Esi_0178_0039,D7FNB7,CBJ30174.1
Ec-24_000190,Esi_0178_0040,D7FNB8,CBJ30175.1
Ec-24_000200,Esi_0178_0041,D7FNB9,CBJ30176.1
,Esi_0178_0042,D7FNC0,CBJ30177.1
Ec-24_000210,Esi_0178_0043,D7FNC1,CBJ30178.1
Ec-24_000220,Esi_0178_0044,D7FNC2,CBJ30179.1
Ec-24_000100,Esi_0178_0050,,
Ec-24_000120,Esi_0178_0051,,
Ec-24_000140,Esi_0178_0052,,
Ec-24_000180,Esi_0178_0053,,
Ec-22_001180,Esi_0179_0007,D7FNC6,CBJ30180.1
Ec-22_001220,Esi_0179_0011,D7FNC7,CBJ30181.1
Ec-22_001230,Esi_0179_0015,D7FNC8,CBJ30182.1
Ec-22_001240,Esi_0179_0016,D7FNC9,CBJ30183.1
Ec-22_001250,Esi_0179_0017,D7FND0,CBJ30184.1
Ec-22_001260,Esi_0179_0018,D7FND1,CBJ30185.1
Ec-22_001260,Esi_0179_0023,D7FND2,CBJ30186.1
Ec-22_001270,Esi_0179_0026,D7FND3,CBJ30187.1
Ec-22_001280,Esi_0179_0028,D7FND4,CBJ30188.1
Ec-22_001300,Esi_0179_0032,D7FND5,CBJ30189.1
Ec-22_001310,Esi_0179_0033,D7FND6,CBJ30190.1
,Esi_0179_0035,D7FND7,CBJ30191.1
Ec-22_001320,Esi_0179_0036,D7FND8,CBJ30192.1
Ec-22_001330,Esi_0179_0040,D7FND9,CBJ30193.1
Ec-22_001370,Esi_0179_0042,D7FNE0,CBJ30194.1
Ec-22_001380,Esi_0179_0043,D7FNE1,CBJ30195.1
Ec-22_001390,Esi_0179_0048,D7FNE2,CBJ30196.1
Ec-22_001400,Esi_0179_0052,D7FNE3,CBJ30197.1
Ec-22_001420,Esi_0179_0055,D7FNE4,CBJ30198.1
Ec-22_001430,Esi_0179_0057,D7FNE5,CBJ30199.1
Ec-22_001440,Esi_0179_0058,D7FNE6,CBJ30200.1
Ec-22_001460,Esi_0179_0060,D7FNE7,CBJ30201.1
Ec-22_001470,Esi_0179_0062,D7FNE8,CBJ30202.1
Ec-22_001480,Esi_0179_0063,D7FNE9,CBJ30203.1
Ec-22_001210,Esi_0179_0070,,
Ec-22_001290,Esi_0179_0071,,
Ec-22_001450,Esi_0179_0072,,
Ec-22_001170,Esi_0179_0074,,
Ec-22_001340,Esi_0179_0075,,
Ec-22_001350,Esi_0179_0076,,
Ec-22_001360,Esi_0179_0077,,
Ec-22_001410,Esi_0179_0078,,
Ec-22_001190,Esi_0179_0079,,
Ec-22_001200,Esi_0179_0080,,
Ec-12_003530,Esi_0180_0004,D7FNS8,CBJ30204.1
Ec-12_003520,Esi_0180_0006,D7FNS9,CBJ30205.1
Ec-12_003510,Esi_0180_0008,D7FNT0,CBJ30206.1
Ec-12_003500,Esi_0180_0009,D7FNT1,CBJ30207.1
Ec-12_003490,Esi_0180_0012,D7FNT2,CBJ30208.1
Ec-12_003470,Esi_0180_0014,D7FNT3,CBJ30209.1
Ec-12_003460,Esi_0180_0015,D7FNT4,CBJ30210.1
Ec-12_003450,Esi_0180_0016,D7FNT5,CBJ30211.1
Ec-12_003430,Esi_0180_0017,D7FNT6,CBJ30212.1
Ec-12_003420,Esi_0180_0019,D7FNT7,CBJ30213.1
Ec-12_003410,Esi_0180_0021,D7FNT8,CBJ30214.1
Ec-12_003400,Esi_0180_0023,D7FNT9,CBJ30215.1
Ec-12_003390,Esi_0180_0025,D7FNU0,CBJ30216.1
Ec-12_003370,Esi_0180_0027,D7FNU1,CBJ30217.1
Ec-12_003360,Esi_0180_0028,D7FNU2,CBJ30218.1
Ec-12_003350,Esi_0180_0030,D7FNU3,CBJ30219.1
Ec-12_003340,Esi_0180_0031,D7FNU4,CBJ30220.1
Ec-12_003330,Esi_0180_0032,D7FNU5,CBJ30221.1
Ec-12_003320,Esi_0180_0035,D7FNU6,CBJ30222.1
Ec-12_003300,Esi_0180_0037,D7FNU7,CBJ30223.1
Ec-12_003290,Esi_0180_0038,D7FNU8,CBJ30224.1
Ec-12_003280,Esi_0180_0039,D7FNU9,CBJ30225.1
Ec-12_003270,Esi_0180_0041,D7FNV0,CBJ30226.1
Ec-12_003260,Esi_0180_0042,D7FNV1,CBJ30227.1
Ec-12_003250,Esi_0180_0044,D7FNV2,CBJ30228.1
Ec-12_003240,Esi_0180_0045,D7FNV3,CBJ30229.1
Ec-12_003230,Esi_0180_0048,D7FNV4,CBJ30230.1
Ec-12_003220,Esi_0180_0049,D7FNV5,CBJ30231.1
Ec-12_003210,Esi_0180_0051,D7FNV6,CBJ30232.1
Ec-12_003200,Esi_0180_0052,D7FNV7,CBJ30233.1
Ec-12_003190,Esi_0180_0053,D7FNV8,CBJ30234.1
Ec-12_003180,Esi_0180_0054,D7FNV9,CBJ30235.1
Ec-12_003170,Esi_0180_0056,D7FNW0,CBJ30236.1
Ec-12_003160,Esi_0180_0059,D7FNW1,CBJ30237.1
Ec-12_003150,Esi_0180_0060,D7FNW2,CBJ30238.1
Ec-12_003140,Esi_0180_0061,D7FNW3,CBJ30239.1
Ec-12_003480,Esi_0180_0066,,
Ec-12_003440,Esi_0180_0067,,
Ec-12_003380,Esi_0180_0068,,
Ec-12_003550,Esi_0180_0069,,
Ec-12_003310,Esi_0180_0070,,
Ec-12_003540,Esi_0180_0071,,
Ec-28_001100,Esi_0181_0002,D8LGT6,CBN75789.1
Ec-28_001150,Esi_0181_0008,D8LGT7,CBN75790.1
Ec-28_001160,Esi_0181_0009,D8LGT8,CBN75791.1
Ec-28_001170,Esi_0181_0013,D8LGT9,CBN75792.1
Ec-28_001180,Esi_0181_0016,D8LGU0,CBN75793.1
Ec-28_001200,Esi_0181_0020,D8LGU1,CBN75794.1
,Esi_0181_0023,D8LGU2,CBN75795.1
Ec-28_001210,Esi_0181_0025,D8LGU3,CBN75796.1
Ec-28_001220,Esi_0181_0027,D8LGU4,CBN75797.1
Ec-28_001230,Esi_0181_0029,,
Ec-28_001240,Esi_0181_0032,D8LGU6,CBN75799.1
Ec-28_001250,Esi_0181_0035,D8LGU7,CBN75800.1
Ec-28_001270,Esi_0181_0037,D8LGU8,CBN75801.1
Ec-28_001280,Esi_0181_0038,D8LGU9,CBN75802.1
Ec-28_001290,Esi_0181_0039,D8LGV0,CBN75803.1
Ec-28_001300,Esi_0181_0041,D8LGV1,CBN75804.1
,Esi_0181_0042,D8LGV2,CBN75805.1
Ec-28_001310,Esi_0181_0046,D8LGV3,CBN75806.1
,Esi_0181_0047,D8LGV4,CBN75807.1
Ec-28_001320,Esi_0181_0049,D8LGV5,CBN75808.1
Ec-28_001390,Esi_0181_0050,D8LGV6,CBN75809.1
Ec-28_001400,Esi_0181_0051,D8LGV7,CBN75810.1
Ec-28_001410,Esi_0181_0053,D8LGV8,CBN75811.1
Ec-28_001420,Esi_0181_0054,D8LGV9,CBN75812.1
Ec-28_001430,Esi_0181_0057,D8LGW0,CBN75813.1
Ec-28_001440,Esi_0181_0058,D8LGW1,CBN75814.1
Ec-28_001470,Esi_0181_0059,D8LGW2,CBN75815.1
Ec-28_001480,Esi_0181_0062,D8LGW3,CBN75816.1
Ec-28_001490,Esi_0181_0066,D8LGW4,CBN75817.1
Ec-28_001500,Esi_0181_0067,D8LGW5,CBN75818.1
Ec-28_001510,Esi_0181_0068,D8LGW6,CBN75819.1
Ec-28_001190,Esi_0181_0072,,
Ec-28_001330,Esi_0181_0073,,
Ec-28_001340,Esi_0181_0074,,
Ec-28_001350,Esi_0181_0075,,
Ec-28_001360,Esi_0181_0076,,
Ec-28_001520,Esi_0181_0077,,
Ec-28_001530,Esi_0181_0078,,
Ec-28_001540,Esi_0181_0079,,
Ec-28_001550,Esi_0181_0080,,
Ec-28_001110,Esi_0181_0084,,
Ec-28_001120,Esi_0181_0085,,
Ec-28_001080,Esi_0181_0086,,
Ec-28_001260,Esi_0181_0087,,
Ec-28_001090,Esi_0181_0088,,
Ec-28_001370,Esi_0181_0089,,
Ec-28_001380,Esi_0181_0090,,
Ec-28_001450,Esi_0181_0091,,
Ec-28_001460,Esi_0181_0092,,
Ec-28_001130,Esi_0181_0093,,
Ec-28_001140,Esi_0181_0094,,
Ec-14_001630,Esi_0182_0001,D8LGW7,CBN75820.1
Ec-14_001620,Esi_0182_0002,D8LGW8,CBN75821.1
Ec-14_001610,Esi_0182_0003,D8LGW9,CBN75822.1
,Esi_0182_0005,D8LGX0,CBN75823.1
Ec-14_001600,Esi_0182_0007,D8LGX1,CBN75824.1
Ec-14_001590,Esi_0182_0008,D8LGX2,CBN75825.1
Ec-14_001580,Esi_0182_0011,D8LGX3,CBN75826.1
Ec-14_001570,Esi_0182_0012,D8LGX4,CBN75827.1
Ec-14_001550,Esi_0182_0014,D8LGX5,CBN75828.1
Ec-14_001540,Esi_0182_0015,D8LGX6,CBN75829.1
Ec-14_001530,Esi_0182_0017,D8LGX7,CBN75830.1
Ec-14_001520,Esi_0182_0018,D8LGX8,CBN75831.1
Ec-14_001510,Esi_0182_0021,D8LGX9,CBN75832.1
Ec-14_001500,Esi_0182_0022,D8LGY0,CBN75833.1
Ec-14_001490,Esi_0182_0024,D8LGY1,CBN75834.1
Ec-14_001480,Esi_0182_0026,D8LGY2,CBN75835.1
Ec-14_001470,Esi_0182_0027,D8LGY3,CBN75836.1
Ec-14_001460,Esi_0182_0028,D8LGY4,CBN75837.1
Ec-14_001450,Esi_0182_0029,D8LGY5,CBN75838.1
Ec-14_001440,Esi_0182_0031,D8LGY6,CBN75839.1
Ec-14_001430,Esi_0182_0032,D8LGY7,CBN75840.1
Ec-14_001410,Esi_0182_0033,D8LGY8,CBN75841.1
Ec-14_001400,Esi_0182_0037,D8LGY9,CBN75842.1
Ec-14_001390,Esi_0182_0038,D8LGZ0,CBN75843.1
,Esi_0182_0039,D8LGZ1,CBN75844.1
Ec-14_001380,Esi_0182_0040,D8LGZ2,CBN75845.1
Ec-14_001370,Esi_0182_0041,D8LGZ3,CBN75846.1
,Esi_0182_0042,D8LGZ4,CBN75847.1
Ec-14_001340,Esi_0182_0043,D8LGZ5,CBN75848.1
Ec-14_001330,Esi_0182_0044,D8LGZ6,CBN75849.1
Ec-14_001310,Esi_0182_0049,D8LGZ7,CBN75850.1
Ec-14_001300,Esi_0182_0050,D8LGZ8,CBN75851.1
Ec-14_001290,Esi_0182_0051,D8LGZ9,CBN75852.1
Ec-14_001270,Esi_0182_0052,D8LH00,CBN75853.1
Ec-14_001260,Esi_0182_0054,D8LH01,CBN75854.1
Ec-14_001250,Esi_0182_0056,D8LH02,CBN75855.1
,Esi_0182_0057,D8LH03,CBN75856.1
Ec-14_001240,Esi_0182_0058,D8LH04,CBN75857.1
Ec-14_001230,Esi_0182_0059,D8LH05,CBN75858.1
Ec-14_001220,Esi_0182_0061,D8LH06,CBN75859.1
Ec-14_001210,Esi_0182_0062,D8LH07,CBN75860.1
Ec-14_001200,Esi_0182_0066,D8LH08,CBN75861.1
Ec-14_001420,Esi_0182_0074,,
Ec-14_001360,Esi_0182_0075,,
Ec-14_001350,Esi_0182_0076,,
Ec-14_001320,Esi_0182_0077,,
Ec-14_001280,Esi_0182_0078,,
Ec-14_001560,Esi_0182_0079,,
Ec-10_004630,Esi_0183_0003,D7FNX1,CBJ30240.1
Ec-10_004640,Esi_0183_0011,D7FNX2,CBJ30241.1
,Esi_0183_0013,D7FNX3,CBJ30242.1
Ec-10_004650,Esi_0183_0014,D7FNX4,CBJ30243.1
Ec-10_004660,Esi_0183_0015,D7FNX5,CBJ30244.1
Ec-10_004730,Esi_0183_0025,D7FNX6,CBJ30245.1
Ec-10_004740,Esi_0183_0026,D7FNX7,CBJ30246.1
Ec-10_004750,Esi_0183_0030,D7FNX8,CBJ30247.1
,Esi_0183_0031,D7FNX9,CBJ30248.1
,Esi_0183_0032,D7FNY0,CBJ30249.1
Ec-10_004770,Esi_0183_0035,D7FNY1,CBJ30250.1
,Esi_0183_0036,D7FNY2,CBJ30251.1
,Esi_0183_0037,D7FNY3,CBJ30252.1
Ec-10_004800,Esi_0183_0039,D7FNY4,CBJ30253.1
Ec-10_004810,Esi_0183_0041,D7FNY5,CBJ30254.1
Ec-10_004820,Esi_0183_0042,D7FNY6,CBJ30255.1
Ec-10_004830,Esi_0183_0043,D7FNY7,CBJ30256.1
Ec-10_004860,Esi_0183_0045,D7FNY8,CBJ30257.1
Ec-10_004870,Esi_0183_0046,D7FNY9,CBJ30258.1
Ec-10_004880,Esi_0183_0047,D7FNZ0,CBJ30259.1
Ec-10_004890,Esi_0183_0048,D7FNZ1,CBJ30260.1
Ec-10_004900,Esi_0183_0053,D7FNZ2,CBJ30261.1
Ec-10_004920,Esi_0183_0054,D7FNZ3,CBJ30262.1
Ec-10_004930,Esi_0183_0058,D7FNZ4,CBJ30263.1
Ec-10_004940,Esi_0183_0059,D7FNZ5,CBJ30264.1
Ec-10_004950,Esi_0183_0061,D7FNZ6,CBJ30265.1
Ec-10_004960,Esi_0183_0062,D7FNZ7,CBJ30266.1
Ec-10_004970,Esi_0183_0063,D7FNZ8,CBJ30267.1
Ec-10_004980,Esi_0183_0064,D7FNZ9,CBJ30268.1
,Esi_0183_0066,D7FP00,CBJ30269.1
Ec-10_004990,Esi_0183_0067,D7FP01,CBJ30270.1
Ec-10_005000,Esi_0183_0068,D7FP02,CBJ30271.1
Ec-10_004910,Esi_0183_0080,,
Ec-10_004840,Esi_0183_0081,,
Ec-10_004780,Esi_0183_0083,,
Ec-10_004790,Esi_0183_0084,,
Ec-10_004610,Esi_0183_0085,,
Ec-10_004670,Esi_0183_0086,,
Ec-10_004680,Esi_0183_0087,,
Ec-10_004690,Esi_0183_0088,,
Ec-10_004700,Esi_0183_0089,,
Ec-10_004710,Esi_0183_0090,,
Ec-10_004720,Esi_0183_0091,,
Ec-10_004760,Esi_0183_0092,,
Ec-10_004850,Esi_0183_0093,,
Ec-10_004620,Esi_0183_0094,,
Ec-05_001890,Esi_0184_0003,D7FP05,CBJ30272.1
Ec-05_001880,Esi_0184_0004,D7FP06,CBJ30273.1
,Esi_0184_0005,D7FP07,CBJ30274.1
Ec-05_001860,Esi_0184_0007,D7FP08,CBJ30275.1
Ec-05_001850,Esi_0184_0009,D7FP09,CBJ30276.1
Ec-05_001830,Esi_0184_0017,D7FP10,CBJ30277.1
Ec-05_001820,Esi_0184_0019,D7FP11,CBJ30278.1
Ec-05_001810,Esi_0184_0020,D7FP12,CBJ30279.1
Ec-05_001800,Esi_0184_0021,D7FP13,CBJ30280.1
Ec-05_001790,Esi_0184_0024,D7FP14,CBJ30281.1
Ec-05_001780,Esi_0184_0026,D7FP15,CBJ30282.1
Ec-05_001770,Esi_0184_0027,D7FP16,CBJ30283.1
Ec-05_001760,Esi_0184_0028,D7FP17,CBJ30284.1
Ec-05_001750,Esi_0184_0030,D7FP18,CBJ30285.1
Ec-05_001740,Esi_0184_0032,D7FP19,CBJ30286.1
Ec-05_001730,Esi_0184_0033,D7FP20,CBJ30287.1
Ec-05_001720,Esi_0184_0035,D7FP21,CBJ30288.1
Ec-05_001710,Esi_0184_0036,D7FP22,CBJ30289.1
Ec-05_001700,Esi_0184_0037,D7FP23,CBJ30290.1
Ec-05_001680,Esi_0184_0042,D7FP24,CBJ30291.1
Ec-05_001660,Esi_0184_0044,D7FP25,CBJ30292.1
Ec-05_001690,Esi_0184_0049,,
Ec-05_001840,Esi_0184_0050,,
Ec-05_001670,Esi_0184_0051,,
Ec-05_001870,Esi_0184_0052,,
Ec-10_002270,Esi_0185_0002,D7FP29,CBJ30293.1
Ec-10_002280,Esi_0185_0004,D7FP30,CBJ30294.1
Ec-10_002290,Esi_0185_0006,D7FP31,CBJ30295.1
Ec-10_002300,Esi_0185_0007,D7FP32,CBJ30296.1
Ec-10_002310,Esi_0185_0010,D7FP33,CBJ30297.1
Ec-10_002320,Esi_0185_0012,D7FP34,CBJ30298.1
Ec-10_002330,Esi_0185_0014,D7FP35,CBJ30299.1
Ec-10_002340,Esi_0185_0016,D7FP36,CBJ30300.1
Ec-10_002350,Esi_0185_0017,D7FP37,CBJ30301.1
Ec-10_002360,Esi_0185_0018,D7FP38,CBJ30302.1
Ec-10_002370,Esi_0185_0022,D7FP39,CBJ30303.1
Ec-10_002380,Esi_0185_0023,D7FP40,CBJ30304.1
Ec-10_002390,Esi_0185_0024,D7FP41,CBJ30305.1
Ec-10_002400,Esi_0185_0028,D7FP42,CBJ30306.1
Ec-10_002410,Esi_0185_0032,D7FP43,CBJ30307.1
Ec-10_002430,Esi_0185_0036,D7FP44,CBJ30308.1
Ec-10_002440,Esi_0185_0037,D7FP45,CBJ30309.1
Ec-10_002450,Esi_0185_0038,D7FP46,CBJ30310.1
Ec-10_002460,Esi_0185_0039,D7FP47,CBJ30311.1
Ec-10_002470,Esi_0185_0042,D7FP48,CBJ30312.1
Ec-10_002480,Esi_0185_0045,D7FP49,CBJ30313.1
Ec-10_002490,Esi_0185_0046,D7FP50,CBJ30314.1
Ec-10_002500,Esi_0185_0050,D7FP51,CBJ30315.1
Ec-10_002520,Esi_0185_0052,D7FP52,CBJ30316.1
Ec-10_002530,Esi_0185_0053,D7FP53,CBJ30317.1
Ec-10_002550,Esi_0185_0055,D7FP54,CBJ30318.1
Ec-10_002560,Esi_0185_0056,D7FP55,CBJ30319.1
Ec-10_002570,Esi_0185_0057,D7FP56,CBJ30320.1
Ec-10_002580,Esi_0185_0062,D7FP57,CBJ30321.1
Ec-10_002420,Esi_0185_0072,,
Ec-10_002510,Esi_0185_0073,,
Ec-10_002540,Esi_0185_0074,,
,Esi_0186_0003,D8LH09,CBN75862.1
Ec-06_010780,Esi_0186_0006,D8LH10,CBN75863.1
Ec-06_010790,Esi_0186_0008,D8LH11,CBN75864.1
Ec-06_010810,Esi_0186_0009,D8LH12,CBN75865.1
Ec-06_010830,Esi_0186_0010,D8LH13,CBN75866.1
Ec-06_010840,Esi_0186_0012,D8LH14,CBN75867.1
Ec-06_010850,Esi_0186_0013,D8LH15,CBN75868.1
Ec-06_010860,Esi_0186_0014,D8LH16,CBN75869.1
Ec-06_010870,Esi_0186_0017,D8LH17,CBN75870.1
Ec-06_010890,Esi_0186_0019,D8LH18,CBN75871.1
Ec-06_010900,Esi_0186_0020,D8LH19,CBN75872.1
Ec-06_010910,Esi_0186_0021,D8LH20,CBN75873.1
Ec-06_010920,Esi_0186_0022,D8LH21,CBN75874.1
Ec-06_010930,Esi_0186_0025,D8LH22,CBN75875.1
Ec-06_010940,Esi_0186_0026,D8LH23,CBN75876.1
Ec-06_010950,Esi_0186_0027,D8LH24,CBN75877.1
Ec-06_010960,Esi_0186_0028,D8LH25,CBN75878.1
Ec-06_010970,Esi_0186_0029,D8LH26,CBN75879.1
Ec-06_010980,Esi_0186_0030,D8LH27,CBN75880.1
Ec-06_010990,Esi_0186_0035,D8LH28,CBN75881.1
Ec-06_010990,Esi_0186_0037,D8LH29,CBN75882.1
Ec-06_011000,Esi_0186_0038,D8LH30,CBN75883.1
Ec-06_011010,Esi_0186_0039,D8LH31,CBN75884.1
Ec-06_011030,Esi_0186_0045,D8LH33,CBN75886.1
Ec-06_011040,Esi_0186_0051,D8LH34,CBN75887.1
Ec-06_011050,Esi_0186_0052,D8LH35,CBN75888.1
,Esi_0186_0057,D8LH36,CBN75889.1
Ec-06_011060,Esi_0186_0058,D8LH37,CBN75890.1
Ec-06_011020,Esi_0186_0062,D8LH32,CBN75885.1
Ec-06_010880,Esi_0186_0063,,
Ec-06_010800,Esi_0186_0064,,
Ec-06_010820,Esi_0186_0066,,
Ec-08_000720,Esi_0187_0001,D7FP61,CBJ30322.1
Ec-08_000710,Esi_0187_0002,D7FP62,CBJ30323.1
Ec-08_000700,Esi_0187_0003,D7FP63,CBJ30324.1
Ec-08_000690,Esi_0187_0005,D7FP64,CBJ30325.1
Ec-08_000680,Esi_0187_0006,D7FP65,CBJ30326.1
Ec-08_000670,Esi_0187_0008,D7FP66,CBJ30327.1
Ec-08_000660,Esi_0187_0010,D7FP67,CBJ30328.1
Ec-08_000640,Esi_0187_0014,D7FP68,CBJ30329.1
Ec-08_000650,Esi_0187_0015,D7FP69,CBJ30330.1
Ec-08_000630,Esi_0187_0016,D7FP70,CBJ30331.1
Ec-08_000610,Esi_0187_0017,D7FP71,CBJ30332.1
Ec-08_000600,Esi_0187_0019,D7FP72,CBJ30333.1
Ec-08_000590,Esi_0187_0020,D7FP73,CBJ30334.1
Ec-08_000580,Esi_0187_0022,D7FP74,CBJ30335.1
Ec-08_000570,Esi_0187_0023,D7FP75,CBJ30336.1
Ec-08_000550,Esi_0187_0024,D7FP76,CBJ30337.1
Ec-08_000540,Esi_0187_0025,D7FP77,CBJ30338.1
Ec-08_000530,Esi_0187_0026,D7FP78,CBJ30339.1
Ec-08_000500,Esi_0187_0027,D7FP79,CBJ30340.1
Ec-08_000490,Esi_0187_0028,D7FP80,CBJ30341.1
Ec-08_000470,Esi_0187_0029,D7FP81,CBJ30342.1
Ec-08_000450,Esi_0187_0030,D7FP82,CBJ30343.1
Ec-08_000440,Esi_0187_0032,D7FP83,CBJ30344.1
,Esi_0187_0034,D7FP84,CBJ30345.1
Ec-08_000410,Esi_0187_0035,D7FP85,CBJ30346.1
Ec-08_000400,Esi_0187_0038,D7FP86,CBJ30347.1
Ec-08_000390,Esi_0187_0046,D7FP87,CBJ30348.1
Ec-08_000370,Esi_0187_0050,D7FP88,CBJ30349.1
Ec-08_000360,Esi_0187_0051,D7FP89,CBJ30350.1
Ec-08_000350,Esi_0187_0052,D7FP90,CBJ30351.1
Ec-08_000340,Esi_0187_0053,D7FP91,CBJ30352.1
Ec-08_000310,Esi_0187_0055,D7FP92,CBJ30353.1
Ec-08_000300,Esi_0187_0056,D7FP93,CBJ30354.1
Ec-08_000290,Esi_0187_0057,D7FP94,CBJ30355.1
Ec-08_000280,Esi_0187_0059,D7FP95,CBJ30356.1
Ec-08_000270,Esi_0187_0060,D7FP96,CBJ30357.1
Ec-08_000260,Esi_0187_0061,D7FP97,CBJ30358.1
Ec-08_000250,Esi_0187_0062,D7FP98,CBJ30359.1
Ec-08_000230,Esi_0187_0063,D7FP99,CBJ30360.1
Ec-08_000220,Esi_0187_0064,D7FPA0,CBJ30361.1
Ec-08_000430,Esi_0187_0068,,
Ec-08_000420,Esi_0187_0069,,
Ec-08_000560,Esi_0187_0071,,
Ec-08_000510,Esi_0187_0072,,
Ec-08_000480,Esi_0187_0073,,
Ec-08_000330,Esi_0187_0074,,
Ec-08_000320,Esi_0187_0075,,
Ec-08_000240,Esi_0187_0076,,
Ec-08_000210,Esi_0187_0077,,
Ec-08_000620,Esi_0187_0078,,
Ec-08_000520,Esi_0187_0079,,
Ec-08_000460,Esi_0187_0080,,
Ec-08_000380,Esi_0187_0081,,
Ec-15_004170,Esi_0188_0001,D7FPA3,CBJ30362.1
Ec-15_004150,Esi_0188_0002,D7FPA4,CBJ30363.1
Ec-15_004140,Esi_0188_0003,D7FPA5,CBJ30364.1
Ec-15_004120,Esi_0188_0004,D7FPA6,CBJ30365.1
Ec-15_004110,Esi_0188_0005,D7FPA7,CBJ30366.1
Ec-15_004100,Esi_0188_0008,D7FPA8,CBJ30367.1
Ec-15_004090,Esi_0188_0010,D7FPA9,CBJ30368.1
Ec-15_004080,Esi_0188_0011,D7FPB0,CBJ30369.1
Ec-15_004070,Esi_0188_0012,D7FPB1,CBJ30370.1
Ec-15_004060,Esi_0188_0013,D7FPB2,CBJ30371.1
Ec-15_004050,Esi_0188_0014,D7FPB3,CBJ30372.1
Ec-15_004040,Esi_0188_0015,D7FPB4,CBJ30373.1
Ec-15_004010,Esi_0188_0019,D7FPB5,CBJ30374.1
Ec-15_004000,Esi_0188_0020,D7FPB6,CBJ30375.1
Ec-15_003990,Esi_0188_0021,D7FPB7,CBJ30376.1
Ec-15_003980,Esi_0188_0023,D7FPB8,CBJ30377.1
Ec-15_003970,Esi_0188_0026,D7FPB9,CBJ30378.1
Ec-15_003960,Esi_0188_0028,D7FPC0,CBJ30379.1
Ec-15_003950,Esi_0188_0029,D7FPC1,CBJ30380.1
Ec-15_003940,Esi_0188_0031,D7FPC2,CBJ30381.1
Ec-15_003930,Esi_0188_0034,D7FPC3,CBJ30382.1
Ec-15_003920,Esi_0188_0036,D7FPC4,CBJ30383.1
Ec-15_003910,Esi_0188_0038,D7FPC5,CBJ30384.1
,Esi_0188_0040,D7FPC6,CBJ30385.1
Ec-15_003900,Esi_0188_0041,D7FPC7,CBJ30386.1
Ec-15_003890,Esi_0188_0045,D7FPC8,CBJ30387.1
Ec-15_003880,Esi_0188_0052,D7FPC9,CBJ30388.1
Ec-15_003860,Esi_0188_0054,D7FPD0,CBJ30389.1
Ec-15_003850,Esi_0188_0056,D7FPD1,CBJ30390.1
,Esi_0188_0057,D7FPD2,CBJ30391.1
Ec-15_003840,Esi_0188_0058,D7FPD3,CBJ30392.1
Ec-15_003830,Esi_0188_0059,D7FPD4,CBJ30393.1
Ec-15_003820,Esi_0188_0060,D7FPD5,CBJ30394.1
Ec-15_003870,Esi_0188_0064,,
Ec-15_004130,Esi_0188_0067,,
Ec-15_004160,Esi_0188_0068,,
Ec-15_004030,Esi_0188_0069,,
Ec-15_004020,Esi_0188_0070,,
Ec-14_004550,Esi_0189_0001,D7FPD7,CBJ30395.1
Ec-14_004560,Esi_0189_0003,D7FPD8,CBJ30396.1
,Esi_0189_0005,D7FPD9,CBJ30397.1
Ec-14_004580,Esi_0189_0007,D7FPE0,CBJ30398.1
Ec-14_004590,Esi_0189_0008,D7FPE1,CBJ30399.1
Ec-14_004600,Esi_0189_0012,D7FPE2,CBJ30400.1
Ec-14_004620,Esi_0189_0013,D7FPE3,CBJ30401.1
Ec-14_004630,Esi_0189_0014,D7FPE4,CBJ30402.1
Ec-14_004640,Esi_0189_0015,D7FPE5,CBJ30403.1
Ec-14_004650,Esi_0189_0017,D7FPE6,CBJ30404.1
Ec-14_004660,Esi_0189_0019,D7FPE7,CBJ30405.1
,Esi_0189_0022,D7FPE8,CBJ30406.1
Ec-14_004670,Esi_0189_0023,D7FPE9,CBJ30407.1
,Esi_0189_0024,D7FPF0,CBJ30408.1
Ec-14_004690,Esi_0189_0025,D7FPF1,CBJ30409.1
Ec-14_004700,Esi_0189_0027,D7FPF2,CBJ30410.1
Ec-14_004710,Esi_0189_0031,D7FPF3,CBJ30411.1
Ec-14_004720,Esi_0189_0032,D7FPF4,CBJ30412.1
Ec-14_004730,Esi_0189_0033,D7FPF5,CBJ30413.1
Ec-14_004740,Esi_0189_0035,D7FPF6,CBJ30414.1
,Esi_0189_0036,D7FPF7,CBJ30415.1
Ec-14_004750,Esi_0189_0039,D7FPF8,CBJ30416.1
Ec-14_004780,Esi_0189_0042,D7FPF9,CBJ30417.1
Ec-14_004800,Esi_0189_0043,D7FPG0,CBJ30418.1
Ec-14_004810,Esi_0189_0045,D7FPG1,CBJ30419.1
Ec-14_004820,Esi_0189_0047,D7FPG2,CBJ30420.1
Ec-14_004830,Esi_0189_0050,D7FPG3,CBJ30421.1
Ec-14_004840,Esi_0189_0052,D7FPG4,CBJ30422.1
Ec-14_004850,Esi_0189_0054,D7FPG5,CBJ30423.1
Ec-14_004860,Esi_0189_0056,D7FPG6,CBJ30424.1
Ec-14_004870,Esi_0189_0058,D7FPG7,CBJ30425.1
Ec-14_004890,Esi_0189_0059,D7FPG8,CBJ30426.1
Ec-14_004900,Esi_0189_0060,D7FPG9,CBJ30427.1
,Esi_0189_0063,D7FPH0,CBJ30428.1
Ec-14_004910,Esi_0189_0068,D7FPH1,CBJ30429.1
Ec-14_004920,Esi_0189_0070,D7FPH2,CBJ30430.1
Ec-14_004930,Esi_0189_0073,D7FPH3,CBJ30431.1
Ec-14_004940,Esi_0189_0074,D7FPH4,CBJ30432.1
Ec-14_004950,Esi_0189_0076,D7FPH5,CBJ30433.1
Ec-14_004960,Esi_0189_0078,D7FPH6,CBJ30434.1
Ec-14_004970,Esi_0189_0080,D7FPH7,CBJ30435.1
Ec-14_004980,Esi_0189_0082,D7FPH8,CBJ30436.1
Ec-14_004680,Esi_0189_0094,,
Ec-14_004570,Esi_0189_0095,,
Ec-14_004880,Esi_0189_0096,,
Ec-14_004760,Esi_0189_0097,,
Ec-14_004770,Esi_0189_0098,,
Ec-14_004790,Esi_0189_0099,,
Ec-14_004610,Esi_0189_0100,,
Ec-21_000010,Esi_0190_0010,D7FPI0,CBJ30437.1
Ec-21_000020,Esi_0190_0020,D7FPI1,CBJ30438.1
Ec-21_000050,Esi_0190_0061,,
Ec-21_000030,Esi_0190_0069,,
Ec-21_000040,Esi_0190_0070,,
Ec-13_000620,Esi_0191_0006,D8LHC9,CBN80246.1
Ec-13_000600,Esi_0191_0010,D8LHD0,CBN80247.1
Ec-13_000590,Esi_0191_0011,D8LHD1,CBN80248.1
Ec-13_000580,Esi_0191_0012,D8LHD2,CBN80249.1
Ec-13_000560,Esi_0191_0013,D8LHD3,CBN80250.1
Ec-13_000540,Esi_0191_0017,D8LHD4,CBN80251.1
Ec-13_000530,Esi_0191_0018,D8LHD6,CBN80253.1
Ec-13_000520,Esi_0191_0020,D8LHD7,CBN80254.1
Ec-13_000510,Esi_0191_0021,D8LHD8,CBN80255.1
Ec-13_000490,Esi_0191_0024,D8LHD9,CBN80256.1
Ec-13_000470,Esi_0191_0029,D8LHE0,CBN80257.1
Ec-13_000460,Esi_0191_0030,D8LHE1,CBN80258.1
,Esi_0191_0031,D8LHE2,CBN80259.1
Ec-13_000440,Esi_0191_0034,D8LHE3,CBN80260.1
Ec-13_000430,Esi_0191_0035,D8LHE4,CBN80261.1
,Esi_0191_0036,D8LHE5,CBN80262.1
Ec-13_000400,Esi_0191_0042,D8LHE6,CBN80263.1
Ec-13_000390,Esi_0191_0045,D8LHE7,CBN80264.1
Ec-13_000360,Esi_0191_0048,D8LHE8,CBN80265.1
Ec-13_000350,Esi_0191_0051,D8LHE9,CBN80266.1
Ec-13_000340,Esi_0191_0054,D8LHF0,CBN80267.1
Ec-13_000330,Esi_0191_0056,D8LHF1,CBN80268.1
,Esi_0191_0059,D8LHF2,CBN80269.1
Ec-13_000320,Esi_0191_0060,D8LHF3,CBN80270.1
,Esi_0191_0061,D8LHF4,CBN80271.1
Ec-13_000610,Esi_0191_0069,D8LHC8,CBN80245.1
Ec-13_000550,Esi_0191_0070,D8LHD5,CBN80252.1
Ec-13_000480,Esi_0191_0072,,
Ec-13_000410,Esi_0191_0073,,
Ec-13_000500,Esi_0191_0074,,
Ec-13_000450,Esi_0191_0075,,
Ec-13_000420,Esi_0191_0076,,
Ec-13_000380,Esi_0191_0077,,
Ec-13_000370,Esi_0191_0078,,
Ec-13_000570,Esi_0191_0079,,
Ec-11_004280,Esi_0192_0003,D8LHF5,CBN79106.1
Ec-11_004260,Esi_0192_0005,D8LHF6,CBN79107.1
Ec-11_004250,Esi_0192_0006,D8LHF7,CBN79108.2
Ec-11_004240,Esi_0192_0009,D8LHF8,CBN79109.1
Ec-11_004230,Esi_0192_0010,D8LHF9,CBN79110.1
Ec-11_004220,Esi_0192_0012,D8LHG0,CBN79111.1
Ec-11_004210,Esi_0192_0014,D8LHG1,CBN79112.1
Ec-11_004200,Esi_0192_0015,D8LHG2,CBN79113.1
Ec-11_004190,Esi_0192_0016,D8LHG3,CBN79114.1
Ec-11_004170,Esi_0192_0017,D8LHG4,CBN79115.1
Ec-11_004160,Esi_0192_0018,D8LHG5,CBN79116.1
Ec-11_004150,Esi_0192_0019,D8LHG6,CBN79117.1
Ec-11_004140,Esi_0192_0020,D8LHG7,CBN79118.1
Ec-11_004130,Esi_0192_0021,D8LHG8,CBN79119.1
Ec-11_004120,Esi_0192_0023,D8LHG9,CBN79120.1
Ec-11_004110,Esi_0192_0024,D8LHH0,CBN79121.1
Ec-11_004100,Esi_0192_0025,D8LHH1,CBN79122.1
Ec-11_004090,Esi_0192_0027,D8LHH2,CBN79123.1
Ec-11_004080,Esi_0192_0028,D8LHH3,CBN79124.1
Ec-11_004060,Esi_0192_0030,D8LHH4,CBN79125.1
Ec-11_004050,Esi_0192_0031,D8LHH5,CBN79126.1
Ec-11_004040,Esi_0192_0037,D8LHH6,CBN79127.1
Ec-11_004030,Esi_0192_0039,D8LHH7,CBN79128.1
Ec-11_004020,Esi_0192_0040,D8LHH8,CBN79129.1
Ec-11_004010,Esi_0192_0041,D8LHH9,CBN79130.1
Ec-11_004000,Esi_0192_0043,D7FN71,CBN79131.1
Ec-11_003980,Esi_0192_0044,D8LHI1,CBN79132.1
Ec-11_003970,Esi_0192_0045,D8LHI2,CBN79133.1
Ec-11_003960,Esi_0192_0046,D8LHI3,CBN79134.1
Ec-11_003950,Esi_0192_0047,D8LHI4,CBN79135.1
Ec-11_003940,Esi_0192_0049,D8LHI5,CBN79136.1
Ec-11_004180,Esi_0192_0053,,
Ec-11_004070,Esi_0192_0054,,
Ec-11_004270,Esi_0192_0055,,
Ec-11_003990,Esi_0192_0056,,
Ec-12_000660,Esi_0193_0002,D7FPI3,CBJ30440.1
Ec-12_000670,Esi_0193_0004,D7FPI4,CBJ30441.1
Ec-12_000710,Esi_0193_0008,D7FPI5,CBJ30442.1
Ec-12_000720,Esi_0193_0009,D7FPI6,CBJ30443.1
Ec-12_000730,Esi_0193_0011,D7FPI7,CBJ30444.1
Ec-12_000740,Esi_0193_0012,D7FPI8,CBJ30445.1
Ec-12_000760,Esi_0193_0013,D7FPI9,CBJ30446.1
Ec-12_000770,Esi_0193_0014,D7FPJ0,CBJ30447.1
Ec-12_000780,Esi_0193_0015,D7FPJ1,CBJ30448.1
Ec-12_000790,Esi_0193_0016,D7FPJ2,CBJ30449.1
Ec-12_000800,Esi_0193_0019,D7FPJ3,CBJ30450.1
Ec-12_000810,Esi_0193_0021,D7FPJ4,CBJ30451.1
Ec-12_000820,Esi_0193_0023,D7FPJ5,CBJ30452.1
Ec-12_000830,Esi_0193_0024,D7FPJ6,CBJ30453.1
Ec-12_000840,Esi_0193_0025,D7FPJ7,CBJ30454.1
Ec-12_000850,Esi_0193_0026,D7FPJ8,CBJ30455.1
Ec-12_000860,Esi_0193_0028,D7FPJ9,CBJ30456.1
Ec-12_000870,Esi_0193_0029,D7FPK0,CBJ30457.1
Ec-12_000880,Esi_0193_0035,D7FPK1,CBJ30458.1
Ec-12_000900,Esi_0193_0046,D7FPK2,CBJ30459.1
Ec-12_000910,Esi_0193_0047,D7FPK3,CBJ30460.1
Ec-12_000920,Esi_0193_0052,D7FPK4,CBJ30461.1
Ec-12_000930,Esi_0193_0053,D7FPK5,CBJ30462.1
Ec-12_000940,Esi_0193_0054,D7FPK6,CBJ30463.1
Ec-12_000950,Esi_0193_0055,D7FPK7,CBJ30464.1
Ec-12_000960,Esi_0193_0056,D7FPK8,CBJ30465.1
Ec-12_000970,Esi_0193_0058,D7FPK9,CBJ30466.1
Ec-12_001000,Esi_0193_0059,D7FPL0,CBJ30467.1
Ec-12_001010,Esi_0193_0061,D7FPL1,CBJ30468.1
Ec-12_001020,Esi_0193_0062,D7FPL2,CBJ30469.1
Ec-12_001030,Esi_0193_0063,D7FPL3,CBJ30470.1
Ec-12_001040,Esi_0193_0065,D7FPL4,CBJ30471.1
Ec-12_001080,Esi_0193_0066,D7FPL5,CBJ30472.1
Ec-12_000890,Esi_0193_0074,,
Ec-12_000980,Esi_0193_0075,,
Ec-12_000990,Esi_0193_0076,,
Ec-12_000680,Esi_0193_0077,,
Ec-12_001050,Esi_0193_0078,,
Ec-12_001060,Esi_0193_0079,,
Ec-12_001070,Esi_0193_0080,,
Ec-12_000690,Esi_0193_0081,,
Ec-12_000700,Esi_0193_0082,,
Ec-12_000750,Esi_0193_0083,,
,Esi_0194_0004,D7FPL6,CBJ30473.1
Ec-16_001490,Esi_0194_0005,D7FPL7,CBJ30474.1
Ec-16_001480,Esi_0194_0006,D7FPL8,CBJ30475.1
Ec-16_001470,Esi_0194_0013,D7FPL9,CBJ30476.1
Ec-16_001460,Esi_0194_0014,D7FPM0,CBJ30477.1
Ec-16_001450,Esi_0194_0015,D7FPM1,CBJ30478.1
Ec-16_001440,Esi_0194_0017,D7FPM2,CBJ30479.1
Ec-16_001430,Esi_0194_0018,D7FPM3,CBJ30480.1
Ec-16_001420,Esi_0194_0021,D7FPM4,CBJ30481.1
Ec-16_001410,Esi_0194_0022,D7FPM5,CBJ30482.1
Ec-16_001400,Esi_0194_0024,D7FPM6,CBJ30483.1
Ec-16_001390,Esi_0194_0025,D7FPM7,CBJ30484.1
Ec-16_001380,Esi_0194_0026,D7FPM8,CBJ30485.1
Ec-16_001370,Esi_0194_0028,D7FPM9,CBJ30486.1
Ec-16_001360,Esi_0194_0029,D7FPN0,CBJ30487.1
Ec-16_001350,Esi_0194_0031,D7FPN1,CBJ30488.1
Ec-16_001340,Esi_0194_0034,D7FPN2,CBJ30489.1
Ec-16_001330,Esi_0194_0037,D7FPN3,CBJ30490.1
Ec-16_001320,Esi_0194_0038,D7FPN4,CBJ30491.1
Ec-16_001310,Esi_0194_0040,D7FPN5,CBJ30492.1
Ec-16_001300,Esi_0194_0041,D7FPN6,CBJ30493.1
Ec-16_001290,Esi_0194_0042,D7FPN7,CBJ30494.1
Ec-16_001280,Esi_0194_0044,D7FPN8,CBJ30495.1
Ec-16_001270,Esi_0194_0048,D7FPN9,CBJ30496.1
Ec-16_001260,Esi_0194_0049,D7FPP0,CBJ30497.1
Ec-16_001250,Esi_0194_0050,D7FPP1,CBJ30498.1
Ec-16_001240,Esi_0194_0052,D7FPP2,CBJ30499.1
Ec-20_000830,Esi_0195_0002,D7FPP3,CBJ30500.1
Ec-20_000840,Esi_0195_0004,D7FPP4,CBJ30501.1
Ec-20_000850,Esi_0195_0005,D7FPP5,CBJ30502.1
Ec-20_000860,Esi_0195_0008,D7FPP6,CBJ30503.1
Ec-20_000870,Esi_0195_0011,D7FPP7,CBJ30504.1
Ec-20_000880,Esi_0195_0012,D7FPP8,CBJ30505.1
Ec-20_000890,Esi_0195_0017,D7FPP9,CBJ30506.1
Ec-20_000900,Esi_0195_0021,D7FPQ0,CBJ30507.1
Ec-20_000910,Esi_0195_0022,D7FPQ1,CBJ30508.1
Ec-20_000920,Esi_0195_0023,D7FPQ2,CBJ30509.1
Ec-20_000930,Esi_0195_0024,D7FPQ3,CBJ30510.1
Ec-20_000940,Esi_0195_0025,D7FPQ4,CBJ30511.1
Ec-20_000950,Esi_0195_0027,D7FPQ5,CBJ30512.1
Ec-20_000970,Esi_0195_0035,D7FPQ6,CBJ30513.1
Ec-20_000980,Esi_0195_0037,D7FPQ7,CBJ30514.1
Ec-20_000990,Esi_0195_0040,D7FPQ8,CBJ30515.1
Ec-20_001010,Esi_0195_0041,D7FPQ9,CBJ30516.1
Ec-20_001020,Esi_0195_0042,D7FPR0,CBJ30517.1
,Esi_0195_0043,D7FPR1,CBJ30518.1
Ec-20_001030,Esi_0195_0044,D7FPR2,CBJ30519.1
Ec-20_001040,Esi_0195_0046,D7FPR3,CBJ30520.1
Ec-20_001060,Esi_0195_0049,D7FPR4,CBJ30521.1
Ec-20_001070,Esi_0195_0051,D7FPR5,CBJ30522.1
Ec-20_001080,Esi_0195_0052,D7FPR6,CBJ30523.1
Ec-20_001090,Esi_0195_0053,D7FPR7,CBJ30524.1
Ec-20_001100,Esi_0195_0054,D7FPR8,CBJ30525.1
Ec-20_001110,Esi_0195_0056,D7FPR9,CBJ30526.1
Ec-20_001120,Esi_0195_0059,D7FPS0,CBJ30527.1
Ec-20_001000,Esi_0195_0061,,
Ec-20_001050,Esi_0195_0062,,
Ec-20_000960,Esi_0195_0063,,
Ec-10_002050,Esi_0196_0019,D8LHI6,CBN79268.1
Ec-10_002060,Esi_0196_0021,D8LHI7,CBN79269.1
Ec-10_002070,Esi_0196_0022,D8LHI8,CBN79270.1
Ec-10_002080,Esi_0196_0025,D8LHI9,CBN79271.1
Ec-10_002090,Esi_0196_0027,D8LHJ0,CBN79272.1
Ec-10_002100,Esi_0196_0030,D8LHJ1,CBN79273.1
Ec-10_002110,Esi_0196_0034,D8LHJ2,CBN79274.1
,Esi_0196_0035,D8LHJ3,CBN79275.1
,Esi_0196_0036,D8LHJ4,CBN79276.1
Ec-10_002130,Esi_0196_0037,D8LHJ5,CBN79277.1
Ec-10_002140,Esi_0196_0038,D8LHJ6,CBN79278.1
Ec-10_002150,Esi_0196_0039,D8LHJ7,CBN79279.1
Ec-10_002170,Esi_0196_0044,D8LHJ8,CBN79280.1
Ec-10_002180,Esi_0196_0045,D8LHJ9,CBN79281.1
Ec-10_002190,Esi_0196_0046,D8LHK0,CBN79282.1
Ec-10_002200,Esi_0196_0047,D8LHK1,CBN79283.1
Ec-10_002210,Esi_0196_0048,D8LHK2,CBN79284.1
Ec-10_002220,Esi_0196_0050,D8LHK3,CBN79285.1
Ec-10_002230,Esi_0196_0051,D8LHK4,CBN79286.2
,Esi_0196_0052,D8LHK5,CBN79287.1
Ec-10_002240,Esi_0196_0053,D8LHK6,CBN79288.1
Ec-10_002250,Esi_0196_0054,D8LHK7,CBN79289.1
Ec-10_002260,Esi_0196_0055,D8LHK8,CBN79290.1
,Esi_0196_0056,D8LHK9,CBN79291.1
Ec-10_002260,Esi_0196_0057,D8LHL0,CBN79292.1
Ec-10_002160,Esi_0196_0061,,
Ec-10_002120,Esi_0196_0064,,
Ec-10_002040,Esi_0196_0065,,
Ec-26_003540,Esi_0197_0001,D8LHL1,CBN79293.1
Ec-26_003550,Esi_0197_0004,D8LHL2,CBN79294.2
Ec-26_003560,Esi_0197_0005,D8LHL3,CBN79295.1
Ec-26_003570,Esi_0197_0006,D8LHL4,CBN79296.1
Ec-26_003580,Esi_0197_0009,D8LHL5,CBN79297.1
Ec-26_003590,Esi_0197_0010,D8LHL6,CBN79298.1
Ec-26_003600,Esi_0197_0012,D8LHL7,CBN79299.1
Ec-26_003610,Esi_0197_0013,D8LHL8,CBN79300.1
Ec-26_003620,Esi_0197_0020,D8LHL9,CBN79301.1
Ec-26_003630,Esi_0197_0023,D8LHM0,CBN79302.1
Ec-26_003640,Esi_0197_0025,D8LHM1,CBN79303.1
Ec-26_003650,Esi_0197_0027,D8LHM2,CBN79304.1
Ec-26_003660,Esi_0197_0031,D8LHM3,CBN79305.1
Ec-26_003670,Esi_0197_0032,D8LHM4,CBN79306.1
Ec-26_003680,Esi_0197_0033,D8LHM5,CBN79307.1
Ec-26_003690,Esi_0197_0034,D8LHM6,CBN79308.1
Ec-26_003700,Esi_0197_0036,D8LHM7,CBN79309.1
,Esi_0197_0037,D8LHM8,CBN79310.1
Ec-26_003710,Esi_0197_0038,D8LHM9,CBN79311.1
Ec-26_003730,Esi_0197_0039,D8LHN0,CBN79312.1
Ec-26_003740,Esi_0197_0040,D8LHN1,CBN79313.1
Ec-26_003750,Esi_0197_0042,D8LHN2,CBN79314.1
Ec-26_003760,Esi_0197_0043,D8LHN3,CBN79315.1
Ec-26_003770,Esi_0197_0044,D8LHN4,CBN79316.1
Ec-26_003780,Esi_0197_0045,D8LHN5,CBN79317.1
,Esi_0197_0046,D8LHN6,CBN79318.1
,Esi_0197_0048,D8LHN7,CBN79319.1
Ec-26_003810,Esi_0197_0049,D8LHN8,CBN79320.1
Ec-26_003820,Esi_0197_0050,D8LHN9,CBN79321.1
Ec-26_003840,Esi_0197_0054,D8LHP0,CBN79322.1
Ec-26_003850,Esi_0197_0055,D8LHP1,CBN79323.1
Ec-26_003870,Esi_0197_0057,D8LHP2,CBN79324.1
Ec-26_003720,Esi_0197_0066,,
Ec-26_003790,Esi_0197_0067,,
Ec-26_003800,Esi_0197_0068,,
Ec-26_003830,Esi_0197_0069,,
Ec-26_003860,Esi_0197_0070,,
Ec-20_002520,Esi_0198_0003,D8LHP3,CBN79325.1
Ec-20_002530,Esi_0198_0009,D8LHP4,CBN79326.1
Ec-20_002540,Esi_0198_0011,D8LHP5,CBN79327.1
Ec-20_002550,Esi_0198_0012,D8LHP6,CBN79328.1
Ec-20_002560,Esi_0198_0013,D8LHP7,CBN79329.1
Ec-20_002570,Esi_0198_0016,D8LHP8,CBN79330.1
Ec-20_002580,Esi_0198_0017,D8LHP9,CBN79331.1
Ec-20_002590,Esi_0198_0019,D8LHQ0,CBN79332.1
Ec-20_002600,Esi_0198_0021,D8LHQ1,CBN79333.1
Ec-20_002650,Esi_0198_0024,D8LHQ2,CBN79334.1
Ec-20_002660,Esi_0198_0026,D8LHQ3,CBN79335.1
Ec-20_002670,Esi_0198_0027,D8LHQ4,CBN79336.1
Ec-20_002680,Esi_0198_0028,D8LHQ5,CBN79337.1
Ec-20_002690,Esi_0198_0029,D8LHQ6,CBN79338.1
,Esi_0198_0033,D8LHQ7,CBN79339.1
Ec-20_002700,Esi_0198_0038,D8LHQ8,CBN79340.1
,Esi_0198_0039,D8LHQ9,CBN79341.1
Ec-20_002710,Esi_0198_0041,D8LHR0,CBN79342.1
Ec-20_002720,Esi_0198_0042,D8LHR1,CBN79343.1
Ec-20_002730,Esi_0198_0044,D8LHR2,CBN79344.1
Ec-20_002740,Esi_0198_0045,D8LHR3,CBN79345.2
Ec-20_002750,Esi_0198_0047,D8LHR4,CBN79346.1
Ec-20_002760,Esi_0198_0053,D8LHR5,CBN79347.1
Ec-20_002610,Esi_0198_0055,,
Ec-20_002620,Esi_0198_0056,,
Ec-20_002630,Esi_0198_0057,,
Ec-20_002640,Esi_0198_0058,,
Ec-18_001500,Esi_0199_0005,D7FPS1,CBJ30528.1
Ec-18_001520,Esi_0199_0006,D7FPS2,CBJ30529.1
Ec-18_001530,Esi_0199_0007,D7FPS3,CBJ30530.1
Ec-18_001540,Esi_0199_0008,D7FPS4,CBJ30531.1
Ec-18_001550,Esi_0199_0010,D7FPS5,CBJ30532.1
Ec-18_001560,Esi_0199_0011,D7FPS6,CBJ30533.1
Ec-18_001570,Esi_0199_0012,D7FPS7,CBJ30534.1
Ec-18_001580,Esi_0199_0013,D7FPS8,CBJ30535.1
Ec-18_001590,Esi_0199_0017,D7FPS9,CBJ30536.1
Ec-18_001600,Esi_0199_0018,D7FPT0,CBJ30537.1
Ec-18_001610,Esi_0199_0019,D7FPT1,CBJ30538.1
Ec-18_001620,Esi_0199_0025,D7FPT2,CBJ30539.1
Ec-18_001630,Esi_0199_0028,D7FPT3,CBJ30540.1
,Esi_0199_0030,D7FPT4,CBJ30541.1
Ec-18_001640,Esi_0199_0032,D7FPT5,CBJ30542.1
Ec-18_001660,Esi_0199_0035,D7FPT6,CBJ30543.1
Ec-18_001670,Esi_0199_0037,D7FPT7,CBJ30544.1
,Esi_0199_0041,D7FPT8,CBJ30545.1
Ec-18_001680,Esi_0199_0042,D7FPT9,CBJ30546.1
Ec-18_001690,Esi_0199_0043,D7FPU0,CBJ30547.1
Ec-18_001700,Esi_0199_0044,D7FPU1,CBJ30548.1
Ec-18_001710,Esi_0199_0045,D7FPU2,CBJ30549.1
Ec-18_001720,Esi_0199_0046,D7FPU3,CBJ30550.1
,Esi_0199_0048,D7FPU4,CBJ30551.1
,Esi_0199_0051,D7FPU5,CBJ30552.1
,Esi_0199_0052,D7FPU6,CBJ30553.1
Ec-18_001730,Esi_0199_0054,D7FPU7,CBJ30554.1
Ec-18_001740,Esi_0199_0055,D7FPU8,CBJ30555.1
Ec-18_001760,Esi_0199_0057,D7FPU9,CBJ30556.1
Ec-18_001770,Esi_0199_0058,D7FPV0,CBJ30557.1
Ec-18_001780,Esi_0199_0059,D7FPV1,CBJ30558.1
Ec-18_001800,Esi_0199_0060,D7FPV2,CBJ30559.1
Ec-18_001510,Esi_0199_0061,D7FPV3,CBJ30560.1
Ec-18_001810,Esi_0199_0062,D7FPV4,CBJ30561.1
Ec-18_001820,Esi_0199_0064,D7FPV5,CBJ30562.1
Ec-18_001650,Esi_0199_0070,,
Ec-18_001490,Esi_0199_0071,,
Ec-18_001750,Esi_0199_0072,,
Ec-18_001790,Esi_0199_0073,,
Ec-22_002960,Esi_0200_0004,D7FQG8,CBJ30563.1
Ec-22_002970,Esi_0200_0005,D7FQG9,CBJ30564.1
Ec-22_002980,Esi_0200_0006,D7FQH0,CBJ30565.1
Ec-22_002990,Esi_0200_0008,D7FQH1,CBJ30566.1
Ec-22_003010,Esi_0200_0010,D7FQH2,CBJ30567.1
,Esi_0200_0013,D7FQH3,CBJ30568.1
Ec-22_003030,Esi_0200_0015,D7FQH4,CBJ30569.1
Ec-22_003040,Esi_0200_0016,D7FQH5,CBJ30570.1
Ec-22_003050,Esi_0200_0017,D7FQH6,CBJ30571.1
Ec-22_003060,Esi_0200_0018,D7FQH7,CBJ30572.1
Ec-22_003080,Esi_0200_0021,D7FQH8,CBJ30573.1
Ec-22_003090,Esi_0200_0024,D7FQH9,CBJ30574.1
Ec-22_003100,Esi_0200_0025,D7FQI0,CBJ30575.1
Ec-22_003120,Esi_0200_0026,D7FQI1,CBJ30576.1
Ec-22_003130,Esi_0200_0031,D7FQI2,CBJ30577.1
Ec-22_003140,Esi_0200_0036,D7FQI3,CBJ30578.1
Ec-22_003070,Esi_0200_0054,,
Ec-22_003110,Esi_0200_0055,,
Ec-22_003150,Esi_0200_0056,,
Ec-22_003000,Esi_0200_0057,,
Ec-22_003020,Esi_0200_0058,,
Ec-04_002820,Esi_0201_0001,D8LI12,CBN79348.1
Ec-04_002830,Esi_0201_0003,D8LI13,CBN79349.1
Ec-04_002840,Esi_0201_0005,D8LI14,CBN79350.1
Ec-04_002850,Esi_0201_0008,D8LI15,CBN79351.1
Ec-04_002860,Esi_0201_0011,D8LI16,CBN79352.1
Ec-04_002870,Esi_0201_0013,D8LI17,CBN79353.1
Ec-04_002880,Esi_0201_0014,D8LI18,CBN79354.1
Ec-04_002890,Esi_0201_0015,D8LI19,CBN79355.1
Ec-04_002910,Esi_0201_0016,D8LI20,CBN79356.1
Ec-04_002930,Esi_0201_0019,D8LI21,CBN79357.1
Ec-04_002950,Esi_0201_0021,D8LI22,CBN79358.1
Ec-04_002960,Esi_0201_0024,D8LI23,CBN79359.1
Ec-04_002970,Esi_0201_0025,D8LI24,CBN79360.1
Ec-04_002980,Esi_0201_0026,D8LI25,CBN79361.1
Ec-04_002990,Esi_0201_0027,D8LI26,CBN79362.1
Ec-04_003000,Esi_0201_0029,D8LI27,CBN79363.1
Ec-04_003010,Esi_0201_0031,D8LI28,CBN79364.1
Ec-04_003020,Esi_0201_0032,D8LI29,CBN79365.1
,Esi_0201_0033,D8LI30,CBN79366.2
Ec-04_003030,Esi_0201_0034,D8LI31,CBN79367.1
Ec-04_003040,Esi_0201_0035,D8LI32,CBN79368.1
Ec-04_003050,Esi_0201_0037,D8LI33,CBN79369.1
Ec-04_003060,Esi_0201_0038,D8LI34,CBN79370.1
Ec-04_003080,Esi_0201_0039,D8LI35,CBN79371.1
Ec-04_003090,Esi_0201_0040,D8LI36,CBN79372.1
,Esi_0201_0041,D8LI37,CBN79373.1
Ec-04_003100,Esi_0201_0043,D8LI38,CBN79374.1
Ec-04_003120,Esi_0201_0044,D8LI39,CBN79375.1
Ec-04_003130,Esi_0201_0045,D8LI40,CBN79376.1
Ec-04_003140,Esi_0201_0047,D8LI41,CBN79377.1
Ec-04_003150,Esi_0201_0048,D8LI42,CBN79378.2
Ec-04_003160,Esi_0201_0049,D8LI43,CBN79379.1
Ec-04_003110,Esi_0201_0050,,
Ec-04_002900,Esi_0201_0053,,
Ec-04_002920,Esi_0201_0054,,
Ec-04_002940,Esi_0201_0055,,
Ec-04_003070,Esi_0201_0056,,
Ec-26_005170,Esi_0202_0001,D8LI44,CBN79380.1
Ec-26_005180,Esi_0202_0009,D8LI45,CBN79381.1
Ec-26_005190,Esi_0202_0014,D8LI46,CBN79382.1
Ec-26_005200,Esi_0202_0015,D8LI47,CBN79383.1
Ec-26_005210,Esi_0202_0016,D8LI48,CBN79384.1
Ec-26_005220,Esi_0202_0021,D8LI49,CBN79385.1
Ec-26_005230,Esi_0202_0024,D8LI50,CBN79386.1
Ec-26_005240,Esi_0202_0026,D8LI51,CBN79387.1
Ec-26_005250,Esi_0202_0028,D8LI52,CBN79388.1
Ec-26_005260,Esi_0202_0029,D8LI53,CBN79389.1
Ec-26_005270,Esi_0202_0031,D8LI54,CBN79390.2
Ec-26_005280,Esi_0202_0032,D8LI55,CBN79391.1
Ec-26_005290,Esi_0202_0033,D8LI56,CBN79392.1
Ec-26_005300,Esi_0202_0035,D8LI57,CBN79393.1
Ec-26_005310,Esi_0202_0038,D8LI58,CBN79394.1
Ec-26_005320,Esi_0202_0039,D8LI59,CBN79395.1
Ec-26_005330,Esi_0202_0041,D8LI60,CBN79396.1
Ec-26_005340,Esi_0202_0042,D8LI61,CBN79397.1
Ec-26_005350,Esi_0202_0043,D8LI62,CBN79398.1
Ec-26_005360,Esi_0202_0044,D8LI63,CBN79399.1
Ec-26_005370,Esi_0202_0046,D8LI64,CBN79400.1
Ec-26_005380,Esi_0202_0049,D8LI65,CBN79401.1
Ec-26_005390,Esi_0202_0050,D8LI66,CBN79402.1
Ec-26_005400,Esi_0202_0052,D8LI67,CBN79403.1
Ec-26_005410,Esi_0202_0054,D8LI68,CBN79404.1
Ec-01_008780,Esi_0203_0001,D7FQI4,CBJ30579.1
Ec-01_008790,Esi_0203_0002,D7FQI5,CBJ30580.1
Ec-01_008800,Esi_0203_0004,D7FQI6,CBJ30581.1
Ec-01_008830,Esi_0203_0006,D7FQI7,CBJ30582.1
Ec-01_008840,Esi_0203_0007,D7FQI8,CBJ30583.1
Ec-01_008850,Esi_0203_0008,D7FQI9,CBJ30584.1
Ec-01_008860,Esi_0203_0009,D7FQJ0,CBJ30585.1
Ec-01_008870,Esi_0203_0010,D7FQJ1,CBJ30586.1
Ec-01_008880,Esi_0203_0011,D7FQJ2,CBJ30587.1
Ec-01_008890,Esi_0203_0012,D7FQJ3,CBJ30588.1
Ec-01_008900,Esi_0203_0013,D7FQJ4,CBJ30589.1
Ec-01_008910,Esi_0203_0014,D7FQJ5,CBJ30590.1
Ec-01_008930,Esi_0203_0016,D7FQJ6,CBJ30591.1
Ec-01_008940,Esi_0203_0019,D7FQJ7,CBJ30592.1
Ec-01_008950,Esi_0203_0021,D7FQJ8,CBJ30593.1
Ec-01_008960,Esi_0203_0022,D7FQJ9,CBJ30594.1
Ec-01_008970,Esi_0203_0024,D7FQK0,CBJ30595.1
Ec-01_008980,Esi_0203_0029,D7FQK1,CBJ30596.1
Ec-01_009000,Esi_0203_0030,D7FQK2,CBJ30597.1
Ec-01_009010,Esi_0203_0032,D7FQK3,CBJ30598.1
Ec-01_009030,Esi_0203_0035,D7FQK4,CBJ30599.1
Ec-01_009040,Esi_0203_0037,D7FQK5,CBJ30600.1
Ec-01_009050,Esi_0203_0038,D7FQK6,CBJ30601.1
Ec-01_009060,Esi_0203_0039,D7FQK7,CBJ30602.1
Ec-01_009070,Esi_0203_0040,D7FQK8,CBJ30603.1
Ec-01_009080,Esi_0203_0041,D7FQK9,CBJ30604.1
Ec-01_009090,Esi_0203_0042,D7FQL0,CBJ30605.1
Ec-01_009100,Esi_0203_0044,D7FQL1,CBJ30606.1
Ec-01_009140,Esi_0203_0046,D7FQL2,CBJ30607.1
Ec-01_009160,Esi_0203_0047,D7FQL3,CBJ30608.1
Ec-01_009170,Esi_0203_0051,D7FQL4,CBJ30609.1
Ec-01_009180,Esi_0203_0052,D7FQL5,CBJ30610.1
Ec-01_009200,Esi_0203_0053,D7FQL6,CBJ30611.1
Ec-01_009210,Esi_0203_0056,D7FQL7,CBJ30612.1
Ec-01_009220,Esi_0203_0057,D7FQL8,CBJ30613.1
Ec-01_009230,Esi_0203_0058,D7FQL9,CBJ30614.1
Ec-01_008990,Esi_0203_0063,,
Ec-01_008810,Esi_0203_0066,,
Ec-01_009020,Esi_0203_0067,,
Ec-01_008820,Esi_0203_0068,,
Ec-01_009110,Esi_0203_0069,,
Ec-01_009120,Esi_0203_0070,,
Ec-01_009130,Esi_0203_0071,,
Ec-01_009150,Esi_0203_0072,,
Ec-01_009190,Esi_0203_0073,,
Ec-01_008920,Esi_0203_0074,,
Ec-05_000400,Esi_0204_0013,D7FQM0,CBJ30615.1
Ec-05_000440,Esi_0204_0023,D7FQM1,CBJ30616.1
Ec-05_000450,Esi_0204_0025,D7FQM2,CBJ30617.1
Ec-05_000470,Esi_0204_0028,D7FQM3,CBJ30618.1
Ec-05_000510,Esi_0204_0052,D7FQM4,CBJ30619.1
Ec-05_000520,Esi_0204_0058,D7FQM5,CBJ30620.1
Ec-05_000490,Esi_0204_0072,,
Ec-05_000500,Esi_0204_0073,,
Ec-05_000430,Esi_0204_0074,,
Ec-05_000410,Esi_0204_0075,,
Ec-05_000420,Esi_0204_0076,,
Ec-05_000460,Esi_0204_0077,,
Ec-05_000480,Esi_0204_0078,,
Ec-05_000370,Esi_0204_0079,,
Ec-05_000380,Esi_0204_0080,,
Ec-05_000390,Esi_0204_0081,,
Ec-16_000900,Esi_0205_0005,D7FQM6,CBJ30621.1
Ec-16_000910,Esi_0205_0006,D7FQM7,CBJ30622.1
Ec-16_000920,Esi_0205_0012,D7FQM8,CBJ30623.1
Ec-16_000930,Esi_0205_0014,D7FQM9,CBJ30624.1
Ec-16_000940,Esi_0205_0021,D7FQN0,CBJ30625.1
Ec-16_000950,Esi_0205_0025,D7FQN1,CBJ30626.1
Ec-16_000960,Esi_0205_0026,D7FQN2,CBJ30627.1
Ec-16_000990,Esi_0205_0031,D7FQN3,CBJ30628.1
,Esi_0205_0033,D7FQN4,CBJ30629.1
Ec-16_001000,Esi_0205_0043,D7FQN5,CBJ30630.1
Ec-16_001010,Esi_0205_0046,D7FQN6,CBJ30631.1
Ec-16_001020,Esi_0205_0047,D7FQN7,CBJ30632.1
Ec-16_001030,Esi_0205_0050,D7FQN8,CBJ30633.1
Ec-16_001060,Esi_0205_0051,D7FQN9,CBJ30634.1
Ec-16_001070,Esi_0205_0053,D7FQP0,CBJ30635.1
Ec-16_001080,Esi_0205_0055,D7FQP1,CBJ30636.1
Ec-16_001090,Esi_0205_0056,D7FQP2,CBJ30637.1
Ec-16_001100,Esi_0205_0057,D7FQP3,CBJ30638.1
Ec-16_001110,Esi_0205_0059,D7FQP4,CBJ30639.1
Ec-16_001040,Esi_0205_0065,,
Ec-16_001050,Esi_0205_0066,,
Ec-16_000970,Esi_0205_0067,,
Ec-16_000980,Esi_0205_0068,,
Ec-16_001120,Esi_0205_0069,,
Ec-14_003360,Esi_0206_0001,D8LI69,CBN75891.1
Ec-14_003380,Esi_0206_0003,D8LI70,CBN75892.1
Ec-14_003390,Esi_0206_0004,D8LI71,CBN75893.1
Ec-14_003400,Esi_0206_0005,D8LI72,CBN75894.1
Ec-14_003410,Esi_0206_0006,D8LI73,CBN75895.1
Ec-14_003420,Esi_0206_0009,D8LI74,CBN75896.1
Ec-14_003440,Esi_0206_0012,D8LI75,CBN75897.1
Ec-14_003460,Esi_0206_0015,D8LI76,CBN75898.1
Ec-14_003470,Esi_0206_0017,D8LI77,CBN75899.1
Ec-14_003480,Esi_0206_0020,D8LI78,CBN75900.1
Ec-14_003500,Esi_0206_0021,D8LI79,CBN75901.1
Ec-14_003510,Esi_0206_0024,D8LI80,CBN75902.1
Ec-14_003520,Esi_0206_0025,D8LI81,CBN75903.1
Ec-14_003540,Esi_0206_0027,D8LI82,CBN75904.1
Ec-14_003560,Esi_0206_0030,D8LI83,CBN75905.1
Ec-14_003570,Esi_0206_0032,D8LI84,CBN75906.1
Ec-14_003580,Esi_0206_0034,D8LI85,CBN75907.1
Ec-14_003590,Esi_0206_0035,D8LI86,CBN75908.1
Ec-14_003600,Esi_0206_0036,D8LI87,CBN75909.1
Ec-14_003610,Esi_0206_0037,D8LI88,CBN75910.1
Ec-14_003620,Esi_0206_0038,D8LI89,CBN75911.1
Ec-14_003630,Esi_0206_0039,D8LI90,CBN75912.1
Ec-14_003640,Esi_0206_0040,D8LI91,CBN75913.1
,Esi_0206_0041,D8LI92,CBN75914.1
Ec-14_003650,Esi_0206_0044,D8LI93,CBN75915.1
,Esi_0206_0045,D8LI94,CBN75916.1
Ec-14_003660,Esi_0206_0048,D8LI95,CBN75917.1
Ec-14_003680,Esi_0206_0052,D8LI96,CBN75918.1
Ec-14_003690,Esi_0206_0054,D8LI97,CBN75919.1
Ec-14_003700,Esi_0206_0055,D8LI98,CBN75920.1
Ec-14_003710,Esi_0206_0057,D8LI99,CBN75921.1
Ec-14_003370,Esi_0206_0058,D8LIA0,CBN75922.1
Ec-14_003720,Esi_0206_0060,D8LIA1,CBN75923.1
Ec-14_003670,Esi_0206_0066,,
Ec-14_003490,Esi_0206_0067,,
Ec-14_003450,Esi_0206_0068,,
Ec-14_003530,Esi_0206_0069,,
Ec-14_003550,Esi_0206_0070,,
Ec-14_003430,Esi_0206_0071,,
Ec-01_000020,Esi_0207_0001,D7FQP5,CBJ49152.1
Ec-01_000030,Esi_0207_0002,D7FQP6,CBJ49153.1
Ec-01_000050,Esi_0207_0004,D7FQP7,CBJ49154.1
Ec-01_000060,Esi_0207_0005,D7FQP8,CBJ49155.1
Ec-01_000070,Esi_0207_0008,D7FQP9,CBJ49156.1
Ec-01_000080,Esi_0207_0010,D7FQQ0,CBJ49157.1
Ec-01_000100,Esi_0207_0011,D7FQQ1,CBJ49158.1
Ec-01_000090,Esi_0207_0012,D7FQQ2,CBJ49159.1
Ec-01_000110,Esi_0207_0013,D7FQQ3,CBJ49160.1
Ec-01_000120,Esi_0207_0016,D7FQQ4,CBJ49161.1
Ec-01_000130,Esi_0207_0018,D7FQQ5,CBJ49162.1
Ec-01_000140,Esi_0207_0020,D7FQQ6,CBJ49163.1
Ec-01_000150,Esi_0207_0021,D7FQQ7,CBJ49164.1
Ec-01_000160,Esi_0207_0023,D7FQQ8,CBJ49165.1
Ec-01_000170,Esi_0207_0025,D7FQQ9,CBJ49166.1
Ec-01_000180,Esi_0207_0027,D7FQR0,CBJ49167.1
Ec-01_000190,Esi_0207_0029,D7FQR1,CBJ49168.1
Ec-01_000200,Esi_0207_0030,D7FQR2,CBJ49169.1
Ec-01_000210,Esi_0207_0031,D7FQR3,CBJ49170.1
Ec-01_000220,Esi_0207_0033,D7FQR4,CBJ49171.1
Ec-01_000230,Esi_0207_0034,D7FQR5,CBJ49172.1
Ec-01_000240,Esi_0207_0039,D7FQR6,CBJ49173.1
Ec-01_000250,Esi_0207_0040,D7FQR7,CBJ49174.1
Ec-01_000260,Esi_0207_0041,D7FQR8,CBJ49175.1
Ec-01_000270,Esi_0207_0043,D7FQR9,CBJ49176.1
Ec-01_000280,Esi_0207_0046,D7FQS0,CBJ49177.1
Ec-01_000290,Esi_0207_0047,D7FQS1,CBJ49178.1
Ec-01_000300,Esi_0207_0048,D7FQS2,CBJ49179.1
Ec-01_000310,Esi_0207_0050,D7FQS3,CBJ49180.1
Ec-01_000320,Esi_0207_0052,D7FQS4,CBJ49181.1
Ec-01_000330,Esi_0207_0055,D7FQS5,CBJ49182.1
Ec-01_000340,Esi_0207_0057,D7FQS6,CBJ49183.1
Ec-01_000360,Esi_0207_0060,D7FQS7,CBJ49184.1
Ec-01_000370,Esi_0207_0062,D7FQS8,CBJ49185.1
Ec-01_000380,Esi_0207_0063,D7FQS9,CBJ49186.1
Ec-01_000350,Esi_0207_0070,,
Ec-01_000010,Esi_0207_0071,,
Ec-01_000040,Esi_0207_0072,,
,Esi_0208_0001,D7FQT0,CBJ30640.1
Ec-16_000650,Esi_0208_0002,D7FQT1,CBJ30641.1
,Esi_0208_0004,D7FQT2,CBJ30642.1
Ec-16_000630,Esi_0208_0005,D7FQT3,CBJ30643.1
Ec-16_000640,Esi_0208_0007,D7FQT4,CBJ30644.1
Ec-16_000860,Esi_0208_0009,D7FQT5,CBJ30645.1
,Esi_0208_0010,D7FQT6,CBJ30646.1
Ec-16_000660,Esi_0208_0011,D7FQT7,CBJ30647.1
Ec-16_000690,Esi_0208_0029,D7FQT8,CBJ30648.1
Ec-16_000700,Esi_0208_0033,D7FQT9,CBJ30649.1
Ec-16_000720,Esi_0208_0035,D7FQU1,CBJ30651.1
Ec-16_000710,Esi_0208_0036,D7FQU0,CBJ30650.1
Ec-16_000730,Esi_0208_0038,D7FQU2,CBJ30652.1
Ec-16_000740,Esi_0208_0040,D7FQU3,CBJ30653.1
Ec-16_000760,Esi_0208_0041,D7FQU4,CBJ30654.1
Ec-16_000770,Esi_0208_0042,D7FQU5,CBJ30655.1
Ec-16_000800,Esi_0208_0044,D7FQU6,CBJ30656.1
Ec-16_000820,Esi_0208_0045,D7FQU7,CBJ30657.1
Ec-16_000830,Esi_0208_0047,D7FQU8,CBJ30658.1
Ec-16_000840,Esi_0208_0049,D7FQU9,CBJ30659.1
Ec-16_000850,Esi_0208_0050,D7FQV0,CBJ30660.1
Ec-16_000870,Esi_0208_0052,D7FQV1,CBJ30661.1
,Esi_0208_0053,D7FQV2,CBJ30662.1
Ec-16_000890,Esi_0208_0054,D7FQV3,CBJ30663.1
Ec-16_000880,Esi_0208_0059,,
Ec-16_000780,Esi_0208_0061,,
Ec-16_000790,Esi_0208_0062,,
Ec-16_000750,Esi_0208_0063,,
Ec-16_000810,Esi_0208_0064,,
Ec-16_000670,Esi_0208_0065,,
Ec-16_000680,Esi_0208_0066,,
Ec-02_003000,Esi_0209_0007,D7FQV4,CBJ30664.1
Ec-02_003030,Esi_0209_0011,D7FQV5,CBJ30665.1
Ec-02_003040,Esi_0209_0014,D7FQV6,CBJ30666.1
Ec-02_003050,Esi_0209_0016,D7FQV7,CBJ30667.1
Ec-02_003060,Esi_0209_0017,D7FQV8,CBJ30668.1
Ec-02_003090,Esi_0209_0026,D7FQV9,CBJ30669.1
,Esi_0209_0029,D7FQW0,CBJ30670.1
Ec-02_003100,Esi_0209_0031,D7FQW1,CBJ30671.1
Ec-02_003110,Esi_0209_0032,D7FQW2,CBJ30672.1
Ec-02_003120,Esi_0209_0035,D7FQW3,CBJ30673.1
Ec-02_003130,Esi_0209_0036,D7FQW4,CBJ30674.1
Ec-02_003140,Esi_0209_0037,D7FQW5,CBJ30675.1
Ec-02_003150,Esi_0209_0038,D7FQW6,CBJ30676.1
Ec-02_003160,Esi_0209_0039,D7FQW7,CBJ30677.1
Ec-02_003170,Esi_0209_0042,D7FQW8,CBJ30678.1
Ec-02_003190,Esi_0209_0045,D7FQW9,CBJ30679.1
Ec-02_003200,Esi_0209_0047,D7FQX0,CBJ30680.1
Ec-02_003210,Esi_0209_0048,D7FQX1,CBJ30681.1
,Esi_0209_0049,D7FQX2,CBJ30682.1
,Esi_0209_0050,D7FQX3,CBJ30683.1
Ec-02_003270,Esi_0209_0051,D7FQX4,CBJ30684.1
Ec-02_003220,Esi_0209_0056,,
Ec-02_003230,Esi_0209_0057,,
Ec-02_003240,Esi_0209_0058,,
Ec-02_003250,Esi_0209_0059,,
Ec-02_003260,Esi_0209_0060,,
Ec-02_003070,Esi_0209_0061,,
Ec-02_003080,Esi_0209_0062,,
Ec-02_003180,Esi_0209_0063,,
Ec-02_003010,Esi_0209_0064,,
Ec-02_003020,Esi_0209_0065,,
,Esi_0210_0001,D8LIA2,CBN79405.1
Ec-24_001400,Esi_0210_0002,D8LIA3,CBN79406.1
Ec-24_001410,Esi_0210_0003,D8LIA4,CBN79407.1
,Esi_0210_0004,D8LIA5,CBN79408.1
Ec-24_001420,Esi_0210_0006,D8LIA6,CBN79409.1
Ec-24_001430,Esi_0210_0008,D8LIA7,CBN79410.1
Ec-24_001440,Esi_0210_0009,D8LIA8,CBN79411.1
Ec-24_001450,Esi_0210_0010,D8LIA9,CBN79412.1
Ec-24_001460,Esi_0210_0012,D8LIB0,CBN79413.1
Ec-24_001480,Esi_0210_0013,D8LIB1,CBN79414.1
Ec-24_001490,Esi_0210_0014,D8LIB2,CBN79415.1
Ec-24_001500,Esi_0210_0018,D8LIB3,CBN79416.1
Ec-24_001510,Esi_0210_0019,D8LIB4,CBN79417.1
Ec-24_001520,Esi_0210_0021,D8LIB5,CBN79418.1
Ec-24_001530,Esi_0210_0023,D8LIB6,CBN79419.1
Ec-24_001540,Esi_0210_0024,D8LIB7,CBN79420.1
Ec-24_001550,Esi_0210_0028,D8LIB8,CBN79421.1
Ec-24_001570,Esi_0210_0032,D8LIB9,CBN79422.2
Ec-24_001590,Esi_0210_0033,D8LIC0,CBN79423.1
Ec-24_001600,Esi_0210_0036,D8LIC1,CBN79424.1
Ec-24_001620,Esi_0210_0039,D8LIC2,CBN79425.1
Ec-24_001630,Esi_0210_0040,D8LIC3,CBN79426.1
Ec-24_001640,Esi_0210_0041,D8LIC4,CBN79427.1
Ec-24_001650,Esi_0210_0043,D8LIC5,CBN79428.1
Ec-24_001660,Esi_0210_0044,D8LIC6,CBN79429.1
Ec-24_001580,Esi_0210_0050,,
Ec-24_001470,Esi_0210_0051,,
Ec-24_001560,Esi_0210_0052,,
Ec-24_001610,Esi_0210_0053,,
Ec-08_005260,Esi_0211_0001,D7FR62,CBJ49187.1
Ec-08_005250,Esi_0211_0003,D7FR63,CBJ49188.1
Ec-08_005240,Esi_0211_0004,D7FR64,CBJ49189.1
Ec-08_005230,Esi_0211_0005,D7FR65,CBJ49190.1
Ec-08_005220,Esi_0211_0009,D7FR66,CBJ49191.1
Ec-08_005210,Esi_0211_0010,D7FR67,CBJ49192.1
Ec-08_005200,Esi_0211_0012,D7FR68,CBJ49193.1
Ec-08_005190,Esi_0211_0014,D7FR69,CBJ49194.1
Ec-08_005180,Esi_0211_0016,D7FR70,CBJ49195.1
Ec-08_005160,Esi_0211_0017,D7FR71,CBJ49196.1
Ec-08_005150,Esi_0211_0018,D7FR72,CBJ49197.1
Ec-08_005130,Esi_0211_0019,D7FR73,CBJ49198.1
Ec-08_005120,Esi_0211_0020,D7FR74,CBJ49199.1
Ec-08_005100,Esi_0211_0022,D7FR75,CBJ49200.1
Ec-08_005090,Esi_0211_0023,D7FR76,CBJ49201.1
Ec-08_005080,Esi_0211_0024,D7FR77,CBJ49202.1
Ec-08_005070,Esi_0211_0025,D7FR78,CBJ49203.1
Ec-08_005050,Esi_0211_0027,D7FR79,CBJ49204.1
Ec-08_005040,Esi_0211_0028,D7FR80,CBJ49205.1
Ec-08_005030,Esi_0211_0029,D7FR81,CBJ49206.1
Ec-08_005020,Esi_0211_0030,D7FR82,CBJ49207.1
Ec-08_005010,Esi_0211_0032,D7FR83,CBJ49208.1
Ec-08_005000,Esi_0211_0033,D7FR84,CBJ49209.1
Ec-08_004990,Esi_0211_0035,D7FR85,CBJ49210.1
Ec-08_004980,Esi_0211_0036,D7FR86,CBJ49211.1
Ec-08_004970,Esi_0211_0041,D7FR87,CBJ49212.1
Ec-08_004960,Esi_0211_0042,D7FR88,CBJ49213.1
Ec-08_004960,Esi_0211_0043,D7FR89,CBJ49214.1
Ec-08_004950,Esi_0211_0044,D7FR90,CBJ49215.1
Ec-08_004940,Esi_0211_0046,D7FR91,CBJ49216.1
Ec-08_004920,Esi_0211_0047,D7FR92,CBJ49217.1
Ec-08_004910,Esi_0211_0048,D7FR93,CBJ49218.1
Ec-08_005170,Esi_0211_0056,,
Ec-08_005140,Esi_0211_0057,,
Ec-08_005110,Esi_0211_0058,,
Ec-08_005060,Esi_0211_0059,,
Ec-08_004930,Esi_0211_0060,,
Ec-26_002310,Esi_0212_0001,D7FR94,CBJ30685.1
Ec-26_002330,Esi_0212_0006,D7FR95,CBJ30686.1
Ec-26_002340,Esi_0212_0007,D7FR96,CBJ30687.1
Ec-26_002350,Esi_0212_0009,D7FR97,CBJ30688.1
Ec-26_002360,Esi_0212_0010,D7FR98,CBJ30689.1
Ec-26_002370,Esi_0212_0012,D7FR99,CBJ30690.1
Ec-26_002380,Esi_0212_0014,D7FRA0,CBJ30691.1
Ec-26_002390,Esi_0212_0016,D7FRA1,CBJ30692.1
Ec-26_002400,Esi_0212_0018,D7FRA2,CBJ30693.1
Ec-26_002410,Esi_0212_0019,D7FRA3,CBJ30694.1
Ec-26_002420,Esi_0212_0021,D7FRA4,CBJ30695.1
Ec-26_002430,Esi_0212_0023,D7FRA5,CBJ30696.1
Ec-26_002440,Esi_0212_0024,D7FRA6,CBJ30697.1
Ec-26_002450,Esi_0212_0025,D7FRA7,CBJ30698.1
Ec-26_002460,Esi_0212_0026,D7FRA8,CBJ30699.1
Ec-26_002470,Esi_0212_0027,D7FRA9,CBJ30700.1
Ec-26_002480,Esi_0212_0030,D7FRB0,CBJ30701.1
Ec-26_002490,Esi_0212_0031,D7FRB1,CBJ30702.1
Ec-26_002500,Esi_0212_0032,D7FRB2,CBJ30703.1
Ec-26_002510,Esi_0212_0035,D7FRB3,CBJ30704.1
Ec-26_002520,Esi_0212_0037,D7FRB4,CBJ30705.1
Ec-26_002530,Esi_0212_0038,D7FRB5,CBJ30706.1
Ec-26_002540,Esi_0212_0040,D7FRB6,CBJ30707.1
Ec-26_002550,Esi_0212_0043,D7FRB7,CBJ30708.1
Ec-26_002560,Esi_0212_0047,D7FRB8,CBJ30709.1
Ec-26_002580,Esi_0212_0050,D7FRB9,CBJ30710.1
Ec-26_002590,Esi_0212_0052,D7FRC0,CBJ30711.1
Ec-26_002600,Esi_0212_0055,D7FRC1,CBJ30712.1
Ec-26_002610,Esi_0212_0056,D7FRC2,CBJ30713.1
Ec-26_002620,Esi_0212_0057,D7FRC3,CBJ30714.1
Ec-26_002630,Esi_0212_0059,D7FRC4,CBJ30715.1
Ec-26_002650,Esi_0212_0061,D7FRC5,CBJ30716.1
,Esi_0212_0062,D7FRC6,CBJ30717.1
Ec-26_002570,Esi_0212_0068,,
Ec-26_002640,Esi_0212_0069,,
Ec-26_002320,Esi_0212_0070,,
Ec-21_002430,Esi_0213_0001,D7FRC7,CBJ30718.1
Ec-21_002440,Esi_0213_0003,D7FRC8,CBJ30719.1
Ec-21_002460,Esi_0213_0016,D7FRC9,CBJ30720.1
Ec-21_002470,Esi_0213_0019,D7FRD0,CBJ30721.1
Ec-21_002490,Esi_0213_0021,D7FRD1,CBJ30722.1
Ec-21_002500,Esi_0213_0022,D7FRD2,CBJ30723.1
Ec-21_002510,Esi_0213_0024,D7FRD3,CBJ30724.1
Ec-21_002520,Esi_0213_0026,D7FRD4,CBJ30725.1
,Esi_0213_0029,D7FRD5,CBJ30726.1
Ec-21_002530,Esi_0213_0032,D7FRD6,CBJ30727.1
Ec-21_002540,Esi_0213_0033,D7FRD7,CBJ30728.1
Ec-21_002560,Esi_0213_0035,D7FRD8,CBJ30729.1
Ec-21_002570,Esi_0213_0036,D7FRD9,CBJ30730.1
Ec-21_002580,Esi_0213_0038,D7FRE0,CBJ30731.1
Ec-21_002600,Esi_0213_0039,D7FRE1,CBJ30732.1
Ec-21_002610,Esi_0213_0040,D7FRE2,CBJ30733.1
Ec-21_002620,Esi_0213_0041,D7FRE3,CBJ30734.1
Ec-21_002630,Esi_0213_0042,D7FRE4,CBJ30735.1
Ec-21_002640,Esi_0213_0043,D7FRE5,CBJ30736.1
Ec-21_002650,Esi_0213_0044,D7FRE6,CBJ30737.1
,Esi_0213_0048,D7FRE7,CBJ30738.1
Ec-21_002670,Esi_0213_0049,D7FRE8,CBJ30739.1
Ec-21_002680,Esi_0213_0050,D7FRE9,CBJ30740.1
Ec-21_002700,Esi_0213_0051,D7FRF0,CBJ30741.1
Ec-21_002710,Esi_0213_0053,D7FRF1,CBJ30742.1
Ec-21_002720,Esi_0213_0054,D7FRF2,CBJ30743.1
Ec-21_002550,Esi_0213_0059,,
Ec-21_002590,Esi_0213_0060,,
Ec-21_002450,Esi_0213_0061,,
Ec-21_002480,Esi_0213_0062,,
Ec-21_002660,Esi_0213_0063,,
Ec-21_002690,Esi_0213_0064,,
Ec-08_000730,Esi_0214_0003,D7FRF3,CBJ30744.1
Ec-08_000750,Esi_0214_0005,D7FRF4,CBJ30745.1
Ec-08_000760,Esi_0214_0007,D7FRF5,CBJ30746.1
Ec-08_000770,Esi_0214_0008,D7FRF6,CBJ30747.1
Ec-08_000770,Esi_0214_0010,D7FRF7,CBJ30748.1
Ec-08_000790,Esi_0214_0012,D7FRF8,CBJ30749.1
Ec-08_000800,Esi_0214_0014,D7FRF9,CBJ30750.1
,Esi_0214_0015,D7FRG0,CBJ30751.1
Ec-08_000810,Esi_0214_0016,D7FRG1,CBJ30752.1
,Esi_0214_0017,D7FRG2,CBJ30753.1
Ec-08_000840,Esi_0214_0018,D7FRG3,CBJ30754.1
Ec-08_000830,Esi_0214_0021,D7FRG4,CBJ30755.1
Ec-08_000850,Esi_0214_0022,D7FRG5,CBJ30756.1
Ec-08_000860,Esi_0214_0024,D7FRG6,CBJ30757.1
Ec-08_000870,Esi_0214_0026,D7FRG7,CBJ30758.1
Ec-08_000880,Esi_0214_0028,D7FRG8,CBJ30759.1
,Esi_0214_0029,D7FRG9,CBJ30760.1
Ec-08_000900,Esi_0214_0031,D7FRH0,CBJ30761.1
Ec-08_000910,Esi_0214_0032,D7FRH1,CBJ30762.1
Ec-08_000920,Esi_0214_0036,D7FRH2,CBJ30763.1
Ec-08_000930,Esi_0214_0043,D7FRH3,CBJ30764.1
Ec-08_000940,Esi_0214_0046,D7FRH4,CBJ30765.1
Ec-08_000950,Esi_0214_0047,D7FRH5,CBJ30766.1
Ec-08_000960,Esi_0214_0050,D7FRH6,CBJ30767.1
Ec-08_000970,Esi_0214_0052,D7FRH7,CBJ30768.1
Ec-08_000780,Esi_0214_0062,,
Ec-08_000740,Esi_0214_0063,,
Ec-08_000820,Esi_0214_0064,,
Ec-08_000890,Esi_0214_0065,,
Ec-08_000980,Esi_0214_0066,,
Ec-08_000990,Esi_0214_0067,,
Ec-09_000010,Esi_0215_0004,D7FRH8,CBJ30769.1
Ec-09_000020,Esi_0215_0006,D7FRH9,CBJ30770.1
Ec-09_000030,Esi_0215_0007,D7FRI0,CBJ30771.1
Ec-09_000040,Esi_0215_0008,D7FRI1,CBJ30772.1
Ec-09_000050,Esi_0215_0009,D7FRI2,CBJ30773.1
Ec-09_000060,Esi_0215_0011,D7FRI3,CBJ30774.1
Ec-09_000070,Esi_0215_0012,D7FRI4,CBJ30775.1
Ec-09_000080,Esi_0215_0014,D7FRI5,CBJ30776.1
Ec-09_000100,Esi_0215_0015,D7FRI6,CBJ30777.1
Ec-09_000110,Esi_0215_0016,D7FRI7,CBJ30778.1
,Esi_0215_0017,D7FRI8,CBJ30779.1
,Esi_0215_0018,D7FRI9,CBJ30780.1
Ec-09_000120,Esi_0215_0020,D7FRJ0,CBJ30781.1
obsolete,Esi_0215_0021,D7FRJ1,CBJ30782.1
Ec-09_000130,Esi_0215_0024,D7FRJ2,CBJ30783.1
Ec-09_000140,Esi_0215_0026,D7FRJ3,CBJ30784.1
Ec-09_000150,Esi_0215_0027,D7FRJ4,CBJ30785.1
Ec-09_000160,Esi_0215_0028,D7FRJ5,CBJ30786.1
Ec-09_000170,Esi_0215_0030,D7FRJ6,CBJ30787.1
Ec-09_000180,Esi_0215_0033,D7FRJ7,CBJ30788.1
Ec-09_000190,Esi_0215_0034,D7FRJ8,CBJ30789.1
Ec-09_000200,Esi_0215_0037,D7FRJ9,CBJ30790.1
Ec-09_000230,Esi_0215_0039,D7FRK0,CBJ30791.1
Ec-09_000240,Esi_0215_0040,D7FRK1,CBJ30792.1
Ec-09_000250,Esi_0215_0041,D7FRK2,CBJ30793.1
Ec-09_000260,Esi_0215_0042,D7FRK3,CBJ30794.1
Ec-09_000090,Esi_0215_0044,,
Ec-09_000210,Esi_0215_0045,,
Ec-09_000220,Esi_0215_0046,,
Ec-12_002680,Esi_0216_0002,D7FRK4,CBJ30795.1
Ec-12_002670,Esi_0216_0003,D7FRK5,CBJ30796.1
Ec-12_002660,Esi_0216_0004,D7FRK6,CBJ30797.1
Ec-12_002650,Esi_0216_0006,D7FRK7,CBJ30798.1
Ec-12_002640,Esi_0216_0007,D7FRK8,CBJ30799.1
Ec-12_002630,Esi_0216_0009,D7FRK9,CBJ30800.1
,Esi_0216_0013,D7FRL0,CBJ30801.1
Ec-12_002620,Esi_0216_0014,D7FRL1,CBJ30802.1
Ec-12_002620,Esi_0216_0017,D7FRL2,CBJ30803.1
Ec-12_002610,Esi_0216_0018,D7FRL3,CBJ30804.1
Ec-12_002600,Esi_0216_0019,D7FRL4,CBJ30805.1
Ec-12_002590,Esi_0216_0022,D7FRL5,CBJ30806.1
Ec-12_002580,Esi_0216_0024,D7FRL6,CBJ30807.1
Ec-12_002570,Esi_0216_0025,D7FRL7,CBJ30808.1
Ec-12_002560,Esi_0216_0027,D7FRL8,CBJ30809.1
Ec-12_002550,Esi_0216_0028,D7FRL9,CBJ30810.1
Ec-12_002540,Esi_0216_0030,D7FRM0,CBJ30811.1
Ec-12_002530,Esi_0216_0032,D7FRM1,CBJ30812.1
Ec-12_002520,Esi_0216_0033,D7FRM2,CBJ30813.1
Ec-12_002510,Esi_0216_0035,D7FRM3,CBJ30814.1
Ec-12_002500,Esi_0216_0036,D7FRM4,CBJ30815.1
Ec-12_002490,Esi_0216_0037,D7FRM5,CBJ30816.1
Ec-12_002480,Esi_0216_0038,D7FRM6,CBJ30817.1
Ec-12_002470,Esi_0216_0039,D7FRM7,CBJ30818.1
Ec-12_002460,Esi_0216_0040,D7FRM8,CBJ30819.1
Ec-12_002450,Esi_0216_0041,D7FRM9,CBJ30820.1
Ec-12_002440,Esi_0216_0042,D7FRN0,CBJ30821.1
Ec-12_002430,Esi_0216_0044,D7FRN1,CBJ30822.1
Ec-12_002420,Esi_0216_0047,D7FRN2,CBJ30823.1
Ec-12_002410,Esi_0216_0050,D7FRN3,CBJ30824.1
Ec-12_002390,Esi_0216_0053,D7FRN4,CBJ30825.1
Ec-12_002380,Esi_0216_0056,D7FRN5,CBJ30826.1
Ec-12_002370,Esi_0216_0057,D7FRN6,CBJ30827.1
Ec-12_002360,Esi_0216_0058,D7FRN7,CBJ30828.1
Ec-12_002400,Esi_0216_0062,,
Ec-00_003260,Esi_0217_0001,D7FRN8,CBJ30829.1
Ec-00_003270,Esi_0217_0002,D7FRN9,CBJ30830.1
Ec-00_003280,Esi_0217_0005,D7FRP0,CBJ30831.1
Ec-00_003290,Esi_0217_0007,D7FRP1,CBJ30832.1
Ec-00_003300,Esi_0217_0008,D7FRP2,CBJ30833.1
Ec-00_003320,Esi_0217_0009,D7FRP3,CBJ30834.1
Ec-00_003330,Esi_0217_0010,D7FRP4,CBJ30835.1
Ec-00_003340,Esi_0217_0011,D7FRP5,CBJ30836.1
Ec-00_003350,Esi_0217_0012,D7FRP6,CBJ30837.1
Ec-00_003360,Esi_0217_0013,D7FRP7,CBJ30838.1
Ec-00_003370,Esi_0217_0014,D7FRP8,CBJ30839.1
Ec-00_003380,Esi_0217_0016,D7FRP9,CBJ30840.1
Ec-00_003390,Esi_0217_0018,D7FRQ0,CBJ30841.1
Ec-00_003400,Esi_0217_0020,D7FRQ1,CBJ30842.1
Ec-00_003410,Esi_0217_0021,D7FRQ2,CBJ30843.1
Ec-00_003420,Esi_0217_0022,D7FRQ3,CBJ30844.1
Ec-00_003430,Esi_0217_0023,D7FRQ4,CBJ30845.1
Ec-00_003440,Esi_0217_0027,D7FRQ5,CBJ30846.1
Ec-00_003460,Esi_0217_0028,D7FRQ6,CBJ30847.1
Ec-00_003470,Esi_0217_0029,D7FRQ7,CBJ30848.1
Ec-00_003480,Esi_0217_0031,D7FRQ8,CBJ30849.1
Ec-00_003490,Esi_0217_0032,D7FRQ9,CBJ30850.1
Ec-00_003500,Esi_0217_0035,D7FRR0,CBJ30851.1
Ec-00_003520,Esi_0217_0036,D7FRR1,CBJ30852.1
Ec-00_003530,Esi_0217_0039,D7FRR2,CBJ30853.1
Ec-00_003540,Esi_0217_0040,D7FRR3,CBJ30854.1
Ec-00_003550,Esi_0217_0042,D7FRR4,CBJ30855.1
Ec-00_003560,Esi_0217_0043,D7FRR5,CBJ30856.1
Ec-00_003580,Esi_0217_0044,D7FRR6,CBJ30857.1
Ec-00_003450,Esi_0217_0050,,
Ec-00_003510,Esi_0217_0051,,
Ec-00_003570,Esi_0217_0052,,
Ec-00_003310,Esi_0217_0053,,
Ec-08_000030,Esi_0218_0010,D7FRR7,CBJ30858.1
Ec-08_000040,Esi_0218_0013,D7FRR8,CBJ30859.1
Ec-08_000050,Esi_0218_0022,D7FRR9,CBJ30860.1
Ec-08_000090,Esi_0218_0025,D7FRS0,CBJ30861.1
Ec-08_000100,Esi_0218_0026,D7FRS1,CBJ30862.1
Ec-08_000110,Esi_0218_0027,D7FRS2,CBJ30863.1
Ec-08_000120,Esi_0218_0031,D7FRS3,CBJ30864.1
Ec-08_000130,Esi_0218_0033,D7FRS4,CBJ30865.1
Ec-08_000060,Esi_0218_0050,,
Ec-08_000070,Esi_0218_0051,,
Ec-08_000080,Esi_0218_0052,,
Ec-08_000010,Esi_0218_0053,,
Ec-08_000020,Esi_0218_0054,,
Ec-25_000210,Esi_0219_0001,D7FRS5,CBJ30866.1
Ec-25_000220,Esi_0219_0002,D7FRS6,CBJ30867.1
Ec-25_000230,Esi_0219_0003,D7FRS7,CBJ30868.1
Ec-25_000240,Esi_0219_0004,D7FRS8,CBJ30869.1
Ec-25_000250,Esi_0219_0006,D7FRS9,CBJ30870.1
Ec-25_000260,Esi_0219_0010,D7FRT0,CBJ30871.1
Ec-25_000270,Esi_0219_0017,D7FRT1,CBJ30872.1
Ec-25_000290,Esi_0219_0019,D7FRT2,CBJ30873.1
Ec-25_000300,Esi_0219_0025,D7FRT3,CBJ30874.1
Ec-25_000310,Esi_0219_0026,D7FRT4,CBJ30875.1
Ec-25_000320,Esi_0219_0028,D7FRT5,CBJ30876.1
Ec-25_000330,Esi_0219_0029,D7FRT6,CBJ30877.1
Ec-25_000340,Esi_0219_0030,D7FRT7,CBJ30878.1
Ec-25_000350,Esi_0219_0031,D7FRT8,CBJ30879.1
Ec-25_000360,Esi_0219_0034,D7FRT9,CBJ30880.1
Ec-25_000370,Esi_0219_0035,D7FRU0,CBJ30881.1
Ec-25_000380,Esi_0219_0036,D7FRU1,CBJ30882.1
Ec-25_000390,Esi_0219_0038,D7FRU2,CBJ30883.1
Ec-25_000400,Esi_0219_0039,D7FRU3,CBJ30884.1
Ec-25_000410,Esi_0219_0040,D7FRU4,CBJ30885.1
Ec-25_000420,Esi_0219_0041,D7FRU5,CBJ30886.1
Ec-25_000440,Esi_0219_0042,D7FRU6,CBJ30887.1
Ec-25_000200,Esi_0219_0047,,
Ec-25_000280,Esi_0219_0048,,
Ec-25_000190,Esi_0219_0049,,
Ec-25_000430,Esi_0219_0050,,
Ec-11_004290,Esi_0220_0001,D8LIL4,CBN75924.1
Ec-11_004300,Esi_0220_0004,D8LIL5,CBN75925.1
Ec-11_004310,Esi_0220_0005,D8LIL6,CBN75926.1
Ec-11_004320,Esi_0220_0006,D8LIL7,CBN75927.1
Ec-11_004330,Esi_0220_0007,D8LIL8,CBN75928.1
Ec-11_004350,Esi_0220_0009,D8LIL9,CBN75929.1
Ec-11_004360,Esi_0220_0010,D8LIM0,CBN75930.1
Ec-11_004370,Esi_0220_0013,D8LIM1,CBN75931.1
,Esi_0220_0014,D8LIM2,CBN75932.1
Ec-11_004380,Esi_0220_0015,D8LIM3,CBN75933.1
Ec-11_004400,Esi_0220_0016,D8LIM4,CBN75934.1
Ec-11_004410,Esi_0220_0018,D8LIM5,CBN75935.1
Ec-11_004430,Esi_0220_0020,D8LIM6,CBN75936.1
Ec-11_004450,Esi_0220_0021,D8LIM7,CBN75937.1
Ec-11_004460,Esi_0220_0022,D8LIM8,CBN75938.1
Ec-11_004470,Esi_0220_0024,D8LIM9,CBN75939.1
Ec-11_004490,Esi_0220_0027,D8LIN0,CBN75940.1
Ec-11_004500,Esi_0220_0028,D8LIN1,CBN75941.1
Ec-11_004510,Esi_0220_0029,D8LIN2,CBN75942.1
Ec-11_004520,Esi_0220_0030,D8LIN3,CBN75943.1
Ec-11_004530,Esi_0220_0031,D8LIN4,CBN75944.1
Ec-11_004540,Esi_0220_0034,D8LIN5,CBN75945.1
Ec-11_004560,Esi_0220_0036,D8LIN6,CBN75946.1
Ec-11_004570,Esi_0220_0037,D8LIN7,CBN75947.1
Ec-11_004580,Esi_0220_0039,D8LIN8,CBN75948.1
Ec-11_004590,Esi_0220_0040,D8LIN9,CBN75949.1
Ec-11_004600,Esi_0220_0042,D8LIP0,CBN75950.1
Ec-11_004610,Esi_0220_0048,D8LIP1,CBN75951.1
,Esi_0220_0051,D8LIP2,CBN75952.1
Ec-11_004620,Esi_0220_0053,D8LIP3,CBN75953.1
Ec-11_004630,Esi_0220_0058,D8LIP4,CBN75954.1
,Esi_0220_0059,D8LIP5,CBN75955.1
Ec-11_004440,Esi_0220_0066,,
Ec-11_004550,Esi_0220_0067,,
Ec-11_004390,Esi_0220_0068,,
Ec-11_004420,Esi_0220_0069,,
Ec-11_004480,Esi_0220_0070,,
Ec-11_004340,Esi_0220_0071,,
Ec-23_004010,Esi_0221_0003,D7FRU7,CBJ30888.1
Ec-23_004010,Esi_0221_0004,D7FRU8,CBJ30889.1
Ec-23_004020,Esi_0221_0006,D7FRU9,CBJ30890.1
Ec-23_004030,Esi_0221_0007,D7FRV0,CBJ30891.1
Ec-23_004040,Esi_0221_0008,D7FRV1,CBJ30892.1
Ec-23_004050,Esi_0221_0010,D7FRV2,CBJ30893.1
Ec-23_004060,Esi_0221_0012,D7FRV3,CBJ30894.1
Ec-23_004070,Esi_0221_0013,D7FRV4,CBJ30895.1
Ec-23_004080,Esi_0221_0014,D7FRV5,CBJ30896.1
Ec-23_004100,Esi_0221_0016,D7FRV6,CBJ30897.1
Ec-23_004110,Esi_0221_0017,D7FRV7,CBJ30898.1
Ec-23_004120,Esi_0221_0020,D7FRV8,CBJ30899.1
Ec-23_004140,Esi_0221_0021,D7FRV9,CBJ30900.1
Ec-23_004150,Esi_0221_0023,D7FRW0,CBJ30901.1
Ec-23_004160,Esi_0221_0024,D7FRW1,CBJ30902.1
Ec-23_004180,Esi_0221_0028,D7FRW2,CBJ30903.1
Ec-23_004190,Esi_0221_0029,D7FRW3,CBJ30904.1
Ec-23_004220,Esi_0221_0040,D7FRW4,CBJ30905.1
Ec-23_004230,Esi_0221_0041,D7FRW5,CBJ30906.1
Ec-23_004170,Esi_0221_0054,,
Ec-23_004090,Esi_0221_0057,,
Ec-23_004130,Esi_0221_0058,,
Ec-23_004200,Esi_0221_0059,,
Ec-23_004210,Esi_0221_0060,,
Ec-25_003180,Esi_0222_0001,D8LIP6,CBN75956.1
Ec-25_003210,Esi_0222_0004,D8LIP7,CBN75957.1
Ec-25_003220,Esi_0222_0006,D8LIP8,CBN75958.1
Ec-25_003230,Esi_0222_0007,D8LIP9,CBN75959.1
Ec-25_003240,Esi_0222_0008,D8LIQ0,CBN75960.1
,Esi_0222_0009,D8LIQ1,CBN75961.1
Ec-25_003250,Esi_0222_0010,D8LIQ2,CBN75962.1
Ec-25_003270,Esi_0222_0012,D8LIQ3,CBN75963.1
Ec-25_003280,Esi_0222_0015,D8LIQ4,CBN75964.1
Ec-25_003290,Esi_0222_0016,D8LIQ5,CBN75965.1
,Esi_0222_0021,D8LIQ6,CBN75966.1
Ec-25_003190,Esi_0222_0063,,
Ec-25_003200,Esi_0222_0064,,
Ec-25_003300,Esi_0222_0065,,
Ec-25_003260,Esi_0222_0066,,
Ec-03_003400,Esi_0223_0001,D7FRW6,CBJ30907.1
Ec-03_003410,Esi_0223_0002,D7FRW7,CBJ30908.1
Ec-03_003420,Esi_0223_0003,D7FRW8,CBJ30909.1
Ec-03_003430,Esi_0223_0004,D7FRW9,CBJ30910.1
Ec-03_003440,Esi_0223_0007,D7FRX0,CBJ30911.1
Ec-03_003460,Esi_0223_0014,D7FRX1,CBJ30912.1
Ec-03_003480,Esi_0223_0016,D7FRX2,CBJ30913.1
Ec-03_003490,Esi_0223_0017,D7FRX3,CBJ30914.1
Ec-03_003510,Esi_0223_0019,D7FRX4,CBJ30915.1
Ec-03_003520,Esi_0223_0020,D7FRX5,CBJ30916.1
Ec-03_003530,Esi_0223_0021,D7FRX6,CBJ30917.1
Ec-03_003540,Esi_0223_0023,D7FRX7,CBJ30918.1
,Esi_0223_0025,D7FRX8,CBJ30919.1
Ec-03_003550,Esi_0223_0026,D7FRX9,CBJ30920.1
Ec-03_003560,Esi_0223_0028,D7FRY0,CBJ30921.1
Ec-03_003570,Esi_0223_0029,D7FRY1,CBJ30922.1
Ec-03_003580,Esi_0223_0030,D7FRY2,CBJ30923.1
Ec-03_003590,Esi_0223_0031,D7FRY3,CBJ30924.1
Ec-03_003600,Esi_0223_0032,D7FRY4,CBJ30925.1
Ec-03_003610,Esi_0223_0034,D7FRY5,CBJ30926.1
Ec-03_003630,Esi_0223_0035,D7FRY6,CBJ30927.1
Ec-03_003640,Esi_0223_0036,D7FRY7,CBJ30928.1
Ec-03_003650,Esi_0223_0038,D7FRY8,CBJ30929.1
Ec-03_003450,Esi_0223_0050,,
Ec-03_003500,Esi_0223_0051,,
Ec-03_003620,Esi_0223_0052,,
Ec-03_003470,Esi_0223_0053,,
Ec-03_001130,Esi_0224_0001,D8LIQ7,CBN79430.1
Ec-03_001140,Esi_0224_0002,D8LIQ8,CBN79431.1
Ec-03_001150,Esi_0224_0003,D8LIQ9,CBN79432.1
Ec-03_001170,Esi_0224_0005,D8LIR0,CBN79433.1
Ec-03_001180,Esi_0224_0006,D8LIR1,CBN79434.1
Ec-03_001220,Esi_0224_0011,D8LIR2,CBN79435.1
Ec-03_001230,Esi_0224_0013,D8LIR3,CBN79436.2
Ec-03_001240,Esi_0224_0016,D8LIR4,CBN79437.1
Ec-03_001260,Esi_0224_0017,D8LIR5,CBN79438.1
Ec-03_001270,Esi_0224_0019,D8LIR6,CBN79439.1
Ec-03_001280,Esi_0224_0021,D8LIR7,CBN79440.1
Ec-03_001310,Esi_0224_0023,D8LIR8,CBN79441.1
Ec-03_001320,Esi_0224_0026,D8LIR9,CBN79442.1
Ec-03_001330,Esi_0224_0029,D8LIS0,CBN79443.1
Ec-03_001350,Esi_0224_0034,D8LIS1,CBN79444.1
Ec-03_001360,Esi_0224_0035,D8LIS2,CBN79445.1
Ec-03_001370,Esi_0224_0038,D8LIS3,CBN79446.1
Ec-03_001380,Esi_0224_0046,D8LIS4,CBN79447.1
Ec-03_001390,Esi_0224_0048,D8LIS5,CBN79448.1
Ec-03_001400,Esi_0224_0050,D8LIS6,CBN79449.1
Ec-03_001410,Esi_0224_0052,D8LIS7,CBN79450.1
Ec-03_001420,Esi_0224_0054,D8LIS8,CBN79451.1
Ec-03_001290,Esi_0224_0069,,
Ec-03_001200,Esi_0224_0070,,
Ec-03_001210,Esi_0224_0071,,
Ec-03_001250,Esi_0224_0072,,
Ec-03_001300,Esi_0224_0073,,
Ec-03_001340,Esi_0224_0074,,
Ec-03_001160,Esi_0224_0075,,
Ec-03_001190,Esi_0224_0076,,
Ec-00_003590,Esi_0225_0009,D7FRY9,CBJ30930.1
Ec-00_003600,Esi_0225_0015,D7FRZ0,CBJ30931.1
Ec-00_003620,Esi_0225_0029,D7FRZ1,CBJ30932.1
Ec-00_003640,Esi_0225_0033,D7FRZ2,CBJ30933.1
Ec-00_003650,Esi_0225_0050,D7FRZ3,CBJ30934.1
Ec-00_003660,Esi_0225_0051,D7FRZ4,CBJ30935.1
Ec-00_003610,Esi_0225_0058,,
Ec-00_003630,Esi_0225_0059,,
Ec-12_007060,Esi_0226_0001,D7FRZ5,CBJ30936.1
Ec-12_007050,Esi_0226_0005,D7FRZ6,CBJ30937.1
Ec-12_007040,Esi_0226_0007,D7FRZ7,CBJ30938.1
Ec-12_007030,Esi_0226_0008,D7FRZ8,CBJ30939.1
Ec-12_007020,Esi_0226_0010,D7FRZ9,CBJ30940.1
Ec-12_007010,Esi_0226_0011,D7FS00,CBJ30941.1
Ec-12_007000,Esi_0226_0014,D7FS01,CBJ30942.1
Ec-12_006990,Esi_0226_0015,D7FS02,CBJ30943.1
,Esi_0226_0016,D7FS03,CBJ30944.1
Ec-12_006980,Esi_0226_0019,D7FS04,CBJ30945.1
Ec-12_006970,Esi_0226_0020,D7FS05,CBJ30946.1
Ec-12_006960,Esi_0226_0021,D7FS06,CBJ30947.1
Ec-12_006950,Esi_0226_0024,D7FS07,CBJ30948.1
Ec-12_006930,Esi_0226_0025,D7FS08,CBJ30949.1
,Esi_0226_0027,D7FS09,CBJ30950.1
Ec-12_006920,Esi_0226_0028,D7FS10,CBJ30951.1
Ec-12_006910,Esi_0226_0029,D7FS11,CBJ30952.1
Ec-12_006900,Esi_0226_0031,D7FS12,CBJ30953.1
Ec-12_006870,Esi_0226_0033,D7FS13,CBJ30954.1
Ec-12_006860,Esi_0226_0034,D7FS14,CBJ30955.1
,Esi_0226_0035,D7FS15,CBJ30956.1
Ec-12_006850,Esi_0226_0036,D7FS16,CBJ30957.1
Ec-12_006840,Esi_0226_0037,D7FS17,CBJ30958.1
Ec-12_006830,Esi_0226_0038,D7FS18,CBJ30959.1
obsolete,Esi_0226_0039,D7FS19,CBJ30960.1
Ec-12_006820,Esi_0226_0040,D7FS20,CBJ30961.1
Ec-12_006810,Esi_0226_0046,D7FS21,CBJ30962.1
Ec-12_006790,Esi_0226_0048,D7FS22,CBJ30963.1
Ec-12_006780,Esi_0226_0050,D7FS23,CBJ30964.1
Ec-12_006890,Esi_0226_0055,,
Ec-12_006940,Esi_0226_0056,,
Ec-12_006880,Esi_0226_0057,,
Ec-12_006800,Esi_0226_0058,,
Ec-16_004620,Esi_0227_0001,D7FS24,CBJ30965.1
Ec-16_004600,Esi_0227_0002,D7FS25,CBJ30966.1
Ec-16_004590,Esi_0227_0003,D7FS26,CBJ30967.1
Ec-16_004580,Esi_0227_0004,D7FS27,CBJ30968.1
Ec-16_004570,Esi_0227_0006,D7FS28,CBJ30969.1
Ec-16_004560,Esi_0227_0009,D7FS29,CBJ30970.1
Ec-16_004550,Esi_0227_0010,D7FS30,CBJ30971.1
Ec-16_004540,Esi_0227_0011,D7FS31,CBJ30972.1
Ec-16_004530,Esi_0227_0012,D7FS32,CBJ30973.1
Ec-16_004520,Esi_0227_0014,D7FS33,CBJ30974.1
Ec-16_004510,Esi_0227_0017,D7FS34,CBJ30975.1
Ec-16_004500,Esi_0227_0019,D7FS35,CBJ30976.1
Ec-16_004490,Esi_0227_0021,D7FS36,CBJ30977.1
Ec-16_004480,Esi_0227_0022,D7FS37,CBJ30978.1
Ec-16_004470,Esi_0227_0023,D7FS38,CBJ30979.1
Ec-16_004460,Esi_0227_0026,D7FS39,CBJ30980.1
Ec-16_004450,Esi_0227_0030,D7FS40,CBJ30981.1
Ec-16_004440,Esi_0227_0031,D7FS41,CBJ30982.1
Ec-16_004430,Esi_0227_0033,D7FS42,CBJ30983.1
Ec-16_004420,Esi_0227_0034,D7FS43,CBJ30984.1
Ec-16_004410,Esi_0227_0035,D7FS44,CBJ30985.1
Ec-16_004400,Esi_0227_0036,D7FS45,CBJ30986.1
Ec-16_004390,Esi_0227_0037,D7FS46,CBJ30987.1
Ec-16_004380,Esi_0227_0040,D7FS47,CBJ30988.1
Ec-16_004370,Esi_0227_0043,D7FS48,CBJ30989.1
Ec-16_004360,Esi_0227_0045,D7FS49,CBJ30990.1
Ec-16_004350,Esi_0227_0052,D7FS50,CBJ30991.1
Ec-16_004340,Esi_0227_0053,D7FS51,CBJ30992.1
Ec-16_004330,Esi_0227_0056,D7FS52,CBJ30993.1
Ec-16_004610,Esi_0227_0062,,
Ec-01_000600,Esi_0228_0001,D7FS53,CBJ30994.1
Ec-01_000610,Esi_0228_0002,D7FS54,CBJ30995.1
Ec-01_000620,Esi_0228_0003,D7FS55,CBJ30996.1
Ec-01_000630,Esi_0228_0005,D7FS56,CBJ30997.1
Ec-01_000640,Esi_0228_0006,D7FS57,CBJ30998.1
Ec-01_000650,Esi_0228_0009,D7FS58,CBJ30999.1
Ec-01_000660,Esi_0228_0010,D7FS59,CBJ31000.1
Ec-01_000670,Esi_0228_0013,D7FS60,CBJ31001.1
Ec-01_000680,Esi_0228_0015,D7FS61,CBJ31002.1
Ec-01_000690,Esi_0228_0017,D7FS62,CBJ31003.1
Ec-01_000700,Esi_0228_0018,D7FS63,CBJ31004.1
Ec-01_000710,Esi_0228_0021,D7FS64,CBJ31005.1
Ec-01_000720,Esi_0228_0022,D7FS65,CBJ31006.1
Ec-01_000740,Esi_0228_0024,D7FS66,CBJ31007.1
Ec-01_000750,Esi_0228_0027,D7FS67,CBJ31008.1
Ec-01_000760,Esi_0228_0028,D7FS68,CBJ31009.1
Ec-01_000770,Esi_0228_0030,D7FS69,CBJ31010.1
Ec-01_000780,Esi_0228_0031,D7FS70,CBJ31011.1
Ec-01_000790,Esi_0228_0032,D7FS71,CBJ31012.1
Ec-01_000800,Esi_0228_0033,D7FS72,CBJ31013.1
Ec-01_000810,Esi_0228_0034,D7FS73,CBJ31014.1
Ec-01_000820,Esi_0228_0035,D7FS74,CBJ31015.1
Ec-01_000830,Esi_0228_0036,D7FS75,CBJ31016.1
Ec-01_000840,Esi_0228_0037,D7FS76,CBJ31017.1
Ec-01_000840,Esi_0228_0038,D7FS77,CBJ31018.1
Ec-01_000850,Esi_0228_0041,D7FS78,CBJ31019.1
Ec-01_000860,Esi_0228_0044,D7FS79,CBJ31020.1
Ec-01_000870,Esi_0228_0045,D7FS80,CBJ31021.1
Ec-01_000890,Esi_0228_0047,D7FS81,CBJ31022.1
Ec-01_000900,Esi_0228_0048,D7FS82,CBJ31023.1
,Esi_0228_0052,D7FS83,CBJ31024.1
Ec-01_000880,Esi_0228_0059,,
Ec-01_000730,Esi_0228_0060,,
Ec-05_005000,Esi_0229_0002,D7FS84,CBJ31025.1
Ec-05_004990,Esi_0229_0004,D7FS85,CBJ31026.1
Ec-05_004970,Esi_0229_0006,D7FS86,CBJ31027.1
Ec-05_004950,Esi_0229_0008,D7FS87,CBJ31028.1
Ec-05_004940,Esi_0229_0011,D7FS88,CBJ31029.1
Ec-05_004930,Esi_0229_0012,D7FS89,CBJ31030.1
Ec-05_004920,Esi_0229_0013,D7FS90,CBJ31031.1
Ec-05_004910,Esi_0229_0014,D7FS91,CBJ31032.1
Ec-05_004900,Esi_0229_0017,D7FS92,CBJ31033.1
Ec-05_004890,Esi_0229_0019,D7FS93,CBJ31034.1
Ec-05_004880,Esi_0229_0020,D7FS94,CBJ31035.1
Ec-05_004870,Esi_0229_0023,D7FS95,CBJ31036.1
Ec-05_004840,Esi_0229_0027,D7FS96,CBJ31037.1
Ec-05_004830,Esi_0229_0028,D7FS97,CBJ31038.1
Ec-05_004820,Esi_0229_0030,D7FS98,CBJ31039.1
Ec-05_004810,Esi_0229_0032,D7FSA0,CBJ31041.1
Ec-05_004810,Esi_0229_0034,D7FS99,CBJ31040.1
,Esi_0229_0047,D7FSA1,CBJ31042.1
Ec-05_004800,Esi_0229_0049,D7FSA2,CBJ31043.1
Ec-05_004790,Esi_0229_0050,D7FSA3,CBJ31044.1
Ec-05_004780,Esi_0229_0051,D7FSA4,CBJ31045.1
Ec-05_004750,Esi_0229_0053,D7FSA5,CBJ31046.1
Ec-05_004770,Esi_0229_0057,,
Ec-05_004760,Esi_0229_0058,,
Ec-05_004850,Esi_0229_0059,,
Ec-05_004980,Esi_0229_0060,,
Ec-05_004960,Esi_0229_0061,,
Ec-05_004860,Esi_0229_0062,,
Ec-05_000660,Esi_0230_0012,D7FSA6,CBJ31047.1
Ec-05_000680,Esi_0230_0018,D7FSA7,CBJ31048.1
Ec-05_000700,Esi_0230_0023,D7FSA8,CBJ31049.1
Ec-05_000710,Esi_0230_0025,D7FSA9,CBJ31050.1
Ec-05_000690,Esi_0230_0054,,
Ec-05_000720,Esi_0230_0055,,
Ec-05_000670,Esi_0230_0056,,
Ec-20_004840,Esi_0231_0002,D7FSB0,CBJ31051.1
Ec-20_004850,Esi_0231_0003,D7FSB1,CBJ31052.1
Ec-20_004860,Esi_0231_0004,D7FSB2,CBJ31053.1
Ec-20_004880,Esi_0231_0005,D7FSB3,CBJ31054.1
Ec-20_004890,Esi_0231_0007,D7FSB4,CBJ31055.1
Ec-20_004900,Esi_0231_0008,D7FSB5,CBJ31056.1
Ec-20_004910,Esi_0231_0009,D7FSB6,CBJ31057.1
Ec-20_004920,Esi_0231_0010,D7FSB7,CBJ31058.1
Ec-20_004930,Esi_0231_0011,D7FSB8,CBJ31059.1
Ec-20_004940,Esi_0231_0012,D7FSB9,CBJ31060.1
Ec-20_004950,Esi_0231_0013,D7FSC0,CBJ31061.1
Ec-20_004960,Esi_0231_0014,D7FSC1,CBJ31062.1
Ec-20_004970,Esi_0231_0015,D7FSC2,CBJ31063.1
Ec-20_004980,Esi_0231_0017,D7FSC3,CBJ31064.1
Ec-20_004990,Esi_0231_0020,D7FSC4,CBJ31065.1
Ec-20_005000,Esi_0231_0021,D7FSC5,CBJ31066.1
Ec-20_005010,Esi_0231_0023,D7FSC6,CBJ31067.1
Ec-20_005020,Esi_0231_0026,D7FSC7,CBJ31068.1
Ec-20_005030,Esi_0231_0027,D7FSC8,CBJ31069.1
Ec-20_005040,Esi_0231_0028,D7FSC9,CBJ31070.1
Ec-20_005050,Esi_0231_0030,D7FSD0,CBJ31071.1
Ec-20_005060,Esi_0231_0032,D7FSD1,CBJ31072.1
Ec-20_005070,Esi_0231_0035,D7FSD2,CBJ31073.1
Ec-20_005080,Esi_0231_0040,D7FSD3,CBJ31074.1
Ec-20_004870,Esi_0231_0044,,
Ec-20_004830,Esi_0231_0045,,
Ec-20_005090,Esi_0231_0046,,
Ec-25_001040,Esi_0232_0001,D7FSD4,CBJ31075.1
Ec-25_001030,Esi_0232_0002,D7FSD5,CBJ31076.1
Ec-25_001020,Esi_0232_0003,D7FSD6,CBJ31077.1
Ec-25_001010,Esi_0232_0004,D7FSD7,CBJ31078.1
Ec-25_001000,Esi_0232_0005,D7FSD8,CBJ31079.1
Ec-25_000990,Esi_0232_0006,D7FSD9,CBJ31080.1
Ec-25_000980,Esi_0232_0007,D7FSE0,CBJ31081.1
Ec-25_000970,Esi_0232_0009,D7FSE1,CBJ31082.1
Ec-25_000930,Esi_0232_0030,D7FSE2,CBJ31083.1
Ec-25_000920,Esi_0232_0033,D7FSE3,CBJ31084.1
Ec-25_000910,Esi_0232_0034,D7FSE4,CBJ31085.1
Ec-25_000900,Esi_0232_0036,D7FSE5,CBJ31086.1
Ec-25_000890,Esi_0232_0038,D7FSE6,CBJ31087.1
Ec-25_000880,Esi_0232_0039,D7FSE7,CBJ31088.1
,Esi_0232_0040,D7FSE8,CBJ31089.1
Ec-25_000870,Esi_0232_0043,D7FSE9,CBJ31090.1
Ec-25_000860,Esi_0232_0045,D7FSF0,CBJ31091.1
Ec-25_000850,Esi_0232_0046,D7FSF1,CBJ31092.1
Ec-25_000840,Esi_0232_0048,D7FSF2,CBJ31093.1
Ec-25_000950,Esi_0232_0058,,
Ec-25_000960,Esi_0232_0059,,
Ec-25_000940,Esi_0232_0060,,
Ec-04_000620,Esi_0233_0001,D7FSF3,CBJ31094.1
Ec-04_000630,Esi_0233_0002,D7FSF4,CBJ31095.1
Ec-04_000650,Esi_0233_0005,D7FSF5,CBJ31096.1
Ec-04_000660,Esi_0233_0006,D7FSF6,CBJ31097.1
Ec-04_000670,Esi_0233_0009,D7FSF7,CBJ31098.1
Ec-04_000680,Esi_0233_0010,D7FSF8,CBJ31099.1
Ec-04_000710,Esi_0233_0015,D7FSF9,CBJ31100.1
Ec-04_000720,Esi_0233_0017,D7FSG0,CBJ31101.1
Ec-04_000730,Esi_0233_0019,D7FSG1,CBJ31102.1
Ec-04_000740,Esi_0233_0020,D7FSG2,CBJ31103.1
Ec-04_000760,Esi_0233_0021,D7FSG3,CBJ31104.1
Ec-04_000770,Esi_0233_0022,D7FSG4,CBJ31105.1
Ec-04_000780,Esi_0233_0023,D7FSG5,CBJ31106.1
Ec-04_000790,Esi_0233_0026,D7FSG6,CBJ31107.1
Ec-04_000800,Esi_0233_0027,D7FSG7,CBJ31108.1
Ec-04_000810,Esi_0233_0028,D7FSG8,CBJ31109.1
Ec-04_000820,Esi_0233_0029,D7FSG9,CBJ31110.1
Ec-04_000860,Esi_0233_0037,D7FSH0,CBJ31111.1
Ec-04_000870,Esi_0233_0038,D7FSH1,CBJ31112.1
Ec-04_000750,Esi_0233_0047,,
Ec-04_000830,Esi_0233_0048,,
Ec-04_000840,Esi_0233_0049,,
Ec-04_000690,Esi_0233_0050,,
Ec-04_000700,Esi_0233_0051,,
Ec-04_000850,Esi_0233_0052,,
Ec-04_000880,Esi_0233_0053,,
Ec-04_000640,Esi_0233_0054,,
Ec-11_003720,Esi_0234_0001,D7FSH2,CBJ31113.1
Ec-11_003730,Esi_0234_0002,D7FSH3,CBJ31114.1
Ec-11_003740,Esi_0234_0005,D7FSH4,CBJ31115.1
Ec-11_003750,Esi_0234_0006,D7FSH5,CBJ31116.1
Ec-11_003770,Esi_0234_0009,D7FSH6,CBJ31117.1
Ec-11_003780,Esi_0234_0010,D7FSH7,CBJ31118.1
Ec-11_003790,Esi_0234_0011,D7FSH8,CBJ31119.1
Ec-11_003800,Esi_0234_0012,D7FSH9,CBJ31120.1
,Esi_0234_0013,D7FSI0,CBJ31121.1
obsolete,Esi_0234_0014,D7FSI1,CBJ31122.1
obsolete,Esi_0234_0017,D7FSI2,CBJ31123.1
Ec-11_003810,Esi_0234_0018,D7FSI3,CBJ31124.1
Ec-11_003830,Esi_0234_0020,D7FSI4,CBJ31125.1
Ec-11_003840,Esi_0234_0022,D7FSI5,CBJ31126.1
Ec-11_003850,Esi_0234_0023,D7FSI6,CBJ31127.1
Ec-11_003860,Esi_0234_0024,D7FSI7,CBJ31128.1
,Esi_0234_0026,D7FSI8,CBJ31129.1
Ec-11_003870,Esi_0234_0027,D7FSI9,CBJ31130.1
Ec-11_003880,Esi_0234_0033,D7FSJ0,CBJ31131.1
Ec-11_003900,Esi_0234_0034,D7FSJ1,CBJ31132.1
Ec-11_003910,Esi_0234_0036,D7FSJ2,CBJ31133.1
,Esi_0234_0043,D7FSJ3,CBJ31134.1
Ec-11_003920,Esi_0234_0044,D7FSJ4,CBJ31135.1
Ec-11_003930,Esi_0234_0048,D7FSJ5,CBJ31136.1
Ec-11_003760,Esi_0234_0054,,
Ec-11_003820,Esi_0234_0055,,
Ec-11_003890,Esi_0234_0056,,
Ec-00_003670,Esi_0235_0006,D7FSJ6,CBJ31137.1
Ec-00_003690,Esi_0235_0029,D7FSJ7,CBJ31138.1
Ec-00_003700,Esi_0235_0033,D7FSJ8,CBJ31139.1
Ec-00_003710,Esi_0235_0034,D7FSJ9,CBJ31140.1
Ec-00_003720,Esi_0235_0039,D7FSK0,CBJ31141.1
Ec-00_003730,Esi_0235_0047,D7FSK1,CBJ31142.1
Ec-00_003740,Esi_0235_0049,D7FSK2,CBJ31143.1
Ec-00_003680,Esi_0235_0054,,
Ec-04_000270,Esi_0236_0001,D7FSK3,CBJ31144.1
Ec-04_000280,Esi_0236_0003,D7FSK4,CBJ31145.1
Ec-04_000330,Esi_0236_0004,D7FSK5,CBJ31146.1
Ec-04_000340,Esi_0236_0005,D7FSK6,CBJ31147.1
Ec-04_000350,Esi_0236_0006,D7FSK7,CBJ31148.1
Ec-04_000360,Esi_0236_0007,D7FSK8,CBJ31149.1
Ec-04_000370,Esi_0236_0008,D7FSK9,CBJ31150.1
Ec-04_000410,Esi_0236_0010,D7FSL0,CBJ31151.1
Ec-04_000420,Esi_0236_0011,D7FSL1,CBJ31152.1
Ec-04_000430,Esi_0236_0013,D7FSL2,CBJ31153.1
Ec-04_000440,Esi_0236_0014,D7FSL3,CBJ31154.1
Ec-04_000450,Esi_0236_0015,D7FSL4,CBJ31155.1
,Esi_0236_0016,D7FSL5,CBJ31156.1
Ec-04_000460,Esi_0236_0019,D7FSL6,CBJ31157.1
Ec-04_000490,Esi_0236_0023,D7FSL7,CBJ31158.1
Ec-04_000500,Esi_0236_0025,D7FSL8,CBJ31159.1
Ec-04_000510,Esi_0236_0029,D7FSL9,CBJ31160.1
Ec-04_000520,Esi_0236_0031,D7FSM0,CBJ31161.1
,Esi_0236_0033,D7FSM1,CBJ31162.1
Ec-04_000540,Esi_0236_0037,D7FSM2,CBJ31163.1
Ec-04_000550,Esi_0236_0039,D7FSM3,CBJ31164.1
Ec-04_000570,Esi_0236_0041,D7FSM4,CBJ31165.1
Ec-04_000580,Esi_0236_0043,D7FSM5,CBJ31166.1
Ec-04_000590,Esi_0236_0046,D7FSM6,CBJ31167.1
Ec-04_000600,Esi_0236_0047,D7FSM7,CBJ31168.1
Ec-04_000610,Esi_0236_0048,D7FSM8,CBJ31169.1
Ec-04_000290,Esi_0236_0055,,
Ec-04_000300,Esi_0236_0056,,
Ec-04_000310,Esi_0236_0057,,
Ec-04_000320,Esi_0236_0058,,
Ec-04_000530,Esi_0236_0059,,
Ec-04_000470,Esi_0236_0060,,
Ec-04_000380,Esi_0236_0061,,
Ec-04_000390,Esi_0236_0062,,
Ec-04_000400,Esi_0236_0063,,
Ec-04_000480,Esi_0236_0064,,
Ec-04_000560,Esi_0236_0065,,
Ec-07_002460,Esi_0237_0002,D7FSM9,CBJ31170.1
Ec-07_002470,Esi_0237_0006,D7FSN0,CBJ31171.1
Ec-07_002490,Esi_0237_0007,D7FSN1,CBJ31172.1
Ec-07_002500,Esi_0237_0008,D7FSN2,CBJ31173.1
Ec-07_002510,Esi_0237_0010,D7FSN3,CBJ31174.1
Ec-07_002520,Esi_0237_0011,D7FSN4,CBJ31175.1
Ec-07_002530,Esi_0237_0012,D7FSN5,CBJ31176.1
Ec-07_002540,Esi_0237_0016,D7FSN6,CBJ31177.1
Ec-07_002550,Esi_0237_0017,D7FSN7,CBJ31178.1
Ec-07_002560,Esi_0237_0019,D7FSN8,CBJ31179.1
Ec-07_002580,Esi_0237_0021,D7FSN9,CBJ31180.1
Ec-07_002600,Esi_0237_0023,D7FSP0,CBJ31181.1
Ec-07_002610,Esi_0237_0024,D7FSP1,CBJ31182.1
Ec-07_002620,Esi_0237_0027,D7FSP2,CBJ31183.1
Ec-07_002630,Esi_0237_0030,D7FSP3,CBJ31184.1
Ec-07_002590,Esi_0237_0043,,
Ec-07_002570,Esi_0237_0044,,
Ec-07_002640,Esi_0237_0045,,
Ec-07_002650,Esi_0237_0046,,
Ec-07_002660,Esi_0237_0047,,
Ec-07_002480,Esi_0237_0048,,
Ec-03_003050,Esi_0238_0001,D7FSP4,CBJ31185.1
Ec-03_003040,Esi_0238_0002,D7FSP5,CBJ31186.1
Ec-03_003030,Esi_0238_0005,D7FSP6,CBJ31187.1
Ec-03_003020,Esi_0238_0007,D7FSP7,CBJ31188.1
Ec-03_003010,Esi_0238_0009,D7FSP8,CBJ31189.1
Ec-03_003000,Esi_0238_0010,D7FSP9,CBJ31190.1
Ec-03_002990,Esi_0238_0012,D7FSQ0,CBJ31191.1
Ec-03_002980,Esi_0238_0014,D7FSQ1,CBJ31192.1
Ec-03_002970,Esi_0238_0016,D7FSQ2,CBJ31193.1
Ec-03_002950,Esi_0238_0017,D7FSQ3,CBJ31194.1
Ec-03_002930,Esi_0238_0018,D7FSQ4,CBJ31195.1
Ec-03_002920,Esi_0238_0020,D7FSQ5,CBJ31196.1
Ec-03_002910,Esi_0238_0021,D7FSQ6,CBJ31197.1
Ec-03_002900,Esi_0238_0023,D7FSQ7,CBJ31198.1
Ec-03_002880,Esi_0238_0024,D7FSQ8,CBJ31199.1
Ec-03_002870,Esi_0238_0025,D7FSQ9,CBJ31200.1
Ec-03_002860,Esi_0238_0026,D7FSR0,CBJ31201.1
Ec-03_002850,Esi_0238_0028,D7FSR1,CBJ31202.1
Ec-03_002840,Esi_0238_0029,D7FSR2,CBJ31203.1
Ec-03_002820,Esi_0238_0034,D7FSR3,CBJ31204.1
Ec-03_002810,Esi_0238_0040,D7FSR4,CBJ31205.1
Ec-03_002800,Esi_0238_0041,D7FSR5,CBJ31206.1
Ec-03_002790,Esi_0238_0042,D7FSR6,CBJ31207.1
Ec-03_002780,Esi_0238_0044,D7FSR7,CBJ31208.1
Ec-03_002830,Esi_0238_0051,,
Ec-03_002940,Esi_0238_0052,,
Ec-03_002890,Esi_0238_0053,,
Ec-03_002960,Esi_0238_0054,,
Ec-09_001400,Esi_0239_0001,D7FSR8,CBJ31209.1
Ec-09_001430,Esi_0239_0006,D7FSS1,CBJ31212.1
Ec-09_001440,Esi_0239_0007,D7FSS2,CBJ31213.1
Ec-09_001450,Esi_0239_0009,D7FSS3,CBJ31214.1
Ec-09_001460,Esi_0239_0012,D7FSS4,CBJ31215.1
Ec-09_001470,Esi_0239_0013,D7FSS5,CBJ31216.1
,Esi_0239_0014,D7FSS6,CBJ31217.1
Ec-09_001480,Esi_0239_0015,D7FSS7,CBJ31218.1
Ec-09_001490,Esi_0239_0017,D7FSS8,CBJ31219.1
Ec-09_001500,Esi_0239_0018,D7FSS9,CBJ31220.1
Ec-09_001520,Esi_0239_0020,D7FST0,CBJ31221.1
Ec-09_001530,Esi_0239_0021,D7FST1,CBJ31222.1
Ec-09_001540,Esi_0239_0022,D7FST2,CBJ31223.1
Ec-09_001550,Esi_0239_0023,D7FST3,CBJ31224.1
Ec-09_001560,Esi_0239_0026,D7FST4,CBJ31225.1
Ec-09_001570,Esi_0239_0028,D7FST5,CBJ31226.1
Ec-09_001580,Esi_0239_0030,D7FST6,CBJ31227.1
Ec-09_001600,Esi_0239_0032,D7FST7,CBJ31228.1
Ec-09_001610,Esi_0239_0033,D7FST8,CBJ31229.1
Ec-09_001620,Esi_0239_0035,D7FST9,CBJ31230.1
Ec-09_001590,Esi_0239_0041,,
Ec-09_001420,Esi_0239_0042,D7FSS0,CBJ31211.1
Ec-09_001410,Esi_0239_0043,D7FSR9,CBJ31210.1
Ec-09_001510,Esi_0239_0046,,
Ec-19_001750,Esi_0240_0004,D7FSU0,CBJ31231.1
Ec-19_001760,Esi_0240_0006,D7FSU1,CBJ31232.1
Ec-19_001770,Esi_0240_0008,D7FSU2,CBJ31233.1
Ec-19_001780,Esi_0240_0011,D7FSU3,CBJ31234.1
Ec-19_001790,Esi_0240_0014,D7FSU4,CBJ31235.1
Ec-19_001800,Esi_0240_0015,D7FSU5,CBJ31236.1
Ec-19_001810,Esi_0240_0017,D7FSU6,CBJ31237.1
Ec-19_001830,Esi_0240_0019,D7FSU7,CBJ31238.1
Ec-19_001840,Esi_0240_0022,D7FSU8,CBJ31239.1
Ec-19_001850,Esi_0240_0024,D7FSU9,CBJ31240.1
Ec-19_001860,Esi_0240_0027,D7FSV0,CBJ31241.1
Ec-19_001880,Esi_0240_0031,D7FSV1,CBJ31242.1
Ec-19_001890,Esi_0240_0032,D7FSV2,CBJ31243.1
Ec-19_001900,Esi_0240_0034,D7FSV3,CBJ31244.1
Ec-19_001910,Esi_0240_0035,D7FSV4,CBJ31245.1
Ec-19_001920,Esi_0240_0037,D7FSV5,CBJ31246.1
Ec-19_001930,Esi_0240_0038,D7FSV6,CBJ31247.1
Ec-19_001940,Esi_0240_0039,D7FSV7,CBJ31248.1
Ec-19_001950,Esi_0240_0040,D7FSV8,CBJ31249.1
Ec-19_001870,Esi_0240_0046,,
Ec-19_001820,Esi_0240_0047,,
Ec-19_001730,Esi_0240_0048,,
Ec-19_001740,Esi_0240_0049,,
Ec-27_006560,Esi_0241_0001,D7FSV9,CBJ31250.1
Ec-27_006570,Esi_0241_0002,D7FSW0,CBJ31251.1
Ec-27_006580,Esi_0241_0003,D7FSW1,CBJ31252.1
Ec-27_006590,Esi_0241_0004,D7FSW2,CBJ31253.1
,Esi_0241_0005,D7FSW3,CBJ31254.1
Ec-27_006610,Esi_0241_0007,D7FSW4,CBJ31255.1
Ec-27_006620,Esi_0241_0010,D7FSW5,CBJ31256.1
Ec-27_006640,Esi_0241_0011,D7FSW6,CBJ31257.1
Ec-27_006630,Esi_0241_0014,D7FSW7,CBJ31258.1
Ec-27_006660,Esi_0241_0015,D7FSW8,CBJ31259.1
,Esi_0241_0016,D7FSW9,CBJ31260.1
Ec-27_006670,Esi_0241_0018,D7FSX0,CBJ31261.1
Ec-27_006680,Esi_0241_0019,D7FSX1,CBJ31262.1
Ec-27_006690,Esi_0241_0020,D7FSX2,CBJ31263.1
Ec-27_006700,Esi_0241_0023,D7FSX3,CBJ31264.1
Ec-27_006710,Esi_0241_0025,D7FSX4,CBJ31265.1
obsolete,Esi_0241_0026,D7FSX5,CBJ31266.1
Ec-27_006720,Esi_0241_0027,D7FSX6,CBJ31267.1
Ec-27_006730,Esi_0241_0030,D7FSX7,CBJ31268.1
Ec-27_006740,Esi_0241_0032,D7FSX8,CBJ31269.1
Ec-27_006760,Esi_0241_0033,D7FSX9,CBJ31270.1
Ec-27_006770,Esi_0241_0035,D7FSY0,CBJ31271.1
Ec-27_006780,Esi_0241_0036,D7FSY1,CBJ31272.1
Ec-27_006790,Esi_0241_0038,D7FSY2,CBJ31273.1
Ec-27_006840,Esi_0241_0044,D7FSY3,CBJ31274.1
Ec-27_006850,Esi_0241_0045,D7FSY4,CBJ31275.1
Ec-27_006860,Esi_0241_0046,D7FSY5,CBJ31276.1
Ec-27_006750,Esi_0241_0055,,
Ec-27_006650,Esi_0241_0057,,
Ec-27_006800,Esi_0241_0058,,
Ec-27_006810,Esi_0241_0059,,
Ec-27_006820,Esi_0241_0060,,
Ec-27_006830,Esi_0241_0061,,
Ec-27_006600,Esi_0241_0062,,
Ec-13_001390,Esi_0242_0011,D7FSY6,CBJ31277.1
,Esi_0242_0017,D7FSY7,CBJ31278.1
Ec-13_001400,Esi_0242_0018,D7FSY8,CBJ31279.1
Ec-13_001410,Esi_0242_0022,D7FSY9,CBJ31280.1
Ec-13_001420,Esi_0242_0025,D7FSZ0,CBJ31281.1
Ec-13_001430,Esi_0242_0028,D7FSZ1,CBJ31282.1
Ec-13_001440,Esi_0242_0032,D7FSZ2,CBJ31283.1
Ec-13_001450,Esi_0242_0033,D7FSZ3,CBJ31284.1
Ec-13_001460,Esi_0242_0035,D7FSZ4,CBJ31285.1
Ec-13_001470,Esi_0242_0038,D7FSZ5,CBJ31286.1
Ec-13_001490,Esi_0242_0044,,
Ec-13_001530,Esi_0242_0046,D7FSZ7,CBJ31288.1
Ec-13_001510,Esi_0242_0052,,
Ec-13_001480,Esi_0242_0053,,
Ec-13_001500,Esi_0242_0054,,
Ec-13_001520,Esi_0242_0055,,
Ec-24_004240,Esi_0243_0002,D7FSZ8,CBJ31289.1
Ec-24_004250,Esi_0243_0003,D7FSZ9,CBJ31290.1
Ec-24_004260,Esi_0243_0006,D7FT00,CBJ31291.1
Ec-24_004270,Esi_0243_0009,D7FT01,CBJ31292.1
Ec-24_004300,Esi_0243_0011,D7FT02,CBJ31293.1
Ec-24_004310,Esi_0243_0012,D7FT03,CBJ31294.1
Ec-24_004320,Esi_0243_0013,D7FT04,CBJ31295.1
Ec-24_004330,Esi_0243_0015,D7FT05,CBJ31296.1
Ec-24_004340,Esi_0243_0016,D7FT06,CBJ31297.1
Ec-24_004350,Esi_0243_0019,D7FT07,CBJ31298.1
Ec-24_004360,Esi_0243_0020,D7FT08,CBJ31299.1
Ec-24_004370,Esi_0243_0022,D7FT09,CBJ31300.1
Ec-24_004390,Esi_0243_0024,D7FT10,CBJ31301.1
Ec-24_004400,Esi_0243_0025,D7FT11,CBJ31302.1
Ec-24_004410,Esi_0243_0026,D7FT12,CBJ31303.1
Ec-24_004430,Esi_0243_0027,D7FT13,CBJ31304.1
Ec-24_004440,Esi_0243_0029,D7FT14,CBJ31305.1
Ec-24_004450,Esi_0243_0030,D7FT15,CBJ31306.1
Ec-24_004470,Esi_0243_0031,D7FT16,CBJ31307.1
Ec-24_004380,Esi_0243_0036,,
Ec-24_004420,Esi_0243_0037,,
Ec-24_004460,Esi_0243_0038,,
Ec-24_004480,Esi_0243_0039,,
Ec-24_004490,Esi_0243_0040,,
Ec-24_004280,Esi_0243_0041,,
Ec-24_004290,Esi_0243_0042,,
Ec-04_002420,Esi_0244_0001,D7FT17,CBJ31308.1
Ec-04_002430,Esi_0244_0002,D7FT18,CBJ31309.1
Ec-04_002440,Esi_0244_0003,D7FT19,CBJ31310.1
Ec-04_002450,Esi_0244_0004,D7FT20,CBJ31311.1
Ec-04_002460,Esi_0244_0005,D7FT21,CBJ31312.1
Ec-04_002470,Esi_0244_0006,D7FT22,CBJ31313.1
,Esi_0244_0008,D7FT23,CBJ31314.1
Ec-04_002480,Esi_0244_0009,D7FT24,CBJ31315.1
Ec-04_002570,Esi_0244_0014,D7FT25,CBJ31316.1
Ec-04_002580,Esi_0244_0015,D7FT26,CBJ31317.1
Ec-04_002590,Esi_0244_0017,D7FT27,CBJ31318.1
obsolete,Esi_0244_0018,D7FT28,CBJ31319.1
Ec-04_002600,Esi_0244_0019,D7FT29,CBJ31320.1
Ec-04_002610,Esi_0244_0020,D7FT30,CBJ31321.1
Ec-04_002630,Esi_0244_0021,D7FT31,CBJ31322.1
Ec-04_002640,Esi_0244_0022,D7FT32,CBJ31323.1
Ec-04_002660,Esi_0244_0024,D7FT33,CBJ31324.1
Ec-04_002670,Esi_0244_0025,D7FT34,CBJ31325.1
Ec-04_002680,Esi_0244_0027,D7FT35,CBJ31326.1
Ec-04_002690,Esi_0244_0029,D7FT36,CBJ31327.1
Ec-04_002700,Esi_0244_0030,D7FT37,CBJ31328.1
Ec-04_002710,Esi_0244_0031,D7FT38,CBJ31329.1
Ec-04_002720,Esi_0244_0033,D7FT39,CBJ31330.1
Ec-04_002730,Esi_0244_0034,D7FT40,CBJ31331.1
Ec-04_002740,Esi_0244_0035,D7FT41,CBJ31332.1
Ec-04_002750,Esi_0244_0036,D7FT42,CBJ31333.1
Ec-04_002760,Esi_0244_0037,D7FT43,CBJ31334.1
Ec-04_002770,Esi_0244_0038,D7FT44,CBJ31335.1
Ec-04_002790,Esi_0244_0043,D7FT45,CBJ31336.1
Ec-04_002810,Esi_0244_0045,D7FT46,CBJ31337.1
Ec-04_002490,Esi_0244_0051,,
Ec-04_002500,Esi_0244_0052,,
Ec-04_002510,Esi_0244_0053,,
Ec-04_002520,Esi_0244_0054,,
Ec-04_002530,Esi_0244_0055,,
Ec-04_002540,Esi_0244_0056,,
Ec-04_002550,Esi_0244_0057,,
Ec-04_002560,Esi_0244_0058,,
Ec-04_002650,Esi_0244_0060,,
Ec-04_002620,Esi_0244_0061,,
Ec-04_002780,Esi_0244_0062,,
Ec-04_002800,Esi_0244_0063,,
Ec-19_003610,Esi_0245_0001,D7FT47,CBJ49219.1
Ec-19_003600,Esi_0245_0002,D7FT48,CBJ49220.1
Ec-19_003590,Esi_0245_0003,D7FT49,CBJ49221.1
Ec-19_003580,Esi_0245_0006,D7FT50,CBJ49222.1
Ec-19_003570,Esi_0245_0007,D7FT51,CBJ49223.1
Ec-19_003560,Esi_0245_0008,D7FT52,CBJ49224.1
Ec-19_003550,Esi_0245_0009,D7FT53,CBJ49225.1
Ec-19_003540,Esi_0245_0010,D7FT54,CBJ49226.1
Ec-19_003530,Esi_0245_0013,D7FT55,CBJ49227.1
Ec-19_003520,Esi_0245_0016,D7FT56,CBJ49228.1
Ec-19_003510,Esi_0245_0017,D7FT57,CBJ49229.1
Ec-19_003500,Esi_0245_0018,D7FT58,CBJ49230.1
Ec-19_003480,Esi_0245_0020,D7FT59,CBJ49231.1
Ec-19_003470,Esi_0245_0021,D7FT60,CBJ49232.1
Ec-19_003460,Esi_0245_0022,D7FT61,CBJ49233.1
Ec-19_003450,Esi_0245_0024,D7FT62,CBJ49234.1
Ec-19_003440,Esi_0245_0025,D7FT63,CBJ49235.1
Ec-19_003430,Esi_0245_0029,D7FT64,CBJ49236.1
Ec-19_003420,Esi_0245_0031,D7FT65,CBJ49237.1
,Esi_0245_0032,D7FT66,CBJ49238.1
Ec-19_003410,Esi_0245_0033,D7FT67,CBJ49239.1
Ec-19_003400,Esi_0245_0040,D7FT68,CBJ49240.1
Ec-19_003400,Esi_0245_0042,D7FT69,CBJ49241.1
Ec-19_003390,Esi_0245_0045,D7FT70,CBJ49242.1
Ec-19_003380,Esi_0245_0046,D7FT71,CBJ49243.1
Ec-19_003490,Esi_0245_0047,,
Ec-19_003620,Esi_0245_0048,,
Ec-06_003860,Esi_0246_0002,D7FT72,CBJ31338.1
Ec-06_003850,Esi_0246_0004,D7FT73,CBJ31339.1
Ec-06_003840,Esi_0246_0005,D7FT74,CBJ31340.1
Ec-06_003830,Esi_0246_0006,D7FT75,CBJ31341.1
Ec-06_003820,Esi_0246_0014,D7FT76,CBJ31342.1
Ec-06_003810,Esi_0246_0016,D7FT77,CBJ31343.1
Ec-06_003800,Esi_0246_0017,D7FT78,CBJ31344.1
Ec-06_003790,Esi_0246_0018,D7FT79,CBJ31345.1
Ec-06_003780,Esi_0246_0019,D7FT80,CBJ31346.1
Ec-06_003770,Esi_0246_0020,D7FT81,CBJ31347.1
,Esi_0246_0021,D7FT82,CBJ31348.1
Ec-06_003760,Esi_0246_0022,D7FT83,CBJ31349.1
Ec-06_003750,Esi_0246_0023,D7FT84,CBJ31350.1
Ec-06_003730,Esi_0246_0025,D7FT85,CBJ31351.1
Ec-06_003720,Esi_0246_0028,D7FT86,CBJ31352.1
Ec-06_003700,Esi_0246_0030,D7FT87,CBJ31353.1
Ec-06_003690,Esi_0246_0031,D7FT88,CBJ31354.1
Ec-06_003680,Esi_0246_0032,D7FT89,CBJ31355.1
Ec-06_003670,Esi_0246_0033,D7FT90,CBJ31356.1
Ec-06_003660,Esi_0246_0037,D7FT91,CBJ31357.1
Ec-06_003650,Esi_0246_0038,D7FT92,CBJ31358.1
Ec-06_003640,Esi_0246_0039,D7FT93,CBJ31359.1
Ec-06_003630,Esi_0246_0041,D7FT94,CBJ31360.1
Ec-06_003620,Esi_0246_0043,D7FT95,CBJ31361.1
Ec-06_003610,Esi_0246_0046,D7FT96,CBJ31362.1
Ec-06_003600,Esi_0246_0047,D7FT97,CBJ31363.1
Ec-06_003590,Esi_0246_0049,D7FT98,CBJ31364.1
Ec-06_003580,Esi_0246_0051,D7FT99,CBJ31365.1
Ec-06_003740,Esi_0246_0054,,
Ec-06_003710,Esi_0246_0055,,
Ec-13_000200,Esi_0247_0002,D8LJB9,CBN79452.1
Ec-13_000210,Esi_0247_0006,D8LJC0,CBN79453.1
,Esi_0247_0019,D8LJC1,CBN79454.2
Ec-13_000230,Esi_0247_0020,D8LJC2,CBN79455.1
Ec-13_000240,Esi_0247_0023,D8LJC3,CBN79456.1
Ec-13_000250,Esi_0247_0024,D8LJC4,CBN79457.1
Ec-13_000260,Esi_0247_0027,D8LJC5,CBN79458.1
Ec-13_000270,Esi_0247_0028,D8LJC6,CBN79459.1
Ec-13_000290,Esi_0247_0030,D8LJC7,CBN79460.1
Ec-13_000300,Esi_0247_0035,D8LJC8,CBN79461.1
Ec-13_000190,Esi_0247_0043,,
Ec-13_000280,Esi_0247_0044,,
Ec-13_000180,Esi_0247_0046,,
Ec-13_000220,Esi_0247_0047,,
Ec-13_000310,Esi_0247_0048,,
Ec-13_003820,Esi_0248_0001,D7FTA0,CBJ31366.1
Ec-13_003830,Esi_0248_0003,D7FTA1,CBJ31367.1
Ec-13_003840,Esi_0248_0006,D7FTA2,CBJ31368.1
Ec-13_003850,Esi_0248_0008,D7FTA3,CBJ31369.1
Ec-13_003860,Esi_0248_0011,D7FTA4,CBJ31370.1
Ec-13_003870,Esi_0248_0012,D7FTA5,CBJ31371.1
Ec-13_003880,Esi_0248_0013,D7FTA6,CBJ31372.1
Ec-13_003890,Esi_0248_0015,D7FTA7,CBJ31373.1
Ec-13_003910,Esi_0248_0019,D7FTA8,CBJ31374.1
Ec-13_003920,Esi_0248_0021,D7FTA9,CBJ31375.1
Ec-13_003930,Esi_0248_0022,D7FTB0,CBJ31376.1
Ec-13_003940,Esi_0248_0024,D7FTB1,CBJ31377.1
Ec-13_003950,Esi_0248_0026,D7FTB2,CBJ31378.1
Ec-13_004000,Esi_0248_0028,D7FTB3,CBJ31379.1
Ec-13_003900,Esi_0248_0037,,
Ec-13_003970,Esi_0248_0038,,
Ec-13_003960,Esi_0248_0040,,
Ec-13_003980,Esi_0248_0041,,
Ec-13_003990,Esi_0248_0042,,
Ec-13_004010,Esi_0248_0043,,
Ec-13_004020,Esi_0248_0044,,
Ec-13_004030,Esi_0248_0045,,
Ec-05_000240,Esi_0249_0028,D7FTB4,CBJ31380.1
Ec-05_000250,Esi_0249_0030,D7FTB5,CBJ31381.1
Ec-05_000260,Esi_0249_0032,D7FTB6,CBJ31382.1
Ec-05_000270,Esi_0249_0033,D7FTB7,CBJ31383.1
Ec-05_000280,Esi_0249_0036,D7FTB8,CBJ31384.1
Ec-05_000290,Esi_0249_0039,D7FTB9,CBJ31385.1
Ec-05_000300,Esi_0249_0051,D7FTC0,CBJ31386.1
Ec-05_000310,Esi_0249_0053,D7FTC1,CBJ31387.1
Ec-17_001860,Esi_0250_0001,D8LJC9,CBN79462.1
Ec-17_001870,Esi_0250_0004,D8LJD0,CBN79463.1
Ec-17_001880,Esi_0250_0007,D8LJD1,CBN79464.1
Ec-17_001890,Esi_0250_0008,D8LJD2,CBN79465.1
Ec-17_001900,Esi_0250_0011,D8LJD3,CBN79466.1
,Esi_0250_0012,D8LJD4,CBN79467.1
Ec-17_001910,Esi_0250_0019,D8LJD5,CBN79468.1
Ec-17_001920,Esi_0250_0020,D8LJD6,CBN79469.1
Ec-17_001930,Esi_0250_0022,D8LJD7,CBN79470.1
Ec-17_001940,Esi_0250_0025,D8LJD8,CBN79471.1
Ec-17_001950,Esi_0250_0027,D8LJD9,CBN79472.1
Ec-17_001960,Esi_0250_0028,D8LJE0,CBN79473.2
Ec-17_001980,Esi_0250_0031,D8LJE1,CBN79474.1
Ec-17_001990,Esi_0250_0033,D8LJE2,CBN79475.1
Ec-17_002020,Esi_0250_0035,D8LJE3,CBN79476.1
Ec-17_002000,Esi_0250_0055,,
Ec-17_002010,Esi_0250_0056,,
Ec-17_001970,Esi_0250_0058,,
Ec-17_002030,Esi_0250_0059,,
Ec-13_004640,Esi_0251_0004,D7FTJ7,CBJ31388.1
Ec-13_004660,Esi_0251_0005,D7FTJ8,CBJ31389.1
Ec-13_004670,Esi_0251_0007,D7FTJ9,CBJ31390.1
Ec-13_004680,Esi_0251_0008,D7FTK0,CBJ31391.1
Ec-13_004700,Esi_0251_0009,D7FTK1,CBJ31392.1
,Esi_0251_0012,D7FTK2,CBJ31393.1
,Esi_0251_0014,D7FTK3,CBJ31394.1
Ec-13_004720,Esi_0251_0016,D7FTK4,CBJ31395.1
Ec-13_004730,Esi_0251_0018,D7FTK5,CBJ31396.1
,Esi_0251_0019,D7FTK6,CBJ31397.1
,Esi_0251_0021,D7FTK7,CBJ31398.1
Ec-13_004760,Esi_0251_0022,D7FTK8,CBJ31399.1
Ec-13_004790,Esi_0251_0042,D7FTK9,CBJ31400.1
Ec-13_004780,Esi_0251_0047,,
Ec-13_004740,Esi_0251_0051,,
Ec-13_004750,Esi_0251_0052,,
Ec-13_004770,Esi_0251_0053,,
Ec-13_004650,Esi_0251_0054,,
Ec-13_004690,Esi_0251_0055,,
Ec-13_004710,Esi_0251_0056,,
Ec-06_008640,Esi_0252_0001,D7FTL0,CBJ31401.1
Ec-06_008650,Esi_0252_0005,D7FTL1,CBJ31402.1
Ec-06_008660,Esi_0252_0007,D7FTL2,CBJ31403.1
Ec-06_008670,Esi_0252_0008,D7FTL3,CBJ31404.1
Ec-06_008690,Esi_0252_0009,D7FTL4,CBJ31405.1
Ec-06_008700,Esi_0252_0010,D7FTL5,CBJ31406.1
Ec-06_008710,Esi_0252_0011,D7FTL6,CBJ31407.1
Ec-06_008720,Esi_0252_0013,D7FTL7,CBJ31408.1
Ec-06_008730,Esi_0252_0016,D7FTL8,CBJ31409.1
Ec-06_008740,Esi_0252_0019,D7FTL9,CBJ31410.1
Ec-06_008790,Esi_0252_0020,D7FTM0,CBJ31411.1
Ec-06_008800,Esi_0252_0022,D7FTM1,CBJ31412.1
Ec-06_008810,Esi_0252_0023,D7FTM2,CBJ31413.1
Ec-06_008820,Esi_0252_0025,D7FTM3,CBJ31414.1
Ec-06_008830,Esi_0252_0027,D7FTM4,CBJ31415.1
Ec-06_008850,Esi_0252_0028,D7FTM5,CBJ31416.1
,Esi_0252_0029,D7FTM6,CBJ31417.1
Ec-06_008860,Esi_0252_0032,D7FTM7,CBJ31418.1
Ec-06_008880,Esi_0252_0034,D7FTM8,CBJ31419.1
Ec-06_008890,Esi_0252_0035,D7FTM9,CBJ31420.1
Ec-06_008900,Esi_0252_0036,D7FTN0,CBJ31421.1
Ec-06_008750,Esi_0252_0045,,
Ec-06_008760,Esi_0252_0046,,
Ec-06_008770,Esi_0252_0047,,
Ec-06_008780,Esi_0252_0048,,
Ec-06_008870,Esi_0252_0049,,
Ec-06_008840,Esi_0252_0050,,
Ec-06_008680,Esi_0252_0051,,
Ec-11_001610,Esi_0253_0001,D7FTN5,CBJ49244.1
Ec-11_001620,Esi_0253_0002,D7FTN6,CBJ49245.1
Ec-11_001630,Esi_0253_0004,D7FTN7,CBJ49246.1
,Esi_0253_0005,D7FTN8,CBJ49247.1
Ec-11_001640,Esi_0253_0009,D7FTN9,CBJ49248.1
Ec-11_001650,Esi_0253_0011,D7FTP0,CBJ49249.1
,Esi_0253_0017,D7FTP1,CBJ49250.1
Ec-11_001660,Esi_0253_0021,D7FTP2,CBJ49251.1
Ec-11_001670,Esi_0253_0022,D7FTP3,CBJ49252.1
Ec-11_001690,Esi_0253_0030,D7FTP4,CBJ49253.1
Ec-11_001730,Esi_0253_0034,D7FTN1,CBJ49254.1
Ec-11_001740,Esi_0253_0038,D7FTN2,CBJ49255.1
Ec-11_001750,Esi_0253_0040,D7FTN3,CBJ49256.1
Ec-11_001760,Esi_0253_0041,D7FTN4,CBJ49257.1
Ec-11_001700,Esi_0253_0045,,
Ec-11_001680,Esi_0253_0046,,
Ec-11_001710,Esi_0253_0047,,
Ec-11_001720,Esi_0253_0048,,
Ec-06_010120,Esi_0254_0001,D8LJE4,CBN79477.1
Ec-06_010110,Esi_0254_0003,D8LJE5,CBN79478.1
Ec-06_010090,Esi_0254_0004,D8LJE6,CBN79479.2
Ec-06_010080,Esi_0254_0006,D8LJE7,CBN79480.1
Ec-06_010070,Esi_0254_0007,D8LJE8,CBN79481.1
Ec-06_010060,Esi_0254_0010,D8LJE9,CBN79482.1
Ec-06_010050,Esi_0254_0013,D8LJF0,CBN79483.1
,Esi_0254_0015,D8LJF1,CBN79484.1
nd,Esi_0254_0017,D8LJF2,CBN79485.1
Ec-06_010040,Esi_0254_0018,D8LJF3,CBN79486.1
,Esi_0254_0019,D8LJF4,CBN79487.1
Ec-06_010020,Esi_0254_0021,D8LJF5,CBN79488.1
Ec-06_010010,Esi_0254_0022,D8LJF6,CBN79489.1
Ec-06_010000,Esi_0254_0023,D8LJF7,CBN79490.1
Ec-06_009990,Esi_0254_0024,D8LJF8,CBN79491.1
Ec-06_009980,Esi_0254_0026,D8LJF9,CBN79492.1
Ec-06_009970,Esi_0254_0027,D8LJG0,CBN79493.1
Ec-06_009950,Esi_0254_0029,D8LJG1,CBN79494.1
Ec-06_009940,Esi_0254_0030,D8LJG2,CBN79495.1
Ec-06_009930,Esi_0254_0031,D8LJG3,CBN79496.1
,Esi_0254_0038,D8LJG4,CBN79497.1
Ec-06_009910,Esi_0254_0046,D8LJG5,CBN79498.1
Ec-06_009920,Esi_0254_0047,,
Ec-06_010030,Esi_0254_0048,,
Ec-06_010100,Esi_0254_0049,,
Ec-06_009960,Esi_0254_0050,,
Ec-06_009380,Esi_0255_0012,D7FTP5,CBJ31422.1
Ec-06_009360,Esi_0255_0013,D7FTP6,CBJ31423.1
Ec-06_009340,Esi_0255_0014,D7FTP7,CBJ31424.1
Ec-06_009330,Esi_0255_0016,D7FTP8,CBJ31425.1
Ec-06_009320,Esi_0255_0017,D7FTP9,CBJ31426.1
Ec-06_009310,Esi_0255_0019,D7FTQ0,CBJ31427.1
Ec-06_009300,Esi_0255_0021,D7FTQ1,CBJ31428.1
Ec-06_009290,Esi_0255_0023,D7FTQ2,CBJ31429.1
Ec-06_009280,Esi_0255_0025,D7FTQ3,CBJ31430.1
Ec-06_009270,Esi_0255_0026,D7FTQ4,CBJ31431.1
Ec-06_009260,Esi_0255_0030,D7FTQ5,CBJ31432.1
Ec-06_009250,Esi_0255_0034,D7FTQ6,CBJ31433.1
Ec-06_009240,Esi_0255_0038,D7FTQ7,CBJ31434.1
Ec-06_009370,Esi_0255_0053,,
Ec-06_009350,Esi_0255_0054,,
Ec-06_009230,Esi_0255_0055,,
Ec-06_009220,Esi_0255_0056,,
Ec-14_001190,Esi_0256_0002,D7FTQ8,CBJ31435.1
Ec-14_001180,Esi_0256_0004,D7FTQ9,CBJ31436.1
Ec-14_001170,Esi_0256_0006,D7FTR0,CBJ31437.1
Ec-14_001160,Esi_0256_0008,D7FTR1,CBJ31438.1
Ec-14_001150,Esi_0256_0009,D7FTR2,CBJ31439.1
Ec-14_001140,Esi_0256_0016,D7FTR3,CBJ31440.1
Ec-14_001130,Esi_0256_0017,D7FTR4,CBJ31441.1
,Esi_0256_0018,D7FTR5,CBJ31442.1
Ec-14_001120,Esi_0256_0019,D7FTR6,CBJ31443.1
Ec-14_001100,Esi_0256_0027,D7FTR7,CBJ31444.1
Ec-14_001090,Esi_0256_0028,D7FTR8,CBJ31445.1
Ec-14_001080,Esi_0256_0030,D7FTR9,CBJ31446.1
Ec-14_001070,Esi_0256_0031,D7FTS0,CBJ31447.1
Ec-14_001060,Esi_0256_0033,D7FTS1,CBJ31448.1
Ec-14_001050,Esi_0256_0034,D7FTS2,CBJ31449.1
Ec-14_001030,Esi_0256_0036,D7FTS3,CBJ31450.1
Ec-14_001020,Esi_0256_0037,D7FTS4,CBJ31451.1
Ec-14_001010,Esi_0256_0039,D7FTS5,CBJ31452.1
Ec-14_001000,Esi_0256_0041,D7FTS6,CBJ31453.1
,Esi_0256_0042,D7FTS7,CBJ31454.1
Ec-14_000990,Esi_0256_0044,D7FTS8,CBJ31455.1
Ec-14_000980,Esi_0256_0047,D7FTS9,CBJ31456.1
Ec-14_000960,Esi_0256_0050,D7FTT0,CBJ31457.1
Ec-14_001110,Esi_0256_0056,,
Ec-14_001040,Esi_0256_0057,,
Ec-14_000970,Esi_0256_0058,,
Ec-25_001430,Esi_0257_0001,D7FTT1,CBJ31458.1
Ec-25_001440,Esi_0257_0006,D7FTT2,CBJ31459.1
Ec-25_001450,Esi_0257_0007,D7FTT3,CBJ31460.1
Ec-25_001470,Esi_0257_0008,D7FTT4,CBJ31461.1
Ec-25_001480,Esi_0257_0009,D7FTT5,CBJ31462.1
,Esi_0257_0011,D7FTT6,CBJ31463.1
Ec-25_001490,Esi_0257_0012,D7FTT7,CBJ31464.1
Ec-25_001500,Esi_0257_0014,D7FTT8,CBJ31465.1
Ec-25_001510,Esi_0257_0018,D7FTT9,CBJ31466.1
,Esi_0257_0026,D7FTU0,CBJ31467.1
Ec-25_001520,Esi_0257_0028,D7FTU1,CBJ31468.1
Ec-25_001530,Esi_0257_0029,D7FTU2,CBJ31469.1
Ec-25_001540,Esi_0257_0030,D7FTU3,CBJ31470.1
Ec-25_001550,Esi_0257_0033,D7FTU4,CBJ31471.1
Ec-25_001570,Esi_0257_0037,D7FTU5,CBJ31472.1
Ec-25_001580,Esi_0257_0040,D7FTU6,CBJ31473.1
Ec-25_001590,Esi_0257_0041,D7FTU7,CBJ31474.1
Ec-25_001460,Esi_0257_0047,,
Ec-25_001560,Esi_0257_0048,,
Ec-25_001600,Esi_0257_0049,,
Ec-00_003750,Esi_0258_0001,D7G5N3,CBN75967.1
Ec-00_003760,Esi_0258_0002,D8LJG7,CBN75968.1
Ec-00_003770,Esi_0258_0007,D8LJG8,CBN75969.1
Ec-00_003780,Esi_0258_0010,D8LJG9,CBN75970.1
Ec-00_003790,Esi_0258_0013,D8LJH0,CBN75971.1
Ec-00_003800,Esi_0258_0017,D8LJH1,CBN75972.1
Ec-00_003810,Esi_0258_0024,D8LJH2,CBN75973.1
Ec-00_003820,Esi_0258_0027,D8LJH3,CBN75974.1
Ec-00_003840,Esi_0258_0039,D8LJH4,CBN75975.1
Ec-00_003850,Esi_0258_0045,D8LJH5,CBN75976.1
Ec-00_003830,Esi_0258_0053,,
Ec-02_002550,Esi_0259_0005,D7FTU8,CBJ31475.1
Ec-02_002560,Esi_0259_0009,D7FTU9,CBJ31476.1
Ec-02_002570,Esi_0259_0013,D7FTV0,CBJ31477.1
Ec-02_002590,Esi_0259_0016,D7FTV1,CBJ31478.1
Ec-02_002600,Esi_0259_0023,D7FTV2,CBJ31479.1
Ec-02_002640,Esi_0259_0025,D7FTV3,CBJ31480.1
Ec-02_002650,Esi_0259_0029,D7FTV4,CBJ31481.1
,Esi_0259_0031,D7FTV5,CBJ31482.1
Ec-02_002660,Esi_0259_0034,D7FTV6,CBJ31483.1
Ec-02_002670,Esi_0259_0036,D7FTV7,CBJ31484.1
Ec-02_002580,Esi_0259_0043,,
Ec-02_002610,Esi_0259_0044,,
Ec-02_002620,Esi_0259_0045,,
Ec-02_002630,Esi_0259_0046,,
Ec-02_002680,Esi_0259_0047,,
Ec-12_002690,Esi_0260_0003,D7FTV8,CBJ31485.1
Ec-12_002700,Esi_0260_0005,D7FTV9,CBJ31486.1
Ec-12_002710,Esi_0260_0006,D7FTW0,CBJ31487.1
Ec-12_002740,Esi_0260_0007,D7FTW1,CBJ31488.1
Ec-12_002760,Esi_0260_0013,D7FTW2,CBJ31489.1
,Esi_0260_0026,D7FTW3,CBJ31490.1
Ec-12_002770,Esi_0260_0029,D7FTW4,CBJ31491.1
Ec-12_002780,Esi_0260_0031,D7FTW5,CBJ31492.1
Ec-12_002800,Esi_0260_0032,D7FTW6,CBJ31493.1
Ec-12_002810,Esi_0260_0036,D7FTW7,CBJ31494.1
Ec-12_002820,Esi_0260_0039,D7FTW8,CBJ31495.1
Ec-12_002830,Esi_0260_0040,D7FTW9,CBJ31496.1
Ec-12_002850,Esi_0260_0041,D7FTX0,CBJ31497.1
Ec-12_002790,Esi_0260_0046,,
Ec-12_002840,Esi_0260_0047,,
Ec-12_002720,Esi_0260_0048,,
Ec-12_002730,Esi_0260_0049,,
Ec-12_002750,Esi_0260_0050,,
Ec-07_002690,Esi_0261_0006,D7FTX1,CBJ31498.1
Ec-07_002710,Esi_0261_0009,D7FTX2,CBJ31499.1
Ec-07_002720,Esi_0261_0010,D7FTX3,CBJ31500.1
Ec-07_002730,Esi_0261_0012,D7FTX4,CBJ31501.1
Ec-07_002750,Esi_0261_0014,D7FTX5,CBJ31502.1
Ec-07_002760,Esi_0261_0016,D7FTX6,CBJ31503.1
Ec-07_002770,Esi_0261_0017,D7FTX7,CBJ31504.1
Ec-07_002780,Esi_0261_0018,D7FTX8,CBJ31505.1
Ec-07_002790,Esi_0261_0019,D7FTX9,CBJ31506.1
Ec-07_002800,Esi_0261_0021,D7FTY0,CBJ31507.1
Ec-07_002810,Esi_0261_0022,D7FTY1,CBJ31508.1
Ec-07_002820,Esi_0261_0024,D7FTY2,CBJ31509.1
Ec-07_002830,Esi_0261_0025,D7FTY3,CBJ31510.1
Ec-07_002840,Esi_0261_0028,D7FTY4,CBJ31511.1
Ec-07_002850,Esi_0261_0029,D7FTY5,CBJ31512.1
Ec-07_002860,Esi_0261_0031,D7FTY6,CBJ31513.1
Ec-07_002870,Esi_0261_0032,D7FTY7,CBJ31514.1
Ec-07_002880,Esi_0261_0033,D7FTY8,CBJ31515.1
Ec-07_002900,Esi_0261_0035,D7FTY9,CBJ31516.1
,Esi_0261_0036,D7FTZ0,CBJ31517.1
Ec-07_002910,Esi_0261_0040,D7FTZ1,CBJ31518.1
Ec-07_002700,Esi_0261_0048,,
Ec-07_002740,Esi_0261_0049,,
Ec-07_002670,Esi_0261_0050,,
Ec-07_002890,Esi_0261_0051,,
Ec-07_002680,Esi_0261_0052,,
Ec-11_003350,Esi_0262_0002,D7FTZ2,CBJ31519.1
Ec-11_003360,Esi_0262_0004,D7FTZ3,CBJ31520.1
Ec-11_003370,Esi_0262_0006,D7FTZ4,CBJ31521.1
Ec-11_003380,Esi_0262_0007,D7FTZ5,CBJ31522.1
Ec-11_003390,Esi_0262_0009,D7FTZ6,CBJ31523.1
Ec-11_003400,Esi_0262_0010,D7FTZ7,CBJ31524.1
Ec-11_003410,Esi_0262_0012,D7FTZ8,CBJ31525.1
Ec-11_003420,Esi_0262_0013,D7FTZ9,CBJ31526.1
Ec-11_003430,Esi_0262_0017,D7FU00,CBJ31527.1
Ec-11_003440,Esi_0262_0020,D7FU01,CBJ31528.1
Ec-11_003450,Esi_0262_0021,D7FU02,CBJ31529.1
,Esi_0262_0022,D7FU03,CBJ31530.1
Ec-11_003470,Esi_0262_0023,D7FU04,CBJ31531.1
Ec-11_003480,Esi_0262_0026,D7FU05,CBJ31532.1
Ec-11_003490,Esi_0262_0027,D7FU06,CBJ31533.1
Ec-11_003510,Esi_0262_0028,D7FU07,CBJ31534.1
nd,Esi_0262_0030,D7FU08,CBJ31535.1
Ec-11_003520,Esi_0262_0034,D7FU09,CBJ31536.1
Ec-11_003530,Esi_0262_0035,D7FU10,CBJ31537.1
Ec-11_003540,Esi_0262_0036,D7FU11,CBJ31538.1
Ec-11_003550,Esi_0262_0037,D7FU12,CBJ31539.1
Ec-11_003460,Esi_0262_0049,,
Ec-11_003500,Esi_0262_0050,,
Ec-11_003560,Esi_0262_0051,,
Ec-27_001050,Esi_0263_0012,D7FU13,CBJ31540.1
Ec-27_001060,Esi_0263_0014,D7FU14,CBJ31541.1
Ec-27_001070,Esi_0263_0016,D7FU15,CBJ31542.1
Ec-27_001080,Esi_0263_0017,D7FU16,CBJ31543.1
Ec-27_001100,Esi_0263_0019,D7FU17,CBJ31544.1
Ec-27_001110,Esi_0263_0021,D7FU18,CBJ31545.1
Ec-27_001120,Esi_0263_0022,D7FU19,CBJ31546.1
Ec-27_001130,Esi_0263_0023,D7FU20,CBJ31547.1
Ec-27_001140,Esi_0263_0025,D7FU21,CBJ31548.1
Ec-27_001150,Esi_0263_0028,D7FU22,CBJ31549.1
Ec-27_001160,Esi_0263_0030,D7FU23,CBJ31550.1
,Esi_0263_0031,D7FU24,CBJ31551.1
Ec-27_001170,Esi_0263_0033,D7FU25,CBJ31552.1
Ec-27_001180,Esi_0263_0034,D7FU26,CBJ31553.1
Ec-27_001190,Esi_0263_0036,D7FU27,CBJ31554.1
Ec-27_001200,Esi_0263_0037,D7FU28,CBJ31555.1
Ec-27_001210,Esi_0263_0039,D7FU29,CBJ31556.1
Ec-27_001220,Esi_0263_0040,D7FU30,CBJ31557.1
Ec-27_001230,Esi_0263_0041,D7FU31,CBJ31558.1
Ec-27_001240,Esi_0263_0042,D7FU32,CBJ31559.1
Ec-27_001090,Esi_0263_0047,,
Ec-27_001250,Esi_0263_0048,,
Ec-12_002910,Esi_0264_0002,D8LJQ7,CBN75977.1
Ec-12_002920,Esi_0264_0004,D8LJQ8,CBN75978.1
Ec-12_002930,Esi_0264_0005,D8LJQ9,CBN75979.1
Ec-12_002940,Esi_0264_0006,D8LJR0,CBN75980.1
Ec-12_002950,Esi_0264_0007,D8LJR1,CBN75981.1
Ec-12_002960,Esi_0264_0009,D8LJR2,CBN75982.1
Ec-12_002970,Esi_0264_0010,D8LJR3,CBN75983.1
Ec-12_002980,Esi_0264_0013,D8LJR4,CBN75984.1
Ec-12_002990,Esi_0264_0014,D8LJR5,CBN75985.1
Ec-12_003000,Esi_0264_0017,D8LJR6,CBN75986.1
Ec-12_003010,Esi_0264_0018,D8LJR7,CBN75987.1
Ec-12_003020,Esi_0264_0020,D8LJR8,CBN75988.1
Ec-12_003030,Esi_0264_0021,D8LJR9,CBN75989.1
Ec-12_003040,Esi_0264_0022,D8LJS0,CBN75990.1
Ec-12_003050,Esi_0264_0023,D8LJS1,CBN75991.1
Ec-12_003060,Esi_0264_0024,D8LJS2,CBN75992.1
Ec-12_003070,Esi_0264_0025,D8LJS3,CBN75993.1
Ec-12_003080,Esi_0264_0026,D8LJS4,CBN75994.1
Ec-12_003090,Esi_0264_0027,D8LJS5,CBN75995.1
Ec-12_003100,Esi_0264_0028,D8LJS6,CBN75996.1
Ec-12_003110,Esi_0264_0029,D8LJS7,CBN75997.1
Ec-12_003130,Esi_0264_0035,D8LJS9,CBN75999.1
Ec-12_003120,Esi_0264_0036,D8LJS8,CBN75998.1
Ec-25_000830,Esi_0265_0005,D7FU33,CBJ31560.1
Ec-25_000810,Esi_0265_0007,D7FU34,CBJ31561.1
Ec-25_000790,Esi_0265_0008,D7FU35,CBJ31562.1
Ec-25_000780,Esi_0265_0018,D7FU37,CBJ31564.1
Ec-25_000760,Esi_0265_0025,D7FU38,CBJ31565.1
Ec-25_000750,Esi_0265_0026,D7FU39,CBJ31566.1
Ec-25_000740,Esi_0265_0027,D7FU40,CBJ31567.1
Ec-25_000730,Esi_0265_0030,D7FU41,CBJ31568.1
Ec-25_000720,Esi_0265_0031,D7FU42,CBJ31569.1
Ec-25_000710,Esi_0265_0032,D7FU43,CBJ31570.1
nd,Esi_0265_0034,D7FU44,CBJ31571.1
Ec-25_000700,Esi_0265_0036,D7FU45,CBJ31572.1
Ec-25_000690,Esi_0265_0037,D7FU46,CBJ31573.1
Ec-25_000680,Esi_0265_0040,D7FU47,CBJ31574.1
Ec-25_000670,Esi_0265_0041,D7FU48,CBJ31575.1
Ec-25_000660,Esi_0265_0042,D7FU49,CBJ31576.1
Ec-25_000650,Esi_0265_0044,D7FU50,CBJ31577.1
Ec-25_000640,Esi_0265_0047,D7FU51,CBJ31578.1
Ec-25_000800,Esi_0265_0053,D7FU36,CBJ31563.1
Ec-25_000820,Esi_0265_0056,,
Ec-25_000770,Esi_0265_0057,,
Ec-13_003750,Esi_0266_0005,D7FU52,CBJ31579.1
Ec-13_003740,Esi_0266_0006,D7FU53,CBJ31580.1
Ec-13_003730,Esi_0266_0007,D7FU54,CBJ31581.1
Ec-13_003720,Esi_0266_0010,D7FU55,CBJ31582.1
,Esi_0266_0011,D7FU56,CBJ31583.1
Ec-13_003680,Esi_0266_0015,D7FU57,CBJ31584.1
Ec-13_003670,Esi_0266_0017,D7FU58,CBJ31585.1
Ec-13_003660,Esi_0266_0019,D7FU59,CBJ31586.1
Ec-13_003650,Esi_0266_0020,D7FU60,CBJ31587.1
Ec-13_003640,Esi_0266_0021,D7FU61,CBJ31588.1
Ec-13_003630,Esi_0266_0024,D7FU62,CBJ31589.1
Ec-13_003570,Esi_0266_0027,D7FU63,CBJ31590.1
,Esi_0266_0029,D7FU64,CBJ31591.1
Ec-13_003550,Esi_0266_0031,D7FU65,CBJ31592.1
Ec-13_003540,Esi_0266_0032,D7FU66,CBJ31593.1
Ec-13_003530,Esi_0266_0033,D7FU67,CBJ31594.1
Ec-13_003560,Esi_0266_0044,,
Ec-13_003590,Esi_0266_0045,,
Ec-13_003710,Esi_0266_0046,,
Ec-13_003700,Esi_0266_0047,,
Ec-13_003690,Esi_0266_0048,,
Ec-13_003620,Esi_0266_0049,,
Ec-13_003610,Esi_0266_0050,,
Ec-13_003600,Esi_0266_0051,,
Ec-13_003580,Esi_0266_0052,,
Ec-13_003770,Esi_0266_0053,,
Ec-13_003760,Esi_0266_0054,,
Ec-05_000160,Esi_0267_0002,D7FU68,CBJ31595.1
Ec-05_000170,Esi_0267_0005,D7FU69,CBJ31596.1
Ec-05_000180,Esi_0267_0011,D7FU70,CBJ31597.1
Ec-05_000200,Esi_0267_0024,D7FU71,CBJ31598.1
Ec-05_000210,Esi_0267_0058,,
Ec-05_000190,Esi_0267_0059,,
Ec-05_000220,Esi_0267_0060,,
Ec-05_000230,Esi_0267_0061,,
Ec-25_002980,Esi_0268_0001,D7FU72,CBJ31599.1
,Esi_0268_0006,D7FU73,CBJ31600.1
Ec-25_003000,Esi_0268_0007,D7FU74,CBJ31601.1
Ec-25_003010,Esi_0268_0008,D7FU75,CBJ31602.1
,Esi_0268_0009,D7FU76,CBJ31603.1
Ec-25_003020,Esi_0268_0010,D7FU77,CBJ31604.1
Ec-25_003030,Esi_0268_0013,D7FU78,CBJ31605.1
Ec-25_003040,Esi_0268_0014,D7FU79,CBJ31606.1
Ec-25_003070,Esi_0268_0018,D7FU80,CBJ31607.1
Ec-25_003090,Esi_0268_0021,D7FU81,CBJ31608.1
,Esi_0268_0022,D7FU82,CBJ31609.1
Ec-25_003100,Esi_0268_0023,D7FU83,CBJ31610.1
Ec-25_003110,Esi_0268_0025,D7FU84,CBJ31611.1
Ec-25_003120,Esi_0268_0026,D7FU85,CBJ31612.1
Ec-25_003130,Esi_0268_0028,D7FU86,CBJ31613.1
Ec-25_003140,Esi_0268_0029,D7FU87,CBJ31614.1
Ec-25_003150,Esi_0268_0030,D7FU88,CBJ31615.1
Ec-25_003160,Esi_0268_0033,D7FU89,CBJ31616.1
Ec-25_003170,Esi_0268_0035,D7FU90,CBJ31617.1
Ec-25_003080,Esi_0268_0039,,
Ec-25_003060,Esi_0268_0044,,
Ec-25_002990,Esi_0268_0045,,
Ec-25_003050,Esi_0268_0046,,
Ec-18_001320,Esi_0269_0004,D7FU91,CBJ31618.1
Ec-18_001330,Esi_0269_0006,D7FU92,CBJ31619.1
Ec-18_001340,Esi_0269_0007,D7FU93,CBJ31620.1
Ec-18_001350,Esi_0269_0010,D7FU94,CBJ31621.1
Ec-18_001370,Esi_0269_0012,D7FU95,CBJ31622.1
Ec-18_001380,Esi_0269_0013,D7FU96,CBJ31623.1
Ec-18_001400,Esi_0269_0014,D7FU97,CBJ31624.1
Ec-18_001410,Esi_0269_0015,D7FU98,CBJ31625.1
Ec-18_001420,Esi_0269_0016,D7FU99,CBJ31626.1
Ec-18_001430,Esi_0269_0017,D7FUA0,CBJ31627.1
Ec-18_001440,Esi_0269_0025,D7FUA1,CBJ31628.1
Ec-18_001450,Esi_0269_0028,D7FUA2,CBJ31629.1
Ec-18_001460,Esi_0269_0034,D7FUA3,CBJ31630.1
Ec-18_001470,Esi_0269_0037,,
Ec-18_001480,Esi_0269_0044,D7FUA5,CBJ31632.1
Ec-18_001390,Esi_0269_0045,,
Ec-18_001360,Esi_0269_0046,,
Ec-21_003770,Esi_0270_0002,D7FUH7,CBJ31633.1
,Esi_0270_0004,D7FUH8,CBJ31634.1
Ec-21_003780,Esi_0270_0005,D7FUH9,CBJ31635.1
Ec-21_003790,Esi_0270_0007,D7FUI0,CBJ31636.1
Ec-21_003800,Esi_0270_0009,D7FUI1,CBJ31637.1
Ec-21_003810,Esi_0270_0012,D7FUI2,CBJ31638.1
Ec-21_003820,Esi_0270_0013,D7FUI3,CBJ31639.1
Ec-21_003830,Esi_0270_0016,,
Ec-21_003840,Esi_0270_0017,D7FUI5,CBJ31641.1
Ec-21_003850,Esi_0270_0018,,
Ec-21_003860,Esi_0270_0021,D7FUI7,CBJ31643.1
Ec-21_003880,Esi_0270_0027,D7FUI8,CBJ31644.1
Ec-21_003890,Esi_0270_0028,D7FUI9,CBJ31645.1
Ec-21_003900,Esi_0270_0029,D7FUJ0,CBJ31646.1
Ec-21_003920,Esi_0270_0041,D7FUJ1,CBJ31647.1
Ec-21_003930,Esi_0270_0042,D7FUJ2,CBJ31648.1
Ec-21_003940,Esi_0270_0043,D7FUJ3,CBJ31649.1
Ec-21_003950,Esi_0270_0044,D7FUJ4,CBJ31650.1
,Esi_0270_0045,D7FUJ5,CBJ31651.1
Ec-21_003960,Esi_0270_0046,D7FUJ6,CBJ31652.1
Ec-21_003980,Esi_0270_0047,D7FUJ7,CBJ31653.1
Ec-21_004000,Esi_0270_0049,D7FUJ8,CBJ31654.1
Ec-21_003970,Esi_0270_0054,,
Ec-21_003910,Esi_0270_0057,,
Ec-21_003870,Esi_0270_0058,,
Ec-21_003990,Esi_0270_0059,,
Ec-23_000020,Esi_0271_0004,D8LJT0,CBN79596.1
Ec-23_000030,Esi_0271_0006,D8LJT1,CBN79597.1
,Esi_0271_0007,D8LJT2,CBN79598.1
Ec-23_000040,Esi_0271_0010,D8LJT3,CBN79599.1
Ec-23_000050,Esi_0271_0014,D8LJT4,CBN79600.1
Ec-23_000060,Esi_0271_0016,D8LJT5,CBN79601.1
Ec-23_000070,Esi_0271_0017,D8LJT6,CBN79602.1
Ec-23_000080,Esi_0271_0021,D8LJT7,CBN79603.1
Ec-23_000090,Esi_0271_0022,D8LJT8,CBN79604.1
Ec-23_000100,Esi_0271_0023,D8LJT9,CBN79605.1
Ec-23_000110,Esi_0271_0030,D8LJU0,CBN79606.1
Ec-23_000120,Esi_0271_0034,D8LJU1,CBN79607.1
Ec-23_000130,Esi_0271_0035,D8LJU2,CBN79608.2
Ec-23_000150,Esi_0271_0039,D8LJU3,CBN79609.1
Ec-23_000170,Esi_0271_0041,D8LJU4,CBN79610.1
Ec-23_000180,Esi_0271_0043,D8LJU5,CBN79611.1
Ec-23_000190,Esi_0271_0046,D8LJU6,CBN79612.1
Ec-23_000200,Esi_0271_0047,D8LJU7,CBN79613.1
Ec-23_000210,Esi_0271_0048,D8LJU8,CBN79614.1
Ec-23_000140,Esi_0271_0056,,
Ec-23_000160,Esi_0271_0057,,
Ec-23_000010,Esi_0271_0058,,
Ec-02_002980,Esi_0272_0016,D7FUJ9,CBJ31655.1
Ec-02_002970,Esi_0272_0021,D7FUK0,CBJ31656.1
Ec-02_002960,Esi_0272_0023,D7FUK1,CBJ31657.1
Ec-02_002940,Esi_0272_0024,D7FUK2,CBJ31658.1
Ec-02_002930,Esi_0272_0026,D7FUK3,CBJ31659.1
Ec-02_002920,Esi_0272_0028,D7FUK4,CBJ31660.1
Ec-02_002910,Esi_0272_0029,D7FUK5,CBJ31661.1
Ec-02_002900,Esi_0272_0034,D7FUK6,CBJ31662.1
Ec-02_002880,Esi_0272_0036,D7FUK7,CBJ31663.1
Ec-02_002870,Esi_0272_0037,D7FUK8,CBJ31664.1
Ec-02_002850,Esi_0272_0039,D7FUK9,CBJ31665.1
Ec-02_002840,Esi_0272_0041,D7FUL0,CBJ31666.1
Ec-02_002890,Esi_0272_0049,,
Ec-02_002990,Esi_0272_0050,,
Ec-02_002950,Esi_0272_0051,,
Ec-02_002860,Esi_0272_0052,,
Ec-13_004040,Esi_0273_0002,D7FUL1,CBJ31667.1
Ec-13_004050,Esi_0273_0006,D7FUL2,CBJ31668.1
Ec-13_004080,Esi_0273_0009,D7FUL3,CBJ31669.1
Ec-13_004130,Esi_0273_0017,D7FUL4,CBJ31670.1
Ec-13_004140,Esi_0273_0018,D7FUL5,CBJ31671.1
Ec-13_004150,Esi_0273_0019,D7FUL6,CBJ31672.1
Ec-13_004160,Esi_0273_0021,D7FUL7,CBJ31673.1
Ec-13_004170,Esi_0273_0022,D7FUL8,CBJ31674.1
Ec-13_004190,Esi_0273_0025,D7FUL9,CBJ31675.1
Ec-13_004200,Esi_0273_0028,D7FUM0,CBJ31676.1
Ec-13_004060,Esi_0273_0033,,
Ec-13_004110,Esi_0273_0034,,
Ec-13_004100,Esi_0273_0035,,
Ec-13_004090,Esi_0273_0036,,
Ec-13_004180,Esi_0273_0039,,
Ec-13_004070,Esi_0273_0040,,
Ec-13_004120,Esi_0273_0041,,
Ec-26_002300,Esi_0274_0001,D7FUN3,CBJ31677.1
Ec-26_002290,Esi_0274_0002,D7FUN4,CBJ31678.1
Ec-26_002280,Esi_0274_0003,D7FUN5,CBJ31679.1
Ec-26_002270,Esi_0274_0006,D7FUN6,CBJ31680.1
Ec-26_002260,Esi_0274_0009,D7FUN7,CBJ31681.1
Ec-26_002250,Esi_0274_0010,D7FUN8,CBJ31682.1
Ec-26_002240,Esi_0274_0011,D7FUN9,CBJ31683.1
Ec-26_002230,Esi_0274_0012,D7FUP0,CBJ31684.1
Ec-26_002220,Esi_0274_0014,D7FUP1,CBJ31685.1
Ec-26_002200,Esi_0274_0017,D7FUP2,CBJ31686.1
Ec-26_002190,Esi_0274_0019,D7FUP3,CBJ31687.1
nd,Esi_0274_0020,D7FUM1,CBJ31688.1
Ec-26_002180,Esi_0274_0023,D7FUM2,CBJ31689.1
Ec-26_002160,Esi_0274_0025,D7FUM3,CBJ31690.1
Ec-26_002150,Esi_0274_0027,D7FUM4,CBJ31691.1
Ec-26_002140,Esi_0274_0028,D7FUM5,CBJ31692.1
Ec-26_002130,Esi_0274_0029,D7FUM6,CBJ31693.1
Ec-26_002120,Esi_0274_0030,D7FUM7,CBJ31694.1
Ec-26_002110,Esi_0274_0033,,
Ec-26_002100,Esi_0274_0035,D7FUM9,CBJ31696.1
Ec-26_002090,Esi_0274_0036,D7FUN0,CBJ31697.1
Ec-26_002080,Esi_0274_0037,D7FUN1,CBJ31698.1
Ec-26_002070,Esi_0274_0038,D7FUN2,CBJ31699.1
Ec-26_002210,Esi_0274_0042,,
Ec-26_002170,Esi_0274_0043,,
Ec-13_000090,Esi_0275_0007,D7FUP4,CBJ31700.1
Ec-13_000100,Esi_0275_0011,D7FUP5,CBJ31701.1
Ec-13_000110,Esi_0275_0046,D7FUP6,CBJ31702.1
Ec-03_001530,Esi_0276_0016,D7FUP7,CBJ31703.1
Ec-03_001520,Esi_0276_0018,D7FUP8,CBJ31704.1
Ec-03_001510,Esi_0276_0021,D7FUP9,CBJ31705.1
Ec-03_001500,Esi_0276_0022,D7FUQ0,CBJ31706.1
Ec-03_001490,Esi_0276_0024,D7FUQ1,CBJ31707.1
Ec-03_001480,Esi_0276_0025,D7FUQ2,CBJ31708.1
Ec-03_001470,Esi_0276_0026,D7FUQ3,CBJ31709.1
Ec-03_001460,Esi_0276_0027,D7FUQ4,CBJ31710.1
Ec-03_001450,Esi_0276_0036,,
Ec-03_001440,Esi_0276_0037,,
Ec-03_001430,Esi_0276_0038,,
Ec-01_009760,Esi_0277_0002,D8LJU9,CBN76000.1
Ec-01_009770,Esi_0277_0003,D8LJV0,CBN76001.1
Ec-01_009780,Esi_0277_0005,D8LJV1,CBN76002.1
Ec-01_009790,Esi_0277_0007,D8LJV2,CBN76003.1
Ec-01_009800,Esi_0277_0009,D8LJV3,CBN76004.1
Ec-01_009810,Esi_0277_0013,D8LJV4,CBN76005.1
Ec-01_009820,Esi_0277_0014,D8LJV5,CBN76006.1
Ec-01_009830,Esi_0277_0015,D8LJV6,CBN76007.1
Ec-01_009850,Esi_0277_0016,D8LJV7,CBN76008.1
,Esi_0277_0020,D8LJV8,CBN76009.1
Ec-01_009860,Esi_0277_0021,D8LJV9,CBN76010.1
Ec-01_009870,Esi_0277_0022,D8LJW0,CBN76011.1
Ec-01_009880,Esi_0277_0023,D8LJW1,CBN76012.1
Ec-01_009890,Esi_0277_0024,D8LJW2,CBN76013.1
Ec-01_009900,Esi_0277_0025,D8LJW3,CBN76014.1
Ec-01_009910,Esi_0277_0026,D8LJW4,CBN76015.1
Ec-01_009920,Esi_0277_0028,D8LJW5,CBN76016.1
Ec-01_009930,Esi_0277_0029,D8LJW6,CBN76017.1
Ec-01_009940,Esi_0277_0030,D8LJW7,CBN76018.1
Ec-01_009960,Esi_0277_0035,D8LJW8,CBN76019.1
Ec-01_009970,Esi_0277_0037,D8LJW9,CBN76020.1
Ec-01_009980,Esi_0277_0038,D8LJX0,CBN76021.1
Ec-01_009990,Esi_0277_0040,D8LJX1,CBN76022.1
Ec-01_010010,Esi_0277_0043,D8LJX2,CBN76023.1
Ec-01_010020,Esi_0277_0044,D8LJX3,CBN76024.1
Ec-01_010000,Esi_0277_0048,,
Ec-01_009840,Esi_0277_0049,,
Ec-01_009950,Esi_0277_0050,,
Ec-01_010030,Esi_0277_0051,,
Ec-19_004310,Esi_0278_0001,D7FUQ5,CBJ31711.1
Ec-19_004300,Esi_0278_0003,D7FUQ6,CBJ31712.1
Ec-19_004290,Esi_0278_0005,D7FUQ7,CBJ31713.1
Ec-19_004280,Esi_0278_0006,D7FUQ8,CBJ31714.1
Ec-19_004270,Esi_0278_0008,D7FUQ9,CBJ31715.1
Ec-19_004260,Esi_0278_0009,D7FUR0,CBJ31716.1
Ec-19_004250,Esi_0278_0011,D7FUR1,CBJ31717.1
Ec-19_004240,Esi_0278_0013,D7FUR2,CBJ31718.1
Ec-19_004230,Esi_0278_0014,D7FUR3,CBJ31719.1
Ec-19_004220,Esi_0278_0019,D7FUR4,CBJ31720.1
Ec-19_004210,Esi_0278_0020,D7FUR5,CBJ31721.1
Ec-19_004200,Esi_0278_0022,D7FUR6,CBJ31722.1
Ec-19_004190,Esi_0278_0025,D7FUR7,CBJ31723.1
Ec-19_004180,Esi_0278_0026,D7FUR8,CBJ31724.1
Ec-19_004170,Esi_0278_0027,D7FUR9,CBJ31725.1
Ec-19_004160,Esi_0278_0030,,
Ec-19_004150,Esi_0278_0031,D7FUS1,CBJ31727.1
Ec-19_004130,Esi_0278_0032,D7FUS2,CBJ31728.1
Ec-19_004120,Esi_0278_0034,D7FUS3,CBJ31729.1
Ec-19_004110,Esi_0278_0040,D7FUS4,CBJ31730.1
Ec-19_004100,Esi_0278_0041,D7FUS5,CBJ31731.1
,Esi_0278_0042,D7FUS6,CBJ31732.1
Ec-19_004090,Esi_0278_0043,D7FUS7,CBJ31733.1
Ec-19_004140,Esi_0278_0048,,
Ec-19_004080,Esi_0278_0049,,
Ec-06_000850,Esi_0279_0001,D7FUS8,CBJ31734.1
Ec-06_000960,Esi_0279_0004,D7FUS9,CBJ31735.1
Ec-06_000970,Esi_0279_0006,D7FUT0,CBJ31736.1
Ec-06_000980,Esi_0279_0007,D7FUT1,CBJ31737.1
Ec-06_000990,Esi_0279_0008,D7FUT2,CBJ31738.1
Ec-06_001000,Esi_0279_0009,D7FUT3,CBJ31739.1
Ec-06_001010,Esi_0279_0010,D7FUT4,CBJ31740.1
Ec-06_001020,Esi_0279_0011,D7FUT5,CBJ31741.1
Ec-06_001040,Esi_0279_0018,D7FUT6,CBJ31742.1
Ec-06_001070,Esi_0279_0020,D7FUT7,CBJ31743.1
Ec-06_001080,Esi_0279_0021,D7FUT8,CBJ31744.1
Ec-06_001090,Esi_0279_0022,D7FUT9,CBJ31745.1
Ec-06_001100,Esi_0279_0023,D7FUU0,CBJ31746.1
Ec-06_001110,Esi_0279_0024,D7FUU1,CBJ31747.1
,Esi_0279_0025,D7FUU2,CBJ31748.1
Ec-06_001120,Esi_0279_0026,D7FUU3,CBJ31749.1
Ec-06_001130,Esi_0279_0027,D7FUU4,CBJ31750.1
Ec-06_001140,Esi_0279_0028,D7FUU5,CBJ31751.1
Ec-06_001150,Esi_0279_0030,D7FUU6,CBJ31752.1
Ec-06_001160,Esi_0279_0032,D7FUU7,CBJ31753.1
Ec-06_001170,Esi_0279_0034,D7FUU8,CBJ31754.1
Ec-06_001180,Esi_0279_0035,D7FUU9,CBJ31755.1
Ec-06_001190,Esi_0279_0036,D7FUV0,CBJ31756.1
Ec-06_001200,Esi_0279_0037,D7FUV1,CBJ31757.1
Ec-06_001210,Esi_0279_0039,D7FUV2,CBJ31758.1
Ec-06_001220,Esi_0279_0040,D7FUV3,CBJ31759.1
Ec-06_000860,Esi_0279_0043,,
Ec-06_000870,Esi_0279_0044,,
Ec-06_000880,Esi_0279_0045,,
Ec-06_000890,Esi_0279_0046,,
Ec-06_000900,Esi_0279_0047,,
Ec-06_000910,Esi_0279_0048,,
Ec-06_000920,Esi_0279_0049,,
Ec-06_000930,Esi_0279_0050,,
Ec-06_000940,Esi_0279_0051,,
Ec-06_000950,Esi_0279_0052,,
Ec-06_001050,Esi_0279_0053,,
Ec-06_001060,Esi_0279_0054,,
Ec-06_001030,Esi_0279_0055,,
Ec-26_004350,Esi_0280_0003,D7FUV4,CBJ31760.1
Ec-26_004360,Esi_0280_0004,D7FUV5,CBJ31761.1
,Esi_0280_0006,D7FUV6,CBJ31762.1
Ec-26_004370,Esi_0280_0009,D7FUV7,CBJ31763.1
Ec-26_004380,Esi_0280_0011,D7FUV8,CBJ31764.1
Ec-26_004390,Esi_0280_0012,D7FUV9,CBJ31765.1
Ec-26_004400,Esi_0280_0013,D7FUW0,CBJ31766.1
Ec-26_004410,Esi_0280_0014,D7FUW1,CBJ31767.1
Ec-26_004420,Esi_0280_0015,D7FUW2,CBJ31768.1
Ec-26_004430,Esi_0280_0016,D7FUW3,CBJ31769.1
Ec-26_004440,Esi_0280_0017,D7FUW4,CBJ31770.1
Ec-26_004450,Esi_0280_0019,D7FUW5,CBJ31771.1
Ec-26_004470,Esi_0280_0023,D7FUW6,CBJ31772.1
Ec-26_004480,Esi_0280_0026,D7FUW7,CBJ31773.1
Ec-26_004490,Esi_0280_0027,D7FUW8,CBJ31774.1
Ec-26_004500,Esi_0280_0031,D7FUW9,CBJ31775.1
Ec-26_004510,Esi_0280_0032,D7FUX0,CBJ31776.1
Ec-26_004520,Esi_0280_0033,D7FUX1,CBJ31777.1
Ec-26_004530,Esi_0280_0034,D7FUX2,CBJ31778.1
Ec-26_004550,Esi_0280_0039,D7FUX3,CBJ31779.1
Ec-26_004560,Esi_0280_0042,D7FUX4,CBJ31780.1
Ec-26_004540,Esi_0280_0046,,
Ec-26_004460,Esi_0280_0047,,
Ec-26_004570,Esi_0280_0048,,
Ec-08_002880,Esi_0281_0001,D8LK61,CBN76025.1
Ec-08_002890,Esi_0281_0003,D8LK62,CBN76026.1
Ec-08_002900,Esi_0281_0010,D8LK63,CBN76027.1
Ec-08_002910,Esi_0281_0013,D8LK64,CBN76028.1
Ec-08_002920,Esi_0281_0015,D8LK65,CBN76029.1
Ec-08_002930,Esi_0281_0016,D8LK66,CBN76030.1
Ec-08_002950,Esi_0281_0018,D8LK67,CBN76031.1
Ec-08_002960,Esi_0281_0023,D8LK68,CBN76032.1
Ec-08_002970,Esi_0281_0033,D8LK70,CBN76034.1
,Esi_0281_0034,D8LK71,CBN76035.1
Ec-08_002980,Esi_0281_0036,D8LK72,CBN76036.1
Ec-08_002990,Esi_0281_0037,D8LK73,CBN76037.1
Ec-08_003000,Esi_0281_0040,D8LK74,CBN76038.1
Ec-08_003010,Esi_0281_0042,D8LK75,CBN76039.1
Ec-08_003020,Esi_0281_0043,D8LK76,CBN76040.1
Ec-08_003030,Esi_0281_0044,D8LK77,CBN76041.1
Ec-08_003040,Esi_0281_0045,D8LK78,CBN76042.1
Ec-08_003090,Esi_0281_0046,D8LK79,CBN76043.1
Ec-08_003100,Esi_0281_0047,D8LK80,CBN76044.1
Ec-08_003060,Esi_0281_0051,,
Ec-08_003070,Esi_0281_0052,,
Ec-08_003080,Esi_0281_0053,,
,Esi_0281_0054,D8LK69,CBN76033.1
Ec-08_002940,Esi_0281_0055,,
Ec-08_003050,Esi_0281_0056,,
Ec-01_008550,Esi_0282_0003,D7FUX5,CBJ31781.1
Ec-01_008560,Esi_0282_0006,D7FUX6,CBJ31782.1
Ec-01_008570,Esi_0282_0008,D7FUX7,CBJ31783.1
Ec-01_008580,Esi_0282_0009,D7FUX8,CBJ31784.1
Ec-01_008590,Esi_0282_0011,D7FUX9,CBJ31785.1
Ec-01_008610,Esi_0282_0012,D7FUY0,CBJ31786.1
Ec-01_008620,Esi_0282_0013,D7FUY1,CBJ31787.1
Ec-01_008630,Esi_0282_0014,D7FUY2,CBJ31788.1
Ec-01_008640,Esi_0282_0015,D7FUY3,CBJ31789.1
Ec-01_008650,Esi_0282_0016,D7FUY4,CBJ31790.1
Ec-01_008660,Esi_0282_0017,D7FUY5,CBJ31791.1
Ec-01_008670,Esi_0282_0019,D7FUY6,CBJ31792.1
Ec-01_008680,Esi_0282_0020,D7FUY7,CBJ31793.1
Ec-01_008690,Esi_0282_0021,D7FUY8,CBJ31794.1
Ec-01_008710,Esi_0282_0025,D7FUY9,CBJ31795.1
Ec-01_008720,Esi_0282_0026,D7FUZ0,CBJ31796.1
Ec-01_008730,Esi_0282_0027,D7FUZ1,CBJ31797.1
Ec-01_008740,Esi_0282_0028,D7FUZ2,CBJ31798.1
,Esi_0282_0030,D7FUZ3,CBJ31799.1
,Esi_0282_0032,D7FUZ4,CBJ31800.1
Ec-01_008750,Esi_0282_0036,D7FUZ5,CBJ31801.1
Ec-01_008760,Esi_0282_0037,D7FUZ6,CBJ31802.1
Ec-01_008700,Esi_0282_0039,,
Ec-01_008540,Esi_0282_0040,,
Ec-01_008770,Esi_0282_0041,,
Ec-01_008600,Esi_0282_0042,,
Ec-16_002380,Esi_0283_0002,D8LK81,CBN79615.1
Ec-16_002390,Esi_0283_0003,D8LK82,CBN79616.1
Ec-16_002400,Esi_0283_0004,D8LK83,CBN79617.1
Ec-16_002410,Esi_0283_0005,D8LK84,CBN79618.1
Ec-16_002420,Esi_0283_0006,D8LK85,CBN79619.1
Ec-16_002430,Esi_0283_0007,D8LK86,CBN79620.1
Ec-16_002440,Esi_0283_0009,D8LK87,CBN79621.1
Ec-16_002470,Esi_0283_0013,D8LK88,CBN79622.1
Ec-16_002480,Esi_0283_0015,D8LK89,CBN79623.1
Ec-16_002490,Esi_0283_0017,D8LK90,CBN79624.1
Ec-16_002500,Esi_0283_0018,D8LK91,CBN79625.1
Ec-16_002520,Esi_0283_0019,D8LK92,CBN79626.1
Ec-16_002530,Esi_0283_0021,D8LK93,CBN79627.2
Ec-16_002540,Esi_0283_0022,D8LK94,CBN79628.1
Ec-16_002550,Esi_0283_0026,D8LK95,CBN79629.1
Ec-16_002560,Esi_0283_0027,D8LK96,CBN79630.1
Ec-16_002590,Esi_0283_0028,D8LK97,CBN79631.1
Ec-16_002610,Esi_0283_0029,D8LK98,CBN79632.1
Ec-16_002630,Esi_0283_0033,D8LK99,CBN79633.1
Ec-16_002450,Esi_0283_0039,,
Ec-16_002460,Esi_0283_0040,,
Ec-16_002510,Esi_0283_0041,,
Ec-16_002570,Esi_0283_0042,,
Ec-16_002580,Esi_0283_0043,,
Ec-16_002600,Esi_0283_0044,,
Ec-16_002620,Esi_0283_0045,,
Ec-00_003860,Esi_0284_0007,D7FUZ7,CBJ31803.1
Ec-00_003870,Esi_0284_0008,D7FUZ8,CBJ31804.1
Ec-00_003880,Esi_0284_0014,D7FUZ9,CBJ31805.1
Ec-00_003890,Esi_0284_0018,D7FV00,CBJ31806.1
Ec-00_003910,Esi_0284_0035,D7FV01,CBJ31807.1
Ec-00_003920,Esi_0284_0036,D7FV02,CBJ31808.1
Ec-00_003900,Esi_0284_0050,,
Ec-13_002040,Esi_0285_0001,D7FV03,CBJ31809.1
Ec-13_002060,Esi_0285_0010,D7FV04,CBJ31810.1
,Esi_0285_0012,D7FV05,CBJ31811.1
Ec-13_002070,Esi_0285_0020,D7FV06,CBJ31812.1
Ec-13_002080,Esi_0285_0022,D7FV07,CBJ31813.1
Ec-13_002090,Esi_0285_0025,D7FV08,CBJ31814.1
Ec-13_002100,Esi_0285_0026,D7FV09,CBJ31815.1
Ec-13_002110,Esi_0285_0027,D7FV10,CBJ31816.1
,Esi_0285_0028,D7FV11,CBJ31817.1
,Esi_0285_0030,D7FV12,CBJ31818.1
Ec-13_002120,Esi_0285_0031,D7FV13,CBJ31819.1
Ec-13_002130,Esi_0285_0035,,
Ec-13_002050,Esi_0285_0038,,
Ec-14_003790,Esi_0286_0006,D7FV14,CBJ31820.1
Ec-14_003800,Esi_0286_0007,D7FV15,CBJ31821.1
Ec-14_003810,Esi_0286_0008,D7FV16,CBJ31822.1
Ec-14_003830,Esi_0286_0011,D7FV17,CBJ31823.1
Ec-14_003840,Esi_0286_0013,D7FV18,CBJ31824.1
Ec-14_003850,Esi_0286_0014,D7FV19,CBJ31825.1
,Esi_0286_0015,D7FV20,CBJ31826.1
Ec-14_003860,Esi_0286_0019,D7FV21,CBJ31827.1
Ec-14_003870,Esi_0286_0020,D7FV22,CBJ31828.1
Ec-14_003880,Esi_0286_0022,D7FV23,CBJ31829.1
Ec-14_003890,Esi_0286_0024,D7FV24,CBJ31830.1
Ec-14_003900,Esi_0286_0025,D7FV25,CBJ31831.1
Ec-14_003910,Esi_0286_0027,D7FV26,CBJ31832.1
Ec-14_003920,Esi_0286_0029,D7FV27,CBJ31833.1
Ec-14_003930,Esi_0286_0030,D7FV28,CBJ31834.1
Ec-14_003940,Esi_0286_0040,D7FV29,CBJ31835.1
Ec-14_003950,Esi_0286_0041,D7FV30,CBJ31836.1
Ec-14_003960,Esi_0286_0051,,
Ec-14_003820,Esi_0286_0052,,
Ec-12_004950,Esi_0287_0003,D7FV31,CBJ31837.1
Ec-12_004980,Esi_0287_0007,D7FV32,CBJ31838.1
Ec-12_004990,Esi_0287_0008,D7FV33,CBJ31839.1
Ec-12_005000,Esi_0287_0010,D7FV34,CBJ31840.1
Ec-12_005020,Esi_0287_0011,D7FV35,CBJ31841.1
Ec-12_005030,Esi_0287_0013,D7FV36,CBJ31842.1
Ec-12_005040,Esi_0287_0014,D7FV37,CBJ31843.1
Ec-12_005050,Esi_0287_0018,D7FV38,CBJ31844.1
Ec-12_005060,Esi_0287_0019,D7FV39,CBJ31845.1
Ec-12_005070,Esi_0287_0021,D7FV40,CBJ31846.1
Ec-12_005080,Esi_0287_0022,D7FV41,CBJ31847.1
Ec-12_005090,Esi_0287_0025,D7FV42,CBJ31848.1
Ec-12_005100,Esi_0287_0029,D7FV43,CBJ31849.1
Ec-12_005110,Esi_0287_0030,D7FV44,CBJ31850.1
Ec-12_005120,Esi_0287_0031,D7FV45,CBJ31851.1
Ec-12_005130,Esi_0287_0032,D7FV46,CBJ31852.1
,Esi_0287_0034,D7FV47,CBJ31853.1
Ec-12_005140,Esi_0287_0038,D7FV48,CBJ31854.1
Ec-12_005150,Esi_0287_0039,D7FV49,CBJ31855.1
Ec-12_005160,Esi_0287_0043,D7FV50,CBJ31856.1
Ec-12_004960,Esi_0287_0044,,
Ec-12_004970,Esi_0287_0048,,
Ec-12_005010,Esi_0287_0049,,
Ec-05_000110,Esi_0288_0038,,
Ec-05_000120,Esi_0288_0039,,
Ec-05_000140,Esi_0288_0040,,
Ec-05_000150,Esi_0288_0041,,
Ec-05_000090,Esi_0288_0042,,
Ec-05_000100,Esi_0288_0043,,
Ec-05_000130,Esi_0288_0044,,
Ec-12_007530,Esi_0289_0003,D7FV51,CBJ31857.1
Ec-12_007510,Esi_0289_0007,D7FV52,CBJ31858.1
Ec-12_007500,Esi_0289_0008,D7FV53,CBJ31859.1
Ec-12_007490,Esi_0289_0009,D7FV54,CBJ31860.1
Ec-12_007480,Esi_0289_0010,D7FV55,CBJ31861.1
,Esi_0289_0012,D7FV56,CBJ31862.1
Ec-12_007470,Esi_0289_0013,D7FV57,CBJ31863.1
Ec-12_007460,Esi_0289_0014,D7FV58,CBJ31864.1
Ec-12_007450,Esi_0289_0016,D7FV59,CBJ31865.1
Ec-12_007440,Esi_0289_0017,D7FV60,CBJ31866.1
Ec-12_007410,Esi_0289_0023,D7FV61,CBJ31867.1
Ec-12_007400,Esi_0289_0024,D7FV62,CBJ31868.1
Ec-12_007390,Esi_0289_0025,D7FV63,CBJ31869.1
Ec-12_007380,Esi_0289_0026,D7FV64,CBJ31870.1
,Esi_0289_0027,D7FV65,CBJ31871.1
Ec-12_007370,Esi_0289_0029,D7FV66,CBJ31872.1
Ec-12_007360,Esi_0289_0030,D7FV67,CBJ31873.1
Ec-12_007350,Esi_0289_0033,D7FV68,CBJ31874.1
Ec-12_007340,Esi_0289_0035,D7FV69,CBJ31875.1
Ec-12_007330,Esi_0289_0036,D7FV70,CBJ31876.1
Ec-12_007320,Esi_0289_0037,D7FV71,CBJ31877.1
Ec-12_007310,Esi_0289_0038,D7FV72,CBJ31878.1
Ec-12_007300,Esi_0289_0041,D7FV73,CBJ31879.1
Ec-12_007290,Esi_0289_0042,D7FV74,CBJ31880.1
Ec-12_007520,Esi_0289_0048,,
Ec-12_007430,Esi_0289_0049,,
Ec-12_007420,Esi_0289_0050,,
Ec-09_000950,Esi_0290_0002,D7FVG0,CBJ31881.1
Ec-09_000960,Esi_0290_0003,D7FVG1,CBJ31882.1
Ec-09_000970,Esi_0290_0004,D7FVG2,CBJ31883.1
Ec-09_000980,Esi_0290_0005,D7FVG3,CBJ31884.1
Ec-09_000990,Esi_0290_0007,D7FVG4,CBJ31885.1
Ec-09_001000,Esi_0290_0010,D7FVG5,CBJ31886.1
Ec-09_001010,Esi_0290_0013,D7FVG6,CBJ31887.1
Ec-09_001020,Esi_0290_0015,D7FVG7,CBJ31888.1
Ec-09_001030,Esi_0290_0019,D7FVG8,CBJ31889.1
Ec-09_001040,Esi_0290_0020,D7FVG9,CBJ31890.1
Ec-09_001050,Esi_0290_0022,D7FVH0,CBJ31891.1
Ec-09_001060,Esi_0290_0023,D7FVH1,CBJ31892.1
Ec-09_001070,Esi_0290_0026,D7FVH2,CBJ31893.1
Ec-09_001080,Esi_0290_0028,D7FVH3,CBJ31894.1
Ec-09_001090,Esi_0290_0030,D7FVH4,CBJ31895.1
Ec-09_001100,Esi_0290_0033,D7FVH5,CBJ31896.1
Ec-09_001110,Esi_0290_0034,D7FVH6,CBJ31897.1
Ec-09_001120,Esi_0290_0035,D7FVH7,CBJ31898.1
Ec-09_001130,Esi_0290_0037,D7FVH8,CBJ31899.1
Ec-05_005920,Esi_0291_0002,D7FVH9,CBJ31900.1
Ec-05_005930,Esi_0291_0005,D7FVI0,CBJ31901.1
,Esi_0291_0007,D7FVI1,CBJ31902.1
Ec-05_005940,Esi_0291_0008,D7FVI2,CBJ31903.1
Ec-05_005950,Esi_0291_0009,D7FVI3,CBJ31904.1
Ec-05_005960,Esi_0291_0010,D7FVI4,CBJ31905.1
Ec-05_005970,Esi_0291_0011,D7FVI5,CBJ31906.1
Ec-05_005980,Esi_0291_0012,D7FVI6,CBJ31907.1
Ec-05_005990,Esi_0291_0016,D7FVI7,CBJ31908.1
Ec-05_006010,Esi_0291_0021,D7FVI8,CBJ31909.1
Ec-05_006020,Esi_0291_0022,D7FVI9,CBJ31910.1
Ec-05_006040,Esi_0291_0031,D7FVJ0,CBJ31911.1
Ec-05_006050,Esi_0291_0032,D7FVJ1,CBJ31912.1
,Esi_0291_0033,D7FVJ2,CBJ31913.1
Ec-05_006060,Esi_0291_0034,D7FVJ3,CBJ31914.1
Ec-05_006070,Esi_0291_0035,D7FVJ4,CBJ31915.1
Ec-05_006000,Esi_0291_0040,,
Ec-05_006030,Esi_0291_0041,,
Ec-01_009480,Esi_0292_0001,D8LKA0,CBN76045.1
Ec-01_009500,Esi_0292_0004,D8LKA1,CBN76046.1
Ec-01_009510,Esi_0292_0005,D8LKA2,CBN76047.1
Ec-01_009520,Esi_0292_0006,D8LKA3,CBN76048.1
Ec-01_009530,Esi_0292_0007,D8LKA4,CBN76049.1
Ec-01_009540,Esi_0292_0008,D8LKA5,CBN76050.1
Ec-01_009550,Esi_0292_0009,D8LKA6,CBN76051.1
Ec-01_009560,Esi_0292_0011,D8LKA7,CBN76052.1
Ec-01_009570,Esi_0292_0012,D8LKA8,CBN76053.1
Ec-01_009590,Esi_0292_0013,D8LKA9,CBN76054.1
Ec-01_009600,Esi_0292_0014,D8LKB0,CBN76055.1
,Esi_0292_0015,D8LKB1,CBN76056.1
Ec-01_009610,Esi_0292_0017,D8LKB2,CBN76057.1
Ec-01_009620,Esi_0292_0018,D8LKB3,CBN76058.1
Ec-01_009630,Esi_0292_0022,D8LKB4,CBN76059.1
Ec-01_009640,Esi_0292_0023,D8LKB5,CBN76060.1
Ec-01_009650,Esi_0292_0026,D8LKB6,CBN76061.1
Ec-01_009660,Esi_0292_0029,D8LKB7,CBN76062.1
Ec-01_009670,Esi_0292_0030,D8LKB8,CBN76063.1
Ec-01_009690,Esi_0292_0032,D8LKB9,CBN76064.1
Ec-01_009700,Esi_0292_0033,D8LKC0,CBN76065.1
Ec-01_009710,Esi_0292_0034,D8LKC1,CBN76066.1
,Esi_0292_0035,D8LKC2,CBN76067.1
Ec-01_009720,Esi_0292_0036,D8LKC3,CBN76068.1
Ec-01_009730,Esi_0292_0038,D8LKC4,CBN76069.1
Ec-01_009740,Esi_0292_0039,D8LKC5,CBN76070.1
Ec-01_009750,Esi_0292_0040,D8LKC6,CBN76071.1
Ec-01_009680,Esi_0292_0043,,
Ec-01_009580,Esi_0292_0044,,
Ec-01_009490,Esi_0292_0045,,
Ec-05_001290,Esi_0293_0002,D8LKC7,CBN76072.1
Ec-05_001270,Esi_0293_0004,D8LKC8,CBN76073.1
Ec-05_001250,Esi_0293_0005,D8LKC9,CBN76074.1
Ec-05_001240,Esi_0293_0008,D8LKD0,CBN76075.1
Ec-05_001230,Esi_0293_0010,D8LKD1,CBN76076.1
,Esi_0293_0012,D8LKD2,CBN76077.1
Ec-05_001200,Esi_0293_0014,D8LKD3,CBN76078.1
Ec-05_001190,Esi_0293_0017,D8LKD4,CBN76079.1
Ec-05_001170,Esi_0293_0025,D8LKD5,CBN76080.1
Ec-05_001160,Esi_0293_0027,D8LKD6,CBN76081.1
Ec-05_001140,Esi_0293_0031,D8LKD7,CBN76082.1
Ec-05_001130,Esi_0293_0032,D8LKD8,CBN76083.1
Ec-05_001120,Esi_0293_0038,D8LKD9,CBN76084.1
Ec-05_001260,Esi_0293_0041,,
Ec-05_001180,Esi_0293_0042,,
Ec-05_001150,Esi_0293_0043,,
Ec-05_001280,Esi_0293_0044,,
Ec-05_001220,Esi_0293_0045,,
Ec-05_001210,Esi_0293_0046,,
Ec-15_003540,Esi_0294_0009,D7FVJ5,CBJ31916.1
Ec-15_003550,Esi_0294_0010,D7FVJ6,CBJ31917.1
Ec-15_003560,Esi_0294_0013,D7FVJ7,CBJ31918.1
Ec-15_003570,Esi_0294_0015,D7FVJ8,CBJ31919.1
Ec-15_003580,Esi_0294_0016,D7FVJ9,CBJ31920.1
Ec-15_003590,Esi_0294_0018,D7FVK0,CBJ31921.1
Ec-15_003600,Esi_0294_0020,D7FVK1,CBJ31922.1
Ec-15_003610,Esi_0294_0021,D7FVK2,CBJ31923.1
Ec-15_003620,Esi_0294_0022,D7FVK3,CBJ31924.1
Ec-15_003630,Esi_0294_0023,D7FVK4,CBJ31925.1
Ec-15_003640,Esi_0294_0024,D7FVK5,CBJ31926.1
Ec-15_003650,Esi_0294_0026,D7FVK6,CBJ31927.1
Ec-15_003660,Esi_0294_0028,D7FVK7,CBJ31928.1
Ec-15_003670,Esi_0294_0029,D7FVK8,CBJ31929.1
Ec-15_003680,Esi_0294_0031,D7FVK9,CBJ31930.1
Ec-15_003690,Esi_0294_0033,D7FVL0,CBJ31931.1
Ec-15_003700,Esi_0294_0035,D7FVL1,CBJ31932.1
Ec-15_003720,Esi_0294_0036,D7FVL2,CBJ31933.1
Ec-15_003730,Esi_0294_0037,D7FVL3,CBJ31934.1
Ec-15_003710,Esi_0294_0040,,
Ec-01_009310,Esi_0295_0001,D7FVL4,CBJ31935.1
Ec-01_009320,Esi_0295_0012,D7FVL5,CBJ31936.1
Ec-01_009330,Esi_0295_0017,D7FVL6,CBJ31937.1
Ec-01_009340,Esi_0295_0020,D7FVL7,CBJ31938.1
Ec-01_009350,Esi_0295_0021,D7FVL8,CBJ31939.1
Ec-01_009360,Esi_0295_0024,D7FVL9,CBJ31940.1
Ec-01_009390,Esi_0295_0026,D7FVM0,CBJ31941.1
Ec-01_009400,Esi_0295_0027,D7FVM1,CBJ31942.1
Ec-01_009410,Esi_0295_0030,D7FVM2,CBJ31943.1
Ec-01_009420,Esi_0295_0036,D7FVM3,CBJ31944.1
Ec-01_009440,Esi_0295_0041,D7FVM4,CBJ31945.1
Ec-01_009450,Esi_0295_0043,D7FVM5,CBJ31946.1
Ec-01_009460,Esi_0295_0044,D7FVM6,CBJ31947.1
Ec-01_009380,Esi_0295_0047,,
Ec-01_009370,Esi_0295_0048,,
Ec-01_009430,Esi_0295_0049,,
Ec-13_000060,Esi_0296_0008,D7FVM7,CBJ31948.1
Ec-13_000070,Esi_0296_0009,D7FVM8,CBJ31949.1
Ec-13_000080,Esi_0296_0014,D7FVM9,CBJ31950.1
Ec-13_000050,Esi_0296_0041,,
Ec-01_006110,Esi_0297_0001,D7FVN0,CBJ31951.1
Ec-01_006100,Esi_0297_0002,D7FVN1,CBJ31952.1
Ec-01_006090,Esi_0297_0004,D7FVN2,CBJ31953.1
Ec-01_006080,Esi_0297_0005,D7FVN3,CBJ31954.1
Ec-01_006070,Esi_0297_0006,D7FVN4,CBJ31955.1
,Esi_0297_0008,D7FVN5,CBJ31956.1
Ec-01_006060,Esi_0297_0011,D7FVN6,CBJ31957.1
,Esi_0297_0013,D7FVN7,CBJ31958.1
Ec-01_006050,Esi_0297_0014,D7FVN8,CBJ31959.1
Ec-01_006040,Esi_0297_0017,D7FVN9,CBJ31960.1
Ec-01_006030,Esi_0297_0018,D7FVP0,CBJ31961.1
Ec-01_006020,Esi_0297_0020,D7FVP1,CBJ31962.1
Ec-01_006010,Esi_0297_0025,D7FVP2,CBJ31963.1
Ec-01_006000,Esi_0297_0026,D7FVP3,CBJ31964.1
Ec-01_005990,Esi_0297_0027,D7FVP4,CBJ31965.1
Ec-01_005980,Esi_0297_0028,D7FVP5,CBJ31966.1
Ec-01_005970,Esi_0297_0030,D7FVP6,CBJ31967.1
Ec-01_005960,Esi_0297_0033,D7FVP7,CBJ31968.1
,Esi_0297_0035,D7FVP8,CBJ31969.1
Ec-01_005950,Esi_0297_0037,D7FVP9,CBJ31970.1
Ec-01_005940,Esi_0297_0038,D7FVQ0,CBJ31971.1
Ec-01_005930,Esi_0297_0039,D7FVQ1,CBJ31972.1
Ec-01_005920,Esi_0297_0041,D7FVQ2,CBJ31973.1
Ec-01_006130,Esi_0297_0046,,
Ec-01_006120,Esi_0297_0047,,
Ec-03_003160,Esi_0298_0001,D7FVQ9,CBJ31974.1
Ec-03_003170,Esi_0298_0002,D7FVR0,CBJ31975.1
Ec-03_003180,Esi_0298_0004,D7FVR1,CBJ31976.1
Ec-03_003200,Esi_0298_0007,D7FVR2,CBJ31977.1
Ec-03_003210,Esi_0298_0008,D7FVR3,CBJ31978.1
Ec-03_003220,Esi_0298_0010,D7FVR4,CBJ31979.1
Ec-03_003240,Esi_0298_0013,D7FVR5,CBJ31980.1
Ec-03_003250,Esi_0298_0014,D7FVR6,CBJ31981.1
Ec-03_003260,Esi_0298_0016,D7FVR7,CBJ31982.1
Ec-03_003270,Esi_0298_0018,D7FVR8,CBJ31983.1
Ec-03_003280,Esi_0298_0019,D7FVR9,CBJ31984.1
Ec-03_003290,Esi_0298_0020,D7FVS0,CBJ31985.1
Ec-03_003300,Esi_0298_0021,D7FVS1,CBJ31986.1
Ec-03_003310,Esi_0298_0022,D7FVQ3,CBJ31987.1
Ec-03_003320,Esi_0298_0023,D7FVQ4,CBJ31988.1
Ec-03_003330,Esi_0298_0026,D7FVQ5,CBJ31989.1
Ec-03_003340,Esi_0298_0027,D7FVQ6,CBJ31990.1
Ec-03_003360,Esi_0298_0028,D7FVQ7,CBJ31991.1
Ec-03_003380,Esi_0298_0030,D7FVQ8,CBJ31992.1
Ec-03_003230,Esi_0298_0038,,
Ec-03_003350,Esi_0298_0039,,
Ec-03_003370,Esi_0298_0040,,
Ec-03_003390,Esi_0298_0041,,
Ec-03_003190,Esi_0298_0042,,
Ec-00_003930,Esi_0299_0004,D7FVS2,CBJ31993.1
Ec-00_003940,Esi_0299_0005,D7FVS3,CBJ31994.1
Ec-00_003950,Esi_0299_0024,D7FVS4,CBJ31995.1
Ec-00_003960,Esi_0299_0049,,
Ec-25_003660,Esi_0300_0002,D7FWA8,CBJ31996.1
Ec-25_003670,Esi_0300_0003,D7FWA9,CBJ31997.1
Ec-25_003680,Esi_0300_0004,D7FWB0,CBJ31998.1
Ec-25_003710,Esi_0300_0006,D7FWB1,CBJ31999.1
Ec-25_003720,Esi_0300_0007,D7FWB2,CBJ32000.1
Ec-25_003730,Esi_0300_0008,D7FWB3,CBJ32001.1
Ec-25_003740,Esi_0300_0009,D7FWB4,CBJ32002.1
Ec-25_003760,Esi_0300_0012,D7FWB5,CBJ32003.1
Ec-25_003770,Esi_0300_0013,D7FWB6,CBJ32004.1
Ec-25_003780,Esi_0300_0016,D7FWB7,CBJ32005.1
Ec-25_003790,Esi_0300_0017,D7FWB8,CBJ32006.1
Ec-25_003800,Esi_0300_0018,D7FWB9,CBJ32007.1
Ec-25_003810,Esi_0300_0019,D7FWC0,CBJ32008.1
,Esi_0300_0024,D7FWC1,CBJ32009.1
Ec-25_003750,Esi_0300_0034,,
Ec-25_003690,Esi_0300_0035,,
Ec-25_003700,Esi_0300_0036,,
Ec-03_000980,Esi_0301_0001,D8LKN5,CBN79634.1
Ec-03_000990,Esi_0301_0005,D8LKN6,CBN79635.1
Ec-03_001000,Esi_0301_0006,D8LKN7,CBN79636.1
Ec-03_001010,Esi_0301_0009,D8LKN8,CBN79637.1
Ec-03_001020,Esi_0301_0010,D8LKN9,CBN79638.1
Ec-03_001040,Esi_0301_0014,D8LKP0,CBN79639.2
Ec-03_001050,Esi_0301_0015,D8LKP1,CBN79640.1
obsolete,Esi_0301_0018,D8LKP2,CBN79641.1
Ec-03_001070,Esi_0301_0020,D8LKP3,CBN79642.1
Ec-03_001080,Esi_0301_0021,D8LKP4,CBN79643.1
Ec-03_001090,Esi_0301_0022,D8LKP5,CBN79644.1
,Esi_0301_0023,D8LKP6,CBN79645.1
Ec-03_001100,Esi_0301_0024,D8LKP7,CBN79646.1
Ec-03_001110,Esi_0301_0027,D8LKP8,CBN79647.1
Ec-03_001120,Esi_0301_0031,D8LKP9,CBN79648.1
Ec-03_001060,Esi_0301_0037,,
Ec-03_001030,Esi_0301_0038,,
Ec-25_000450,Esi_0302_0001,D7FWC2,CBJ32010.1
Ec-25_000470,Esi_0302_0002,D7FWC3,CBJ32011.1
Ec-25_000480,Esi_0302_0006,D7FWC4,CBJ32012.1
Ec-25_000490,Esi_0302_0008,D7FWC5,CBJ32013.1
Ec-25_000500,Esi_0302_0014,D7FWC6,CBJ32014.1
Ec-25_000510,Esi_0302_0017,D7FWC7,CBJ32015.1
,Esi_0302_0018,D7FWC8,CBJ32016.1
Ec-25_000520,Esi_0302_0019,D7FWC9,CBJ32017.1
Ec-25_000550,Esi_0302_0021,D7FWD0,CBJ32018.1
Ec-25_000560,Esi_0302_0022,D7FWD1,CBJ32019.1
Ec-25_000570,Esi_0302_0023,D7FWD2,CBJ32020.1
Ec-25_000580,Esi_0302_0024,D7FWD3,CBJ32021.1
Ec-25_000590,Esi_0302_0026,D7FWD4,CBJ32022.1
Ec-25_000600,Esi_0302_0027,D7FWD5,CBJ32023.1
Ec-25_000460,Esi_0302_0030,,
Ec-25_000530,Esi_0302_0031,,
Ec-25_000540,Esi_0302_0032,,
Ec-09_004080,Esi_0303_0001,D7FWD6,CBJ32024.1
Ec-09_004070,Esi_0303_0004,D7FWD7,CBJ32025.1
Ec-09_004060,Esi_0303_0006,D7FWD8,CBJ32026.1
Ec-09_004050,Esi_0303_0007,D7FWD9,CBJ32027.1
Ec-09_004040,Esi_0303_0008,D7FWE0,CBJ32028.1
Ec-09_004030,Esi_0303_0009,D7FWE1,CBJ32029.1
Ec-09_004020,Esi_0303_0011,D7FWE2,CBJ32030.1
Ec-09_004000,Esi_0303_0016,D7FWE3,CBJ32031.1
Ec-09_003990,Esi_0303_0017,D7FWE4,CBJ32032.1
Ec-09_003980,Esi_0303_0020,D7FWE5,CBJ32033.1
Ec-09_003970,Esi_0303_0022,D7FWE6,CBJ32034.1
Ec-09_003960,Esi_0303_0023,D7FWE7,CBJ32035.1
Ec-09_003950,Esi_0303_0025,D7FWE8,CBJ32036.1
Ec-09_003930,Esi_0303_0035,D7FWE9,CBJ32037.1
Ec-09_003920,Esi_0303_0036,D7FWF0,CBJ32038.1
Ec-09_003890,Esi_0303_0037,D7FWF1,CBJ32039.1
Ec-09_004010,Esi_0303_0040,,
Ec-09_003940,Esi_0303_0041,,
Ec-09_003910,Esi_0303_0042,,
Ec-09_003900,Esi_0303_0043,,
Ec-07_004350,Esi_0304_0002,D8LKQ0,CBN76085.1
Ec-07_004360,Esi_0304_0003,D8LKQ1,CBN76086.1
Ec-07_004370,Esi_0304_0004,D8LKQ2,CBN76087.1
Ec-07_004400,Esi_0304_0005,D8LKQ3,CBN76088.1
Ec-07_004410,Esi_0304_0006,D8LKQ4,CBN76089.1
Ec-07_004420,Esi_0304_0009,D8LKQ5,CBN76090.1
Ec-07_004430,Esi_0304_0012,D8LKQ6,CBN76091.1
Ec-07_004440,Esi_0304_0014,D8LKQ7,CBN76092.1
Ec-07_004450,Esi_0304_0015,D8LKQ8,CBN76093.1
Ec-07_004460,Esi_0304_0016,D8LKQ9,CBN76094.1
Ec-07_004470,Esi_0304_0018,D8LKR0,CBN76095.1
,Esi_0304_0019,D8LKR1,CBN76096.1
Ec-07_004480,Esi_0304_0020,D8LKR2,CBN76097.1
,Esi_0304_0022,D8LKR3,CBN76098.1
Ec-07_004490,Esi_0304_0024,D8LKR4,CBN76099.1
,Esi_0304_0027,D8LKR5,CBN76100.1
Ec-07_004500,Esi_0304_0028,D8LKR6,CBN76101.1
Ec-07_004520,Esi_0304_0029,D8LKR7,CBN76102.1
Ec-07_004530,Esi_0304_0030,D8LKR8,CBN76103.1
Ec-07_004540,Esi_0304_0031,D8LKR9,CBN76104.1
Ec-07_004550,Esi_0304_0036,D8LKS0,CBN76105.1
Ec-07_004510,Esi_0304_0043,,
Ec-07_004380,Esi_0304_0044,,
Ec-07_004390,Esi_0304_0045,,
Ec-07_007280,Esi_0305_0001,D7FWF2,CBJ32040.1
Ec-07_007290,Esi_0305_0002,D7FWF3,CBJ32041.1
Ec-07_007300,Esi_0305_0003,D7FWF4,CBJ32042.1
Ec-07_007310,Esi_0305_0004,D7FWF5,CBJ32043.1
Ec-07_007320,Esi_0305_0005,D7FWF6,CBJ32044.1
Ec-07_007340,Esi_0305_0007,D7FWF7,CBJ32045.1
Ec-07_007350,Esi_0305_0008,D7FWF8,CBJ32046.1
Ec-07_007360,Esi_0305_0010,D7FWF9,CBJ32047.1
Ec-07_007370,Esi_0305_0012,D7FWG0,CBJ32048.1
Ec-07_007380,Esi_0305_0014,D7FWG1,CBJ32049.1
Ec-07_007390,Esi_0305_0015,D7FWG2,CBJ32050.1
Ec-07_007400,Esi_0305_0016,D7FWG3,CBJ32051.1
Ec-07_007410,Esi_0305_0017,D7FWG4,CBJ32052.1
Ec-07_007420,Esi_0305_0018,D7FWG5,CBJ32053.1
Ec-07_007430,Esi_0305_0020,D7FWG6,CBJ32054.1
Ec-07_007450,Esi_0305_0029,D7FWG7,CBJ32055.1
Ec-07_007460,Esi_0305_0036,D7FWG8,CBJ32056.1
Ec-07_007470,Esi_0305_0037,D7FWG9,CBJ32057.1
Ec-07_007440,Esi_0305_0043,,
Ec-07_007330,Esi_0305_0044,,
Ec-26_006650,Esi_0306_0002,D7FWH0,CBJ32058.1
Ec-26_006640,Esi_0306_0004,D7FWH1,CBJ32059.1
Ec-26_006630,Esi_0306_0005,D7FWH2,CBJ32060.1
Ec-26_006620,Esi_0306_0006,D7FWH3,CBJ32061.1
Ec-26_006610,Esi_0306_0010,D7FWH4,CBJ32062.1
Ec-26_006600,Esi_0306_0012,D7FWH5,CBJ32063.1
Ec-26_006590,Esi_0306_0019,D7FWH6,CBJ32064.1
Ec-26_006580,Esi_0306_0020,D7FWH7,CBJ32065.1
Ec-26_006570,Esi_0306_0021,D7FWH8,CBJ32066.1
Ec-26_006550,Esi_0306_0023,D7FWH9,CBJ32067.1
Ec-26_006540,Esi_0306_0026,D7FWI0,CBJ32068.1
Ec-26_006530,Esi_0306_0028,D7FWI1,CBJ32069.1
Ec-26_006520,Esi_0306_0029,D7FWI2,CBJ32070.1
Ec-26_006510,Esi_0306_0030,D7FWI3,CBJ32071.1
Ec-26_006500,Esi_0306_0031,D7FWI4,CBJ32072.1
Ec-26_006490,Esi_0306_0032,,
Ec-26_006480,Esi_0306_0033,D7FWI6,CBJ32074.1
Ec-26_006470,Esi_0306_0034,,
Ec-26_006460,Esi_0306_0035,,
Ec-26_006450,Esi_0306_0036,D7FWI9,CBJ32077.1
Ec-26_006430,Esi_0306_0037,D7FWJ0,CBJ32078.1
Ec-26_006420,Esi_0306_0038,D7FWJ1,CBJ32079.1
Ec-26_006410,Esi_0306_0042,D7FWJ2,CBJ32080.1
Ec-26_006400,Esi_0306_0043,,
Ec-26_006390,Esi_0306_0044,D7FWJ4,CBJ32082.1
Ec-26_006380,Esi_0306_0045,,
Ec-26_006440,Esi_0306_0048,,
Ec-26_006560,Esi_0306_0049,,
Ec-26_006660,Esi_0306_0050,,
Ec-25_003320,Esi_0307_0002,D7FWJ6,CBJ32084.1
Ec-25_003330,Esi_0307_0004,D7FWJ7,CBJ32085.1
Ec-25_003340,Esi_0307_0005,D7FWJ8,CBJ32086.1
Ec-25_003350,Esi_0307_0007,D7FWJ9,CBJ32087.1
Ec-25_003360,Esi_0307_0008,D7FWK0,CBJ32088.1
Ec-25_003370,Esi_0307_0011,D7FWK1,CBJ32089.1
Ec-25_003380,Esi_0307_0014,D7FWK2,CBJ32090.1
Ec-25_003400,Esi_0307_0015,D7FWK3,CBJ32091.1
Ec-25_003410,Esi_0307_0019,D7FWK4,CBJ32092.1
,Esi_0307_0025,D7FWK5,CBJ32093.1
Ec-25_003420,Esi_0307_0026,D7FWK6,CBJ32094.1
Ec-25_003430,Esi_0307_0040,,
Ec-25_003440,Esi_0307_0041,,
Ec-25_003390,Esi_0307_0042,,
Ec-25_003310,Esi_0307_0043,,
Ec-11_002280,Esi_0308_0002,D7FWK7,CBJ32095.1
Ec-11_002290,Esi_0308_0003,D7FWK8,CBJ32096.1
Ec-11_002300,Esi_0308_0006,D7FWK9,CBJ32097.1
Ec-11_002310,Esi_0308_0007,D7FWL0,CBJ32098.1
Ec-11_002320,Esi_0308_0008,D7FWL1,CBJ32099.1
Ec-11_002330,Esi_0308_0009,D7FWL2,CBJ32100.1
Ec-11_002350,Esi_0308_0010,D7FWL3,CBJ32101.1
Ec-11_002360,Esi_0308_0012,D7FWL4,CBJ32102.1
Ec-11_002370,Esi_0308_0013,D7FWL5,CBJ32103.1
Ec-11_002380,Esi_0308_0014,D7FWL6,CBJ32104.1
Ec-11_002390,Esi_0308_0017,D7FWL7,CBJ32105.1
Ec-11_002400,Esi_0308_0018,D7FWL8,CBJ32106.1
Ec-11_002430,Esi_0308_0025,D7FWL9,CBJ32107.1
Ec-11_002440,Esi_0308_0031,D7FWM0,CBJ32108.1
Ec-11_002450,Esi_0308_0033,D7FWM1,CBJ32109.1
Ec-11_002460,Esi_0308_0036,D7FWM2,CBJ32110.1
Ec-11_002470,Esi_0308_0038,D7FWM3,CBJ32111.1
Ec-11_002410,Esi_0308_0045,,
Ec-11_002420,Esi_0308_0046,,
Ec-11_002270,Esi_0308_0047,,
Ec-11_002340,Esi_0308_0048,,
Ec-06_001230,Esi_0309_0001,D7FWM4,CBJ32112.1
Ec-06_001240,Esi_0309_0003,D7FWM5,CBJ32113.1
,Esi_0309_0004,D7FWM6,CBJ32114.1
,Esi_0309_0007,D7FWM7,CBJ32115.1
Ec-06_001250,Esi_0309_0009,D7FWM8,CBJ32116.1
Ec-06_001260,Esi_0309_0010,D7FWM9,CBJ32117.1
Ec-06_001270,Esi_0309_0011,D7FWN0,CBJ32118.1
Ec-06_001280,Esi_0309_0015,D7FWN1,CBJ32119.1
Ec-06_001290,Esi_0309_0016,D7FWN2,CBJ32120.1
Ec-06_001300,Esi_0309_0018,D7FWN3,CBJ32121.1
Ec-06_001310,Esi_0309_0019,D7FWN4,CBJ32122.1
Ec-06_001320,Esi_0309_0020,D7FWN5,CBJ32123.1
Ec-06_001330,Esi_0309_0023,D7FWN6,CBJ32124.1
Ec-06_001340,Esi_0309_0025,D7FWN7,CBJ32125.1
Ec-06_001350,Esi_0309_0026,D7FWN8,CBJ32126.1
Ec-06_001370,Esi_0309_0027,D7FWN9,CBJ32127.1
Ec-06_001380,Esi_0309_0028,D7FWP0,CBJ32128.1
Ec-06_001390,Esi_0309_0029,D7FWP1,CBJ32129.1
Ec-06_001400,Esi_0309_0031,D7FWP2,CBJ32130.1
Ec-06_001410,Esi_0309_0034,D7FWP3,CBJ32131.1
Ec-06_001420,Esi_0309_0038,D7FWP4,CBJ32132.1
Ec-06_001430,Esi_0309_0039,D7FWP5,CBJ32133.1
Ec-06_001440,Esi_0309_0041,D7FWP6,CBJ32134.1
Ec-06_001450,Esi_0309_0042,D7FWP7,CBJ32135.1
Ec-06_001460,Esi_0309_0043,D7FWP8,CBJ32136.1
Ec-06_001470,Esi_0309_0053,D7FWP9,CBJ32137.1
Ec-06_001480,Esi_0309_0054,D7FWQ0,CBJ32138.1
Ec-06_001360,Esi_0309_0058,,
Ec-00_003970,Esi_0310_0010,D7FWQ1,CBJ32139.1
Ec-00_003990,Esi_0310_0014,D7FWQ2,CBJ32140.1
Ec-00_004000,Esi_0310_0015,D7FWQ3,CBJ32141.1
Ec-00_004010,Esi_0310_0024,D7FWQ4,CBJ32142.1
Ec-00_003980,Esi_0310_0039,,
Ec-21_004160,Esi_0311_0003,D7FWQ5,CBJ32143.1
Ec-21_004170,Esi_0311_0004,D7FWQ6,CBJ32144.1
Ec-21_004180,Esi_0311_0006,D7FWQ7,CBJ32145.1
Ec-21_004200,Esi_0311_0007,D7FWQ8,CBJ32146.1
Ec-21_004210,Esi_0311_0009,D7FWQ9,CBJ32147.1
,Esi_0311_0010,D7FWR0,CBJ32148.1
Ec-21_004220,Esi_0311_0012,D7FWR1,CBJ32149.1
Ec-21_004230,Esi_0311_0013,D7FWR2,CBJ32150.1
Ec-21_004240,Esi_0311_0014,D7FWR3,CBJ32151.1
Ec-21_004260,Esi_0311_0022,D7FWR4,CBJ32152.1
Ec-21_004270,Esi_0311_0023,D7FWR5,CBJ32153.1
Ec-21_004280,Esi_0311_0026,D7FWR6,CBJ32154.1
Ec-21_004310,Esi_0311_0031,D7FWR7,CBJ32155.1
Ec-21_004320,Esi_0311_0032,D7FWR8,CBJ32156.1
Ec-21_004330,Esi_0311_0033,D7FWR9,CBJ32157.1
Ec-21_004250,Esi_0311_0038,,
Ec-21_004190,Esi_0311_0039,,
Ec-21_004290,Esi_0311_0040,,
Ec-21_004300,Esi_0311_0041,,
Ec-16_004170,Esi_0312_0001,D7FWS0,CBJ32158.1
Ec-16_004180,Esi_0312_0003,D7FWS1,CBJ32159.1
Ec-16_004190,Esi_0312_0005,D7FWS2,CBJ32160.1
Ec-16_004200,Esi_0312_0007,D7FWS3,CBJ32161.1
Ec-16_004210,Esi_0312_0011,D7FWS4,CBJ32162.1
Ec-16_004220,Esi_0312_0016,D7FWS5,CBJ32163.1
Ec-16_004230,Esi_0312_0017,D7FWS6,CBJ32164.1
Ec-16_004240,Esi_0312_0018,D7FWS7,CBJ32165.1
Ec-16_004250,Esi_0312_0019,D7FWS8,CBJ32166.1
Ec-16_004260,Esi_0312_0022,D7FWS9,CBJ32167.1
Ec-16_004270,Esi_0312_0023,D7FWT0,CBJ32168.1
Ec-16_004280,Esi_0312_0024,D7FWT1,CBJ32169.1
Ec-16_004290,Esi_0312_0025,D7FWT2,CBJ32170.1
Ec-16_004300,Esi_0312_0029,D7FWT3,CBJ32171.1
Ec-16_004310,Esi_0312_0034,D7FWT4,CBJ32172.1
Ec-16_004320,Esi_0312_0035,D7FWT5,CBJ32173.1
Ec-13_001230,Esi_0313_0001,D7FWT6,CBJ32174.1
,Esi_0313_0003,D7FWT7,CBJ32175.1
,Esi_0313_0004,D7FWT8,CBJ32176.1
Ec-13_001210,Esi_0313_0011,D7FWT9,CBJ32177.1
Ec-13_001200,Esi_0313_0013,D7FWU0,CBJ32178.1
,Esi_0313_0014,D7FWU1,CBJ32179.1
,Esi_0313_0015,D7FWU2,CBJ32180.1
Ec-13_001170,Esi_0313_0017,D7FWU3,CBJ32181.1
,Esi_0313_0028,D7FWU4,CBJ32182.1
Ec-13_001120,Esi_0313_0029,D7FWU5,CBJ32183.1
,Esi_0313_0030,D7FWU6,CBJ32184.1
Ec-13_001110,Esi_0313_0031,D7FWU7,CBJ32185.1
Ec-13_001100,Esi_0313_0036,D7FWU8,CBJ32186.1
Ec-13_001090,Esi_0313_0039,D7FWU9,CBJ32187.1
Ec-13_001140,Esi_0313_0047,,
Ec-13_001190,Esi_0313_0049,,
Ec-13_001180,Esi_0313_0050,,
Ec-13_001160,Esi_0313_0051,,
Ec-13_001150,Esi_0313_0052,,
Ec-13_001130,Esi_0313_0053,,
Ec-13_001220,Esi_0313_0054,,
Ec-27_000700,Esi_0314_0001,D8LL12,CBN76106.1
Ec-27_000710,Esi_0314_0002,D8LL13,CBN76107.1
Ec-27_000720,Esi_0314_0006,D8LL14,CBN76108.1
Ec-27_000730,Esi_0314_0008,D8LL15,CBN76109.1
Ec-27_000750,Esi_0314_0011,D8LL16,CBN76110.1
Ec-27_000760,Esi_0314_0013,D8LL17,CBN76111.1
Ec-27_000770,Esi_0314_0014,D8LL18,CBN76112.1
Ec-27_000780,Esi_0314_0016,D8LL19,CBN76113.1
Ec-27_000790,Esi_0314_0018,D8LL20,CBN76114.1
Ec-27_000820,Esi_0314_0021,D8LL21,CBN76115.1
Ec-27_000830,Esi_0314_0023,D8LL22,CBN76116.1
,Esi_0314_0024,D8LL23,CBN76117.1
Ec-27_000840,Esi_0314_0025,D8LL24,CBN76118.1
Ec-27_000850,Esi_0314_0026,D8LL25,CBN76119.1
Ec-27_000860,Esi_0314_0027,D8LL26,CBN76120.1
Ec-27_000870,Esi_0314_0029,D8LL27,CBN76121.1
Ec-27_000880,Esi_0314_0030,D8LL28,CBN76122.1
Ec-27_000890,Esi_0314_0031,D8LL29,CBN76123.1
Ec-27_000800,Esi_0314_0036,,
Ec-27_000810,Esi_0314_0037,,
Ec-27_000740,Esi_0314_0038,,
Ec-08_004510,Esi_0315_0001,D7FWV0,CBJ32188.1
Ec-08_004520,Esi_0315_0002,D7FWV1,CBJ32189.1
Ec-08_004530,Esi_0315_0004,D7FWV2,CBJ32190.1
Ec-08_004540,Esi_0315_0008,D7FWV3,CBJ32191.1
,Esi_0315_0010,D7FWV4,CBJ32192.1
Ec-08_004550,Esi_0315_0011,D7FWV5,CBJ32193.1
Ec-08_004560,Esi_0315_0013,D7FWV6,CBJ32194.1
Ec-08_004570,Esi_0315_0014,D7FWV7,CBJ32195.1
Ec-08_004580,Esi_0315_0016,D7FWV8,CBJ32196.1
Ec-08_004590,Esi_0315_0018,D7FWV9,CBJ32197.1
Ec-08_004600,Esi_0315_0019,D7FWW0,CBJ32198.1
Ec-08_004610,Esi_0315_0022,D7FWW1,CBJ32199.1
Ec-08_004620,Esi_0315_0025,D7FWW2,CBJ32200.1
Ec-08_004630,Esi_0315_0030,D7FWW3,CBJ32201.1
Ec-08_004640,Esi_0315_0031,D7FWW4,CBJ32202.1
Ec-00_004020,Esi_0316_0004,D7FWW5,CBJ32203.1
Ec-00_004030,Esi_0316_0006,D7FWW6,CBJ32204.1
,Esi_0316_0016,D7FWW7,CBJ32205.1
Ec-00_004040,Esi_0316_0018,D7FWW8,CBJ32206.1
Ec-00_004050,Esi_0316_0034,D7FWW9,CBJ32207.1
Ec-00_004060,Esi_0316_0036,D7FWX0,CBJ32208.1
Ec-00_004070,Esi_0316_0048,,
Ec-09_004840,Esi_0317_0004,D7FWX1,CBJ32209.1
Ec-09_004830,Esi_0317_0006,D7FWX2,CBJ32210.1
Ec-09_004820,Esi_0317_0017,D7FWX3,CBJ32211.1
Ec-09_004810,Esi_0317_0025,D7FWX4,CBJ32212.1
Ec-09_004800,Esi_0317_0026,D7FWX5,CBJ32213.1
Ec-09_004790,Esi_0317_0027,D7FWX6,CBJ32214.1
Ec-09_004780,Esi_0317_0029,D7FWX7,CBJ32215.1
Ec-09_004850,Esi_0317_0032,,
Ec-13_000120,Esi_0318_0010,D7FWX8,CBJ32216.1
,Esi_0318_0016,D7FWX9,CBJ32217.1
Ec-13_000140,Esi_0318_0018,D7FWY0,CBJ32218.1
Ec-13_000150,Esi_0318_0021,D7FWY1,CBJ32219.1
Ec-13_000170,Esi_0318_0023,D7FWY2,CBJ32220.1
Ec-13_000130,Esi_0318_0042,,
Ec-13_000160,Esi_0318_0043,,
Ec-15_000990,Esi_0319_0005,D7FWY3,CBJ32221.1
Ec-15_001010,Esi_0319_0008,D7FWY5,CBJ32223.1
Ec-15_001020,Esi_0319_0012,D7FWY6,CBJ32224.1
Ec-15_001030,Esi_0319_0013,D7FWY7,CBJ32225.1
Ec-15_001040,Esi_0319_0014,D7FWY8,CBJ32226.1
Ec-15_001060,Esi_0319_0015,D7FWY9,CBJ32227.1
Ec-15_001110,Esi_0319_0018,D7FWZ0,CBJ32228.1
,Esi_0319_0020,D7FWZ1,CBJ32229.1
Ec-15_001120,Esi_0319_0021,D7FWZ2,CBJ32230.1
Ec-15_001130,Esi_0319_0022,D7FWZ3,CBJ32231.1
,Esi_0319_0024,D7FWZ4,CBJ32232.1
Ec-15_001160,Esi_0319_0026,D7FWZ5,CBJ32233.1
Ec-15_001170,Esi_0319_0027,D7FWZ6,CBJ32234.1
,Esi_0319_0028,D7FWZ7,CBJ32235.1
Ec-15_001180,Esi_0319_0029,D7FWZ8,CBJ32236.1
Ec-15_001000,Esi_0319_0032,D7FWY4,CBJ32222.1
Ec-15_001080,Esi_0319_0039,,
Ec-15_001050,Esi_0319_0040,,
Ec-15_001070,Esi_0319_0041,,
Ec-15_001090,Esi_0319_0042,,
Ec-15_001100,Esi_0319_0043,,
Ec-15_001140,Esi_0319_0044,,
Ec-15_001150,Esi_0319_0045,,
Ec-26_003880,Esi_0320_0001,D7FX80,CBJ49258.1
,Esi_0320_0002,D7FX81,CBJ49259.1
Ec-26_003890,Esi_0320_0003,D7FX82,CBJ49260.1
Ec-26_003900,Esi_0320_0005,D7FX83,CBJ49261.1
Ec-26_003910,Esi_0320_0007,D7FX84,CBJ49262.1
Ec-26_003920,Esi_0320_0009,D7FX85,CBJ49263.1
Ec-26_003930,Esi_0320_0010,D7FX86,CBJ49264.1
Ec-26_003940,Esi_0320_0011,D7FX87,CBJ49265.1
Ec-26_003950,Esi_0320_0013,D7FX88,CBJ49266.1
Ec-26_003960,Esi_0320_0014,D7FX89,CBJ49267.1
Ec-26_003970,Esi_0320_0016,D7FX90,CBJ49268.1
Ec-26_003990,Esi_0320_0021,D7FX91,CBJ49269.1
Ec-26_004010,Esi_0320_0023,D7FX92,CBJ49270.1
Ec-26_004030,Esi_0320_0024,D7FX93,CBJ49271.1
Ec-26_004040,Esi_0320_0026,D7FX94,CBJ49272.1
Ec-26_004050,Esi_0320_0027,D7FX95,CBJ49273.1
Ec-26_004060,Esi_0320_0028,D7FX96,CBJ49274.1
Ec-26_004070,Esi_0320_0030,D7FX97,CBJ49275.1
Ec-26_004080,Esi_0320_0038,D7FX98,CBJ49276.1
Ec-26_004100,Esi_0320_0040,D7FX99,CBJ49277.1
Ec-26_003980,Esi_0320_0045,,
Ec-26_004000,Esi_0320_0049,,
Ec-26_004020,Esi_0320_0050,,
Ec-26_004090,Esi_0320_0051,,
Ec-26_003340,Esi_0321_0003,D8LL32,CBN79649.1
Ec-26_003360,Esi_0321_0005,D8LL33,CBN79650.1
Ec-26_003370,Esi_0321_0009,D8LL34,CBN79651.2
Ec-26_003380,Esi_0321_0010,D8LL35,CBN79652.1
Ec-26_003390,Esi_0321_0011,D8LL36,CBN79653.1
Ec-26_003400,Esi_0321_0012,D8LL37,CBN79654.1
Ec-26_003410,Esi_0321_0013,D8LL38,CBN79655.1
Ec-26_003430,Esi_0321_0015,D8LL39,CBN79656.1
Ec-26_003440,Esi_0321_0016,D8LL40,CBN79657.1
Ec-26_003450,Esi_0321_0017,D8LL41,CBN79658.1
Ec-26_003460,Esi_0321_0018,D8LL42,CBN79659.1
Ec-26_003470,Esi_0321_0020,D8LL43,CBN79660.1
Ec-26_003490,Esi_0321_0021,D8LL44,CBN79661.1
Ec-26_003500,Esi_0321_0023,D8LL45,CBN79662.1
Ec-26_003510,Esi_0321_0026,D8LL46,CBN79663.1
Ec-26_003520,Esi_0321_0027,D8LL30,CBN79664.1
Ec-26_003530,Esi_0321_0031,D8LL31,CBN79665.1
Ec-26_003420,Esi_0321_0035,,
Ec-26_003480,Esi_0321_0036,,
Ec-26_003350,Esi_0321_0037,,
Ec-25_000010,Esi_0322_0004,D8LL47,CBN79666.1
Ec-25_000020,Esi_0322_0005,D8LL48,CBN79667.1
Ec-25_000030,Esi_0322_0006,D8LL49,CBN79668.1
Ec-25_000040,Esi_0322_0007,D8LL50,CBN79669.1
Ec-25_000050,Esi_0322_0008,D8LL51,CBN79670.1
Ec-25_000060,Esi_0322_0010,D8LL52,CBN79671.1
Ec-25_000070,Esi_0322_0012,D8LL53,CBN79672.1
,Esi_0322_0013,D8LL54,CBN79673.1
,Esi_0322_0019,D8LL55,CBN79674.1
Ec-25_000090,Esi_0322_0024,D8LL56,CBN79675.1
Ec-25_000100,Esi_0322_0025,D8LL57,CBN79676.1
Ec-25_000110,Esi_0322_0028,D8LL58,CBN79677.1
Ec-25_000120,Esi_0322_0029,D8LL59,CBN79678.1
Ec-25_000130,Esi_0322_0030,D8LL60,CBN79679.1
,Esi_0322_0031,D8LL61,CBN79680.2
Ec-25_000140,Esi_0322_0032,D8LL62,CBN79681.1
Ec-25_000150,Esi_0322_0034,D8LL63,CBN79682.1
Ec-25_000080,Esi_0322_0039,,
Ec-05_004580,Esi_0323_0002,D7FXA0,CBJ32237.1
Ec-05_004590,Esi_0323_0004,D7FXA1,CBJ32238.1
Ec-05_004600,Esi_0323_0006,D7FXA2,CBJ32239.1
Ec-05_004610,Esi_0323_0007,D7FXA3,CBJ32240.1
Ec-05_004620,Esi_0323_0008,D7FXA4,CBJ32241.1
Ec-05_004630,Esi_0323_0010,D7FXA5,CBJ32242.1
Ec-05_004640,Esi_0323_0011,D7FXA6,CBJ32243.1
Ec-05_004650,Esi_0323_0013,D7FXA7,CBJ32244.1
Ec-05_004660,Esi_0323_0015,D7FXA8,CBJ32245.1
Ec-05_004670,Esi_0323_0019,D7FXA9,CBJ32246.1
Ec-05_004680,Esi_0323_0020,D7FXB0,CBJ32247.1
Ec-05_004690,Esi_0323_0029,D7FXB1,CBJ32248.1
Ec-05_004700,Esi_0323_0031,D7FXB2,CBJ32249.1
Ec-05_004710,Esi_0323_0035,D7FXB3,CBJ32250.1
Ec-05_004720,Esi_0323_0038,D7FXB4,CBJ32251.1
Ec-05_004730,Esi_0323_0042,D7FXB5,CBJ32252.1
Ec-05_004740,Esi_0323_0043,D7FXB6,CBJ32253.1
Ec-04_000010,Esi_0324_0006,D7FXB7,CBJ32254.1
Ec-04_000020,Esi_0324_0007,D7FXB8,CBJ32255.1
Ec-04_000030,Esi_0324_0009,D7FXB9,CBJ32256.1
Ec-04_000040,Esi_0324_0010,D7FXC0,CBJ32257.1
Ec-04_000050,Esi_0324_0013,D7FXC1,CBJ32258.1
Ec-04_000060,Esi_0324_0016,D7FXC2,CBJ32259.1
Ec-04_000070,Esi_0324_0017,D7FXC3,CBJ32260.1
Ec-04_000090,Esi_0324_0019,D7FXC4,CBJ32261.1
Ec-04_000110,Esi_0324_0022,D7FXC5,CBJ32262.1
Ec-04_000120,Esi_0324_0023,D7FXC6,CBJ32263.1
Ec-04_000130,Esi_0324_0024,D7FXC7,CBJ32264.1
Ec-04_000140,Esi_0324_0025,D7FXC8,CBJ32265.1
Ec-04_000170,Esi_0324_0027,D7FXC9,CBJ32266.1
Ec-04_000150,Esi_0324_0037,,
Ec-04_000160,Esi_0324_0038,,
Ec-04_000080,Esi_0324_0039,,
Ec-04_000100,Esi_0324_0040,,
Ec-04_000180,Esi_0324_0041,,
Ec-04_000190,Esi_0324_0042,,
Ec-00_004080,Esi_0325_0001,D7FXD0,CBJ32267.1
Ec-00_004090,Esi_0325_0003,D7FXD1,CBJ32268.1
Ec-00_004100,Esi_0325_0004,D7FXD2,CBJ32269.1
Ec-00_004110,Esi_0325_0016,D7FXD3,CBJ32270.1
Ec-00_004130,Esi_0325_0035,,
Ec-00_004120,Esi_0325_0039,,
Ec-18_000010,Esi_0326_0001,D7FXD5,CBJ32272.1
Ec-18_000020,Esi_0326_0002,D7FXD6,CBJ32273.1
Ec-18_000030,Esi_0326_0007,D7FXD7,CBJ32274.1
Ec-18_000040,Esi_0326_0010,D7FXD8,CBJ32275.1
Ec-18_000050,Esi_0326_0013,D7FXD9,CBJ32276.1
Ec-18_000060,Esi_0326_0028,D7FXE0,CBJ32277.1
Ec-18_000070,Esi_0326_0031,D7FXE1,CBJ32278.1
Ec-18_000080,Esi_0326_0032,D7FXE2,CBJ32279.1
Ec-18_000110,Esi_0326_0040,D7FXE3,CBJ32280.1
Ec-18_000130,Esi_0326_0043,D7FXE4,CBJ32281.1
Ec-18_000150,Esi_0326_0044,D7FXE5,CBJ32282.1
Ec-18_000100,Esi_0326_0051,,
Ec-18_000090,Esi_0326_0052,,
Ec-18_000120,Esi_0326_0053,,
Ec-18_000140,Esi_0326_0054,,
Ec-07_002920,Esi_0327_0002,D7FXE6,CBJ32283.1
Ec-07_002930,Esi_0327_0003,D7FXE7,CBJ32284.1
Ec-07_002940,Esi_0327_0004,D7FXE8,CBJ32285.1
Ec-07_002950,Esi_0327_0005,D7FXE9,CBJ32286.1
Ec-07_002960,Esi_0327_0006,D7FXF0,CBJ32287.1
Ec-07_002970,Esi_0327_0008,D7FXF1,CBJ32288.1
Ec-07_002980,Esi_0327_0009,D7FXF2,CBJ32289.1
Ec-07_002990,Esi_0327_0010,D7FXF3,CBJ32290.1
Ec-07_003000,Esi_0327_0011,D7FXF4,CBJ32291.1
Ec-07_003010,Esi_0327_0012,D7FXF5,CBJ32292.1
Ec-07_003020,Esi_0327_0013,D7FXF6,CBJ32293.1
Ec-07_003030,Esi_0327_0015,D7FXF7,CBJ32294.1
Ec-07_003040,Esi_0327_0017,D7FXF8,CBJ32295.1
Ec-07_003050,Esi_0327_0018,D7FXF9,CBJ32296.1
Ec-07_003070,Esi_0327_0019,D7FXG0,CBJ32297.1
Ec-07_003080,Esi_0327_0021,D7FXG1,CBJ32298.1
Ec-07_003110,Esi_0327_0024,D7FXG2,CBJ32299.1
Ec-07_003120,Esi_0327_0026,D7FXG3,CBJ32300.1
Ec-07_003140,Esi_0327_0028,D7FXG4,CBJ32301.1
Ec-07_003150,Esi_0327_0029,D7FXG5,CBJ32302.1
Ec-07_003160,Esi_0327_0031,D7FXG6,CBJ32303.1
Ec-07_003170,Esi_0327_0033,D7FXG7,CBJ32304.1
Ec-07_003180,Esi_0327_0036,D7FXG8,CBJ32305.1
Ec-07_003210,Esi_0327_0037,D7FXG9,CBJ32306.1
Ec-07_003090,Esi_0327_0045,,
Ec-07_003100,Esi_0327_0046,,
Ec-07_003060,Esi_0327_0047,,
Ec-07_003130,Esi_0327_0048,,
Ec-07_003190,Esi_0327_0049,,
Ec-07_003200,Esi_0327_0050,,
Ec-19_000010,Esi_0328_0006,D7FXH0,CBJ32307.1
Ec-19_000020,Esi_0328_0007,D7FXH1,CBJ32308.1
Ec-19_000030,Esi_0328_0011,D7FXH2,CBJ32309.1
Ec-19_000040,Esi_0328_0014,D7FXH3,CBJ32310.1
Ec-19_000050,Esi_0328_0015,D7FXH4,CBJ32311.1
Ec-19_000060,Esi_0328_0016,D7FXH5,CBJ32312.1
Ec-19_000070,Esi_0328_0021,D7FXH6,CBJ32313.1
Ec-19_000080,Esi_0328_0027,D7FXH7,CBJ32314.1
Ec-19_000090,Esi_0328_0030,D7FXH8,CBJ32315.1
Ec-19_000100,Esi_0328_0031,D7FXH9,CBJ32316.1
Ec-19_000110,Esi_0328_0036,D7FXI0,CBJ32317.1
Ec-19_000120,Esi_0328_0037,D7FXI1,CBJ32318.1
Ec-00_004160,Esi_0329_0013,D7FXI2,CBJ32319.1
Ec-00_004180,Esi_0329_0016,D7FXI3,CBJ32320.1
Ec-00_004190,Esi_0329_0024,D7FXI4,CBJ32321.1
Ec-00_004170,Esi_0329_0035,,
Ec-00_004140,Esi_0329_0036,,
Ec-00_004150,Esi_0329_0037,,
Ec-13_002530,Esi_0330_0001,D7FXQ9,CBJ32322.1
Ec-13_002540,Esi_0330_0004,D7FXR0,CBJ32323.1
Ec-13_002560,Esi_0330_0005,D7FXR1,CBJ32324.1
Ec-13_002580,Esi_0330_0006,D7FXR2,CBJ32325.1
Ec-13_002590,Esi_0330_0008,D7FXR3,CBJ32326.1
Ec-13_002600,Esi_0330_0009,D7FXR4,CBJ32327.1
Ec-13_002610,Esi_0330_0014,D7FXR5,CBJ32328.1
Ec-13_002620,Esi_0330_0016,D7FXR6,CBJ32329.1
Ec-13_002630,Esi_0330_0018,D7FXR7,CBJ32330.1
Ec-13_002640,Esi_0330_0020,D7FXR8,CBJ32331.1
Ec-13_002650,Esi_0330_0021,D7FXR9,CBJ32332.1
Ec-13_002550,Esi_0330_0025,,
Ec-13_002570,Esi_0330_0026,,
Ec-03_001720,Esi_0331_0002,D7FXS0,CBJ32333.1
Ec-03_001710,Esi_0331_0004,D7FXS1,CBJ32334.1
Ec-03_001700,Esi_0331_0005,D7FXS2,CBJ32335.1
Ec-03_001680,Esi_0331_0010,D7FXS3,CBJ32336.1
Ec-03_001670,Esi_0331_0011,D7FXS4,CBJ32337.1
Ec-03_001650,Esi_0331_0012,D7FXS5,CBJ32338.1
Ec-03_001640,Esi_0331_0013,D7FXS6,CBJ32339.1
Ec-03_001630,Esi_0331_0015,D7FXS7,CBJ32340.1
Ec-03_001620,Esi_0331_0019,D7FXS8,CBJ32341.1
Ec-03_001610,Esi_0331_0023,D7FXS9,CBJ32342.1
Ec-03_001590,Esi_0331_0025,D7FXT0,CBJ32343.1
,Esi_0331_0026,D7FXT1,CBJ32344.1
Ec-03_001570,Esi_0331_0027,D7FXT2,CBJ32345.1
Ec-03_001560,Esi_0331_0029,D7FXT3,CBJ32346.1
Ec-03_001540,Esi_0331_0031,D7FXT4,CBJ32347.1
Ec-03_001660,Esi_0331_0034,,
Ec-03_001580,Esi_0331_0035,,
Ec-03_001550,Esi_0331_0036,,
Ec-03_001600,Esi_0331_0038,,
Ec-03_001690,Esi_0331_0039,,
Ec-20_003400,Esi_0332_0003,D7FXT5,CBJ32348.1
Ec-20_003390,Esi_0332_0005,D7FXT6,CBJ32349.1
Ec-20_003380,Esi_0332_0006,D7FXT7,CBJ32350.1
Ec-20_003360,Esi_0332_0008,D7FXT8,CBJ32351.1
,Esi_0332_0009,D7FXT9,CBJ32352.1
Ec-20_003350,Esi_0332_0012,D7FXU0,CBJ32353.1
Ec-20_003340,Esi_0332_0013,D7FXU1,CBJ32354.1
Ec-20_003330,Esi_0332_0022,D7FXU2,CBJ32355.1
Ec-20_003310,Esi_0332_0025,D7FXU3,CBJ32356.1
Ec-20_003300,Esi_0332_0030,D7FXU4,CBJ32357.1
Ec-20_003320,Esi_0332_0038,,
Ec-20_003290,Esi_0332_0039,,
Ec-20_003370,Esi_0332_0040,,
Ec-23_001480,Esi_0333_0003,D7FXU5,CBJ32358.1
Ec-23_001460,Esi_0333_0005,D7FXU6,CBJ32359.1
Ec-23_001450,Esi_0333_0007,D7FXU7,CBJ32360.1
Ec-23_001440,Esi_0333_0008,D7FXU8,CBJ32361.1
Ec-23_001430,Esi_0333_0009,D7FXU9,CBJ32362.1
Ec-23_001420,Esi_0333_0012,D7FXV0,CBJ32363.1
Ec-23_001400,Esi_0333_0013,D7FXV1,CBJ32364.1
Ec-23_001390,Esi_0333_0014,D7FXV2,CBJ32365.1
Ec-23_001380,Esi_0333_0016,D7FXV3,CBJ32366.1
Ec-23_001370,Esi_0333_0017,D7FXV4,CBJ32367.1
Ec-23_001360,Esi_0333_0019,D7FXV5,CBJ32368.1
Ec-23_001350,Esi_0333_0021,D7FXV6,CBJ32369.1
Ec-23_001340,Esi_0333_0023,D7FXV7,CBJ32370.1
Ec-23_001310,Esi_0333_0031,D7FXV8,CBJ32371.1
Ec-23_001470,Esi_0333_0036,,
Ec-23_001410,Esi_0333_0042,,
Ec-23_001490,Esi_0333_0043,,
Ec-23_001330,Esi_0333_0044,,
Ec-23_001320,Esi_0333_0045,,
Ec-16_005050,Esi_0334_0004,D7FXV9,CBJ32372.1
Ec-16_005060,Esi_0334_0007,D7FXW0,CBJ32373.1
Ec-16_005070,Esi_0334_0008,D7FXW1,CBJ32374.1
Ec-16_005080,Esi_0334_0010,D7FXW2,CBJ32375.1
,Esi_0334_0011,D7FXW3,CBJ32376.1
Ec-16_005090,Esi_0334_0012,D7FXW4,CBJ32377.1
Ec-16_005100,Esi_0334_0014,D7FXW5,CBJ32378.1
Ec-16_005110,Esi_0334_0016,D7FXW6,CBJ32379.1
Ec-16_005120,Esi_0334_0017,D7FXW7,CBJ32380.1
Ec-16_005130,Esi_0334_0018,D7FXW8,CBJ32381.1
Ec-16_005140,Esi_0334_0019,D7FXW9,CBJ32382.1
Ec-16_005150,Esi_0334_0021,D7FXX0,CBJ32383.1
Ec-16_005160,Esi_0334_0024,D7FXX1,CBJ32384.1
Ec-16_005170,Esi_0334_0027,D7FXX2,CBJ32385.1
Ec-16_005180,Esi_0334_0028,D7FXX3,CBJ32386.1
Ec-16_005190,Esi_0334_0030,D7FXX4,CBJ32387.1
Ec-16_005200,Esi_0334_0031,D7FXX5,CBJ32388.1
Ec-16_005210,Esi_0334_0032,D7FXX6,CBJ32389.1
Ec-19_001960,Esi_0335_0001,D7FXX7,CBJ32390.1
Ec-19_001970,Esi_0335_0002,D7FXX8,CBJ32391.1
Ec-19_002000,Esi_0335_0004,D7FXX9,CBJ32392.1
Ec-19_002010,Esi_0335_0005,D7FXY0,CBJ32393.1
Ec-19_002020,Esi_0335_0006,D7FXY1,CBJ32394.1
Ec-19_002030,Esi_0335_0012,D7FXY3,CBJ32396.1
Ec-19_002040,Esi_0335_0013,D7FXY4,CBJ32397.1
Ec-19_002050,Esi_0335_0014,D7FXY5,CBJ32398.1
Ec-19_002060,Esi_0335_0017,D7FXY6,CBJ32399.1
Ec-19_002070,Esi_0335_0019,D7FXY7,CBJ32400.1
Ec-19_002080,Esi_0335_0021,D7FXY8,CBJ32401.1
Ec-19_002090,Esi_0335_0024,D7FXY9,CBJ32402.1
Ec-19_002100,Esi_0335_0025,D7FXZ0,CBJ32403.1
,Esi_0335_0032,D7FXY2,CBJ32395.1
Ec-19_001980,Esi_0335_0033,,
Ec-19_001990,Esi_0335_0034,,
Ec-00_004200,Esi_0336_0026,D7FXZ1,CBJ32404.1
Ec-00_004210,Esi_0336_0027,D7FXZ2,CBJ32405.1
Ec-00_004220,Esi_0336_0032,D7FXZ3,CBJ32406.1
Ec-09_002510,Esi_0337_0007,D7FXZ4,CBJ32407.1
Ec-09_002500,Esi_0337_0008,D7FXZ5,CBJ32408.1
Ec-09_002490,Esi_0337_0010,D7FXZ6,CBJ32409.1
Ec-09_002480,Esi_0337_0012,D7FXZ7,CBJ32410.1
,Esi_0337_0013,D7FXZ8,CBJ32411.1
,Esi_0337_0014,D7FXZ9,CBJ32412.1
,Esi_0337_0015,D7FY00,CBJ32413.1
Ec-09_002460,Esi_0337_0018,D7FY01,CBJ32414.1
Ec-09_002450,Esi_0337_0020,D7FY02,CBJ32415.1
Ec-09_002440,Esi_0337_0021,D7FY03,CBJ32416.1
Ec-09_002430,Esi_0337_0022,D7FY04,CBJ32417.1
,Esi_0337_0026,D7FY05,CBJ32418.1
Ec-09_002420,Esi_0337_0027,D7FY06,CBJ32419.1
Ec-09_002410,Esi_0337_0029,D7FY07,CBJ32420.1
Ec-09_002390,Esi_0337_0031,D7FY08,CBJ32421.1
Ec-09_002370,Esi_0337_0032,D7FY09,CBJ32422.1
Ec-09_002360,Esi_0337_0035,D7FY10,CBJ32423.1
Ec-09_002400,Esi_0337_0038,,
Ec-09_002470,Esi_0337_0039,,
Ec-09_002380,Esi_0337_0040,,
Ec-09_002520,Esi_0337_0041,,
Ec-08_004650,Esi_0338_0001,D7FY11,CBJ32424.1
Ec-08_004660,Esi_0338_0002,D7FY12,CBJ32425.1
Ec-08_004670,Esi_0338_0003,D7FY13,CBJ32426.1
Ec-08_004680,Esi_0338_0005,D7FY14,CBJ32427.1
Ec-08_004690,Esi_0338_0006,D7FY15,CBJ32428.1
Ec-08_004700,Esi_0338_0009,D7FY16,CBJ32429.1
Ec-08_004710,Esi_0338_0011,D7FY17,CBJ32430.1
Ec-08_004720,Esi_0338_0016,D7FY18,CBJ32431.1
Ec-08_004730,Esi_0338_0018,D7FY19,CBJ32432.1
Ec-08_004740,Esi_0338_0019,D7FY20,CBJ32433.1
Ec-08_004750,Esi_0338_0022,D7FY21,CBJ32434.1
Ec-08_004760,Esi_0338_0023,D7FY22,CBJ32435.1
Ec-08_004770,Esi_0338_0028,D7FY23,CBJ32436.1
Ec-08_004780,Esi_0338_0029,D7FY24,CBJ32437.1
Ec-08_004790,Esi_0338_0030,D7FY25,CBJ32438.1
Ec-08_004800,Esi_0338_0032,D7FY26,CBJ32439.1
Ec-27_006870,Esi_0339_0009,D7FY27,CBJ32440.1
Ec-27_006880,Esi_0339_0010,D7FY28,CBJ32441.1
Ec-27_006890,Esi_0339_0011,D7FY29,CBJ32442.1
Ec-27_006900,Esi_0339_0012,D7FY30,CBJ32443.1
Ec-27_006910,Esi_0339_0015,D7FY31,CBJ32444.1
Ec-27_006920,Esi_0339_0016,D7FY32,CBJ32445.1
Ec-27_006930,Esi_0339_0017,D7FY33,CBJ32446.1
Ec-27_006940,Esi_0339_0018,D7FY34,CBJ32447.1
Ec-27_006960,Esi_0339_0020,D7FY35,CBJ32448.1
Ec-27_006970,Esi_0339_0022,D7FY36,CBJ32449.1
Ec-27_006980,Esi_0339_0025,D7FY37,CBJ32450.1
,Esi_0339_0026,D7FY38,CBJ32451.1
Ec-27_006990,Esi_0339_0027,D7FY39,CBJ32452.1
Ec-27_007000,Esi_0339_0028,D7FY40,CBJ32453.1
Ec-27_007010,Esi_0339_0029,D7FY41,CBJ32454.1
,Esi_0339_0030,D7FY42,CBJ32455.1
Ec-27_007020,Esi_0339_0032,D7FY43,CBJ32456.1
Ec-27_007030,Esi_0339_0034,D7FY44,CBJ32457.1
,Esi_0339_0036,D7FY45,CBJ32458.1
Ec-27_007040,Esi_0339_0037,D7FY46,CBJ32459.1
Ec-27_007050,Esi_0339_0038,D7FY47,CBJ32460.1
Ec-27_006950,Esi_0339_0043,,
Ec-24_002780,Esi_0340_0001,D8LL64,CBN76124.1
Ec-24_002770,Esi_0340_0002,D8LL65,CBN76125.1
Ec-24_002760,Esi_0340_0004,D8LL66,CBN76126.1
Ec-24_002750,Esi_0340_0006,D8LL67,CBN76127.1
Ec-24_002740,Esi_0340_0007,D8LL68,CBN76128.1
Ec-24_002730,Esi_0340_0008,D8LL69,CBN76129.1
Ec-24_002720,Esi_0340_0009,D8LL70,CBN76130.1
obsolete,Esi_0340_0010,D8LL71,CBN76131.1
Ec-24_002700,Esi_0340_0012,D8LL72,CBN76132.1
Ec-24_002690,Esi_0340_0013,D8LL73,CBN76133.1
Ec-24_002680,Esi_0340_0014,D8LL74,CBN76134.1
Ec-24_002670,Esi_0340_0015,D8LL75,CBN76135.1
Ec-24_002660,Esi_0340_0016,D8LL76,CBN76136.1
Ec-24_002650,Esi_0340_0017,D8LL77,CBN76137.1
Ec-24_002640,Esi_0340_0018,D8LL78,CBN76138.1
Ec-24_002630,Esi_0340_0021,D8LL79,CBN76139.1
Ec-24_002620,Esi_0340_0022,D8LL80,CBN76140.1
Ec-24_002610,Esi_0340_0024,D8LL81,CBN76141.1
Ec-24_002600,Esi_0340_0025,D8LL82,CBN76142.1
Ec-24_002590,Esi_0340_0026,D8LL83,CBN76143.1
Ec-24_002570,Esi_0340_0028,D8LL84,CBN76144.1
Ec-24_002560,Esi_0340_0029,D8LL85,CBN76145.1
Ec-24_002710,Esi_0340_0034,,
Ec-24_002580,Esi_0340_0035,,
Ec-09_001390,Esi_0341_0001,D7FYB9,CBJ32461.1
Ec-09_001370,Esi_0341_0011,D7FYC0,CBJ32462.1
,Esi_0341_0012,D7FYC1,CBJ32463.1
Ec-09_001360,Esi_0341_0014,D7FYC2,CBJ32464.1
Ec-09_001350,Esi_0341_0015,D7FYC3,CBJ32465.1
Ec-09_001340,Esi_0341_0016,D7FYC4,CBJ32466.1
Ec-09_001330,Esi_0341_0017,D7FYC5,CBJ32467.1
Ec-09_001320,Esi_0341_0018,D7FYC6,CBJ32468.1
Ec-09_001310,Esi_0341_0019,D7FYC7,CBJ32469.1
Ec-09_001300,Esi_0341_0021,D7FYC8,CBJ32470.1
Ec-09_001290,Esi_0341_0026,D7FYC9,CBJ32471.1
Ec-09_001280,Esi_0341_0028,D7FYD0,CBJ32472.1
Ec-09_001270,Esi_0341_0029,D7FYD1,CBJ32473.1
Ec-09_001380,Esi_0341_0033,,
Ec-08_003590,Esi_0342_0001,D7FYD2,CBJ32474.1
Ec-08_003600,Esi_0342_0002,D7FYD3,CBJ32475.1
Ec-08_003610,Esi_0342_0005,D7FYD4,CBJ32476.1
Ec-08_003620,Esi_0342_0007,D7FYD5,CBJ32477.1
Ec-08_003630,Esi_0342_0009,D7FYD6,CBJ32478.1
Ec-08_003650,Esi_0342_0011,D7FYD7,CBJ32479.1
,Esi_0342_0012,D7FYD8,CBJ32480.1
Ec-08_003660,Esi_0342_0013,D7FYD9,CBJ32481.1
Ec-08_003670,Esi_0342_0015,D7FYE0,CBJ32482.1
Ec-08_003680,Esi_0342_0017,D7FYE1,CBJ32483.1
Ec-08_003700,Esi_0342_0018,D7FYE2,CBJ32484.1
Ec-08_003710,Esi_0342_0020,D7FYE3,CBJ32485.1
,Esi_0342_0021,D7FYE4,CBJ32486.1
Ec-08_003750,Esi_0342_0023,D7FYE5,CBJ32487.1
Ec-08_003760,Esi_0342_0025,D7FYE6,CBJ32488.1
Ec-08_003770,Esi_0342_0027,D7FYE7,CBJ32489.1
Ec-08_003780,Esi_0342_0028,D7FYE8,CBJ32490.1
Ec-08_003790,Esi_0342_0029,D7FYE9,CBJ32491.1
Ec-08_003810,Esi_0342_0033,D7FYF0,CBJ32492.1
,Esi_0342_0034,D7FYF1,CBJ32493.1
Ec-08_003820,Esi_0342_0035,D7FYF2,CBJ32494.1
Ec-08_003830,Esi_0342_0036,D7FYF3,CBJ32495.1
Ec-08_003720,Esi_0342_0040,,
Ec-08_003730,Esi_0342_0041,,
Ec-08_003690,Esi_0342_0042,,
Ec-08_003740,Esi_0342_0043,,
Ec-08_003800,Esi_0342_0044,,
Ec-08_003640,Esi_0342_0045,,
Ec-19_001200,Esi_0343_0004,D7FYF4,CBJ32496.1
Ec-19_001190,Esi_0343_0011,D7FYF5,CBJ32497.1
,Esi_0343_0012,D7FYF6,CBJ32498.1
,Esi_0343_0016,D7FYF7,CBJ32499.1
Ec-19_001180,Esi_0343_0018,D7FYF8,CBJ32500.1
Ec-19_001170,Esi_0343_0019,D7FYF9,CBJ32501.1
Ec-19_001160,Esi_0343_0022,D7FYG0,CBJ32502.1
Ec-19_001140,Esi_0343_0024,D7FYG1,CBJ32503.1
Ec-19_001130,Esi_0343_0025,D7FYG2,CBJ32504.1
Ec-19_001120,Esi_0343_0026,D7FYG3,CBJ32505.1
Ec-19_001110,Esi_0343_0027,D7FYG4,CBJ32506.1
Ec-19_001090,Esi_0343_0030,D7FYG5,CBJ32507.1
,Esi_0343_0031,D7FYG6,CBJ32508.1
Ec-19_001080,Esi_0343_0032,D7FYG7,CBJ32509.1
Ec-19_001060,Esi_0343_0033,D7FYG8,CBJ32510.1
Ec-19_001050,Esi_0343_0034,D7FYG9,CBJ32511.1
Ec-19_001040,Esi_0343_0036,D7FYH0,CBJ32512.1
,Esi_0343_0037,D7FYH1,CBJ32513.1
Ec-19_001030,Esi_0343_0040,D7FYH2,CBJ32514.1
Ec-19_001070,Esi_0343_0048,,
Ec-19_001150,Esi_0343_0049,,
Ec-19_001100,Esi_0343_0050,,
Ec-19_001210,Esi_0343_0051,,
Ec-00_004240,Esi_0344_0009,D7FYH3,CBJ32515.1
Ec-00_004260,Esi_0344_0016,D7FYH4,CBJ32516.1
Ec-00_004280,Esi_0344_0019,D7FYH5,CBJ32517.1
Ec-00_004290,Esi_0344_0024,D7FYH6,CBJ32518.1
Ec-00_004300,Esi_0344_0027,D7FYH7,CBJ32519.1
Ec-00_004310,Esi_0344_0029,D7FYH8,CBJ32520.1
Ec-00_004320,Esi_0344_0030,D7FYH9,CBJ32521.1
Ec-00_004330,Esi_0344_0032,D7FYI0,CBJ32522.1
Ec-00_004340,Esi_0344_0035,D7FYI1,CBJ32523.1
Ec-00_004350,Esi_0344_0036,D7FYI2,CBJ32524.1
Ec-00_004270,Esi_0344_0042,,
Ec-00_004230,Esi_0344_0043,,
Ec-00_004250,Esi_0344_0044,,
Ec-23_003080,Esi_0345_0010,D7FYI3,CBJ32525.1
Ec-23_003070,Esi_0345_0012,D7FYI4,CBJ32526.1
Ec-23_003060,Esi_0345_0013,D7FYI5,CBJ32527.1
Ec-23_003050,Esi_0345_0014,D7FYI6,CBJ32528.1
Ec-23_003040,Esi_0345_0015,D7FYI7,CBJ32529.1
,Esi_0345_0016,D7FYI8,CBJ32530.1
Ec-23_003030,Esi_0345_0018,D7FYI9,CBJ32531.1
Ec-23_003020,Esi_0345_0021,D7FYJ0,CBJ32532.1
Ec-23_003010,Esi_0345_0022,D7FYJ1,CBJ32533.1
Ec-23_003000,Esi_0345_0023,D7FYJ2,CBJ32534.1
Ec-23_002990,Esi_0345_0025,D7FYJ3,CBJ32535.1
Ec-23_002980,Esi_0345_0026,D7FYJ4,CBJ32536.1
Ec-23_002970,Esi_0345_0031,D7FYJ5,CBJ32537.1
Ec-23_002960,Esi_0345_0036,D7FYJ6,CBJ32538.1
Ec-23_003110,Esi_0345_0047,,
Ec-23_003100,Esi_0345_0048,,
Ec-23_003090,Esi_0345_0049,,
Ec-02_004270,Esi_0346_0001,D7FYJ7,CBJ32539.1
Ec-02_004280,Esi_0346_0004,D7FYJ8,CBJ32540.1
Ec-02_004290,Esi_0346_0006,D7FYJ9,CBJ32541.1
Ec-02_004300,Esi_0346_0008,D7FYK0,CBJ32542.1
Ec-02_004320,Esi_0346_0010,D7FYK1,CBJ32543.1
Ec-02_004330,Esi_0346_0011,D7FYK2,CBJ32544.1
Ec-02_004340,Esi_0346_0014,D7FYK3,CBJ32545.1
Ec-02_004350,Esi_0346_0016,D7FYK4,CBJ32546.1
Ec-02_004360,Esi_0346_0017,D7FYK5,CBJ32547.1
Ec-02_004370,Esi_0346_0021,D7FYK6,CBJ32548.1
Ec-02_004380,Esi_0346_0025,D7FYK7,CBJ32549.1
Ec-02_004390,Esi_0346_0035,D7FYK8,CBJ32550.1
Ec-02_004400,Esi_0346_0037,D7FYK9,CBJ32551.1
Ec-02_004410,Esi_0346_0038,D7FYL0,CBJ32552.1
Ec-02_004420,Esi_0346_0039,D7FYL1,CBJ32553.1
Ec-02_004310,Esi_0346_0045,,
Ec-26_002660,Esi_0347_0003,D7FYL2,CBJ32554.1
Ec-26_002670,Esi_0347_0004,D7FYL3,CBJ32555.1
Ec-26_002680,Esi_0347_0006,D7FYL4,CBJ32556.1
,Esi_0347_0007,D7FYL5,CBJ32557.1
Ec-26_002690,Esi_0347_0008,D7FYL6,CBJ32558.1
Ec-26_002700,Esi_0347_0009,D7FYL7,CBJ32559.1
Ec-26_002710,Esi_0347_0010,D7FYL8,CBJ32560.1
Ec-26_002720,Esi_0347_0011,D7FYL9,CBJ32561.1
Ec-26_002730,Esi_0347_0013,D7FYM0,CBJ32562.1
Ec-26_002740,Esi_0347_0016,D7FYM1,CBJ32563.1
Ec-26_002750,Esi_0347_0017,D7FYM2,CBJ32564.1
Ec-26_002760,Esi_0347_0019,D7FYM3,CBJ32565.1
Ec-26_002770,Esi_0347_0020,D7FYM4,CBJ32566.1
Ec-26_002780,Esi_0347_0025,D7FYM5,CBJ32567.1
Ec-26_002790,Esi_0347_0031,D7FYM6,CBJ32568.1
Ec-26_002800,Esi_0347_0034,D7FYM7,CBJ32569.1
Ec-26_002810,Esi_0347_0043,,
Ec-17_000010,Esi_0348_0005,D7FYM8,CBJ32570.1
Ec-17_000020,Esi_0348_0008,D7FYM9,CBJ32571.1
Ec-17_000030,Esi_0348_0009,D7FYN0,CBJ32572.1
Ec-17_000040,Esi_0348_0010,D7FYN1,CBJ32573.1
Ec-17_000050,Esi_0348_0012,D7FYN2,CBJ32574.1
Ec-17_000070,Esi_0348_0016,D7FYN3,CBJ32575.1
Ec-17_000080,Esi_0348_0018,D7FYN4,CBJ32576.1
Ec-17_000100,Esi_0348_0021,D7FYN5,CBJ32577.1
Ec-17_000120,Esi_0348_0023,D7FYN6,CBJ32578.1
Ec-17_000130,Esi_0348_0025,D7FYN7,CBJ32579.1
Ec-17_000160,Esi_0348_0030,D7FYN8,CBJ32580.1
Ec-17_000170,Esi_0348_0031,D7FYN9,CBJ32581.1
Ec-17_000180,Esi_0348_0033,D7FYP0,CBJ32582.1
Ec-17_000190,Esi_0348_0035,D7FYP1,CBJ32583.1
Ec-17_000200,Esi_0348_0037,D7FYP2,CBJ32584.1
Ec-17_000110,Esi_0348_0042,,
Ec-17_000060,Esi_0348_0043,,
Ec-17_000090,Esi_0348_0044,,
Ec-17_000140,Esi_0348_0045,,
Ec-17_000150,Esi_0348_0046,,
Ec-26_004110,Esi_0349_0003,D7FYQ8,CBJ32585.1
Ec-26_004120,Esi_0349_0004,D7FYQ9,CBJ32586.1
Ec-26_004140,Esi_0349_0007,D7FYR0,CBJ32587.1
Ec-26_004150,Esi_0349_0010,D7FYR1,CBJ32588.1
Ec-26_004170,Esi_0349_0012,D7FYR2,CBJ32589.1
Ec-26_004180,Esi_0349_0015,D7FYR3,CBJ32590.1
Ec-26_004190,Esi_0349_0016,D7FYR4,CBJ32591.1
Ec-26_004200,Esi_0349_0018,D7FYR5,CBJ32592.1
Ec-26_004210,Esi_0349_0019,D7FYP3,CBJ32593.1
Ec-26_004220,Esi_0349_0020,D7FYP4,CBJ32594.1
Ec-26_004230,Esi_0349_0021,D7FYP5,CBJ32595.1
Ec-26_004240,Esi_0349_0022,D7FYP6,CBJ32596.1
Ec-26_004250,Esi_0349_0024,D7FYP7,CBJ32597.1
Ec-26_004260,Esi_0349_0025,D7FYP8,CBJ32598.1
Ec-26_004270,Esi_0349_0026,D7FYP9,CBJ32599.1
Ec-26_004280,Esi_0349_0027,D7FYQ0,CBJ32600.1
Ec-26_004300,Esi_0349_0028,D7FYQ1,CBJ32601.1
Ec-26_004310,Esi_0349_0029,D7FYQ2,CBJ32602.1
,Esi_0349_0030,D7FYQ3,CBJ32603.1
Ec-26_004320,Esi_0349_0031,D7FYQ4,CBJ32604.1
,Esi_0349_0032,D7FYQ5,CBJ32605.1
Ec-26_004330,Esi_0349_0034,D7FYQ6,CBJ32606.1
Ec-26_004340,Esi_0349_0035,D7FYQ7,CBJ32607.1
Ec-26_004290,Esi_0349_0039,,
Ec-26_004130,Esi_0349_0040,,
Ec-26_004160,Esi_0349_0041,,
Ec-06_002250,Esi_0350_0001,D7FYZ1,CBJ32608.1
Ec-06_002240,Esi_0350_0002,D7FYZ2,CBJ32609.1
Ec-06_002230,Esi_0350_0003,D7FYZ3,CBJ32610.1
Ec-06_002220,Esi_0350_0005,D7FYZ4,CBJ32611.1
Ec-06_002210,Esi_0350_0006,D7FYZ5,CBJ32612.1
Ec-06_002200,Esi_0350_0007,D7FYZ6,CBJ32613.1
,Esi_0350_0009,D7FYZ7,CBJ32614.1
Ec-06_002190,Esi_0350_0011,D7FYZ8,CBJ32615.1
,Esi_0350_0016,D7FYZ9,CBJ32616.1
Ec-06_002180,Esi_0350_0017,D7FZ00,CBJ32617.1
Ec-06_002120,Esi_0350_0019,D7FZ01,CBJ32618.1
Ec-06_002110,Esi_0350_0020,D7FZ02,CBJ32619.1
Ec-06_002100,Esi_0350_0022,D7FZ03,CBJ32620.1
Ec-06_002080,Esi_0350_0023,D7FZ04,CBJ32621.1
Ec-06_002060,Esi_0350_0024,D7FZ05,CBJ32622.1
Ec-06_002050,Esi_0350_0025,D7FZ06,CBJ32623.1
Ec-06_002040,Esi_0350_0026,D7FZ07,CBJ32624.1
Ec-06_002030,Esi_0350_0027,D7FZ08,CBJ32625.1
Ec-06_002020,Esi_0350_0030,D7FZ09,CBJ32626.1
Ec-06_002010,Esi_0350_0031,D7FZ10,CBJ32627.1
Ec-06_002170,Esi_0350_0036,,
Ec-06_002160,Esi_0350_0037,,
Ec-06_002150,Esi_0350_0038,,
Ec-06_002140,Esi_0350_0039,,
Ec-06_002130,Esi_0350_0040,,
Ec-06_002090,Esi_0350_0042,,
Ec-06_002070,Esi_0350_0043,,
Ec-20_001130,Esi_0351_0001,D7FZ11,CBJ32628.1
Ec-20_001140,Esi_0351_0003,D7FZ12,CBJ32629.1
Ec-20_001150,Esi_0351_0007,D7FZ13,CBJ32630.1
Ec-20_001160,Esi_0351_0008,D7FZ14,CBJ32631.1
Ec-20_001170,Esi_0351_0009,D7FZ15,CBJ32632.1
Ec-20_001180,Esi_0351_0011,D7FZ16,CBJ32633.1
Ec-20_001190,Esi_0351_0012,D7FZ17,CBJ32634.1
Ec-20_001210,Esi_0351_0013,D7FZ18,CBJ32635.1
Ec-20_001220,Esi_0351_0015,D7FZ19,CBJ32636.1
Ec-20_001230,Esi_0351_0016,D7FZ20,CBJ32637.1
Ec-20_001250,Esi_0351_0017,D7FZ21,CBJ32638.1
Ec-20_001260,Esi_0351_0022,D7FZ22,CBJ32639.1
Ec-20_001270,Esi_0351_0023,D7FZ23,CBJ32640.1
Ec-20_001240,Esi_0351_0026,,
Ec-20_001200,Esi_0351_0027,,
Ec-00_004360,Esi_0352_0002,D7FZ24,CBJ32641.1
Ec-00_004370,Esi_0352_0007,D7FZ25,CBJ32642.1
Ec-00_004400,Esi_0352_0021,D7FZ26,CBJ32643.1
Ec-00_004410,Esi_0352_0025,D7FZ27,CBJ32644.1
Ec-00_004420,Esi_0352_0026,D7FZ28,CBJ32645.1
Ec-00_004430,Esi_0352_0027,D7FZ29,CBJ32646.1
Ec-00_004440,Esi_0352_0031,D7FZ30,CBJ32647.1
Ec-00_004390,Esi_0352_0036,,
Ec-00_004380,Esi_0352_0037,,
Ec-17_004280,Esi_0353_0008,D7FZ31,CBJ32648.1
Ec-17_004300,Esi_0353_0016,D7FZ32,CBJ32649.1
Ec-17_004310,Esi_0353_0017,D7FZ33,CBJ32650.1
Ec-17_004320,Esi_0353_0018,D7FZ34,CBJ32651.1
Ec-17_004330,Esi_0353_0019,D7FZ35,CBJ32652.1
Ec-17_004340,Esi_0353_0021,D7FZ36,CBJ32653.1
Ec-17_004350,Esi_0353_0023,D7FZ37,CBJ32654.1
Ec-17_004360,Esi_0353_0025,D7FZ38,CBJ32655.1
Ec-17_004370,Esi_0353_0028,D7FZ39,CBJ32656.1
Ec-17_004390,Esi_0353_0031,D7FZ40,CBJ32657.1
Ec-17_004400,Esi_0353_0035,D7FZ41,CBJ32658.1
Ec-17_004290,Esi_0353_0037,,
Ec-17_004380,Esi_0353_0038,,
Ec-00_004450,Esi_0354_0008,D7FZ42,CBJ32659.1
Ec-00_004480,Esi_0354_0019,D7FZ43,CBJ32660.1
Ec-00_004490,Esi_0354_0020,D7FZ44,CBJ32661.1
Ec-00_004490,Esi_0354_0021,D7FZ45,CBJ32662.1
Ec-00_004500,Esi_0354_0036,D7FZ46,CBJ32663.1
Ec-00_004460,Esi_0354_0046,,
Ec-00_004470,Esi_0354_0047,,
obsolete,Esi_0355_0007,D7FZ47,CBJ32664.1
Ec-02_006260,Esi_0355_0009,D7FZ48,CBJ32665.1
Ec-02_006280,Esi_0355_0011,D7FZ49,CBJ32666.1
Ec-02_006290,Esi_0355_0013,D7FZ50,CBJ32667.1
Ec-02_006300,Esi_0355_0014,D7FZ51,CBJ32668.1
Ec-02_006310,Esi_0355_0015,D7FZ52,CBJ32669.1
Ec-02_006320,Esi_0355_0016,D7FZ53,CBJ32670.1
Ec-02_006330,Esi_0355_0017,D7FZ54,CBJ32671.1
Ec-02_006340,Esi_0355_0018,D7FZ55,CBJ32672.1
Ec-02_006350,Esi_0355_0019,D7FZ56,CBJ32673.1
Ec-02_006360,Esi_0355_0020,D7FZ57,CBJ32674.1
Ec-02_006370,Esi_0355_0021,D7FZ58,CBJ32675.1
Ec-02_006380,Esi_0355_0023,D7FZ59,CBJ32676.1
Ec-02_006380,Esi_0355_0025,D7FZ60,CBJ32677.1
Ec-02_006390,Esi_0355_0026,D7FZ61,CBJ32678.1
Ec-02_006400,Esi_0355_0027,D7FZ62,CBJ32679.1
Ec-02_006410,Esi_0355_0028,D7FZ63,CBJ32680.1
Ec-02_006430,Esi_0355_0029,D7FZ64,CBJ32681.1
Ec-02_006450,Esi_0355_0033,D7FZ65,CBJ32682.1
Ec-02_006270,Esi_0355_0037,,
Ec-02_006250,Esi_0355_0038,,
Ec-02_006420,Esi_0355_0039,,
Ec-02_006440,Esi_0355_0040,,
Ec-02_002240,Esi_0356_0002,D7FZ66,CBJ32683.1
Ec-02_002270,Esi_0356_0010,D7FZ67,CBJ32684.1
Ec-02_002280,Esi_0356_0012,D7FZ68,CBJ32685.1
Ec-02_002300,Esi_0356_0017,D7FZ69,CBJ32686.1
Ec-02_002310,Esi_0356_0023,D7FZ70,CBJ32687.1
Ec-02_002320,Esi_0356_0029,D7FZ71,CBJ32688.1
Ec-02_002330,Esi_0356_0030,D7FZ72,CBJ32689.1
Ec-02_002340,Esi_0356_0031,D7FZ73,CBJ32690.1
Ec-02_002400,Esi_0356_0035,D7FZ74,CBJ32691.1
Ec-02_002350,Esi_0356_0042,,
Ec-02_002360,Esi_0356_0043,,
Ec-02_002370,Esi_0356_0044,,
Ec-02_002380,Esi_0356_0045,,
Ec-02_002390,Esi_0356_0046,,
Ec-02_002410,Esi_0356_0047,,
Ec-02_002420,Esi_0356_0048,,
Ec-02_002250,Esi_0356_0050,,
Ec-02_002230,Esi_0356_0051,,
Ec-02_002260,Esi_0356_0052,,
Ec-02_002290,Esi_0356_0053,,
Ec-13_002850,Esi_0357_0001,D7FZ75,CBJ32692.1
Ec-13_002830,Esi_0357_0002,D7FZ76,CBJ32693.1
Ec-13_002810,Esi_0357_0003,D7FZ77,CBJ32694.1
Ec-13_002780,Esi_0357_0009,D7FZ78,CBJ32695.1
Ec-13_002770,Esi_0357_0010,D7FZ79,CBJ32696.1
,Esi_0357_0011,D7FZ80,CBJ32697.1
Ec-13_002760,Esi_0357_0012,D7FZ81,CBJ32698.1
Ec-13_002750,Esi_0357_0013,D7FZ82,CBJ32699.1
Ec-13_002720,Esi_0357_0016,D7FZ83,CBJ32700.1
Ec-13_002710,Esi_0357_0018,D7FZ84,CBJ32701.1
Ec-13_002700,Esi_0357_0021,D7FZ85,CBJ32702.1
Ec-13_002820,Esi_0357_0034,,
Ec-13_002690,Esi_0357_0035,,
Ec-13_002740,Esi_0357_0037,,
Ec-13_002730,Esi_0357_0038,,
Ec-13_002840,Esi_0357_0039,,
Ec-13_002800,Esi_0357_0040,,
Ec-13_002790,Esi_0357_0041,,
Ec-06_008910,Esi_0358_0003,D7FZ86,CBJ32703.1
Ec-06_008920,Esi_0358_0005,D7FZ87,CBJ32704.1
Ec-06_008930,Esi_0358_0006,D7FZ88,CBJ32705.1
Ec-06_008940,Esi_0358_0007,D7FZ89,CBJ32706.1
Ec-06_008960,Esi_0358_0017,D7FZ90,CBJ32707.1
Ec-06_008970,Esi_0358_0018,D7FZ91,CBJ32708.1
Ec-06_008980,Esi_0358_0019,D7FZ92,CBJ32709.1
Ec-06_008990,Esi_0358_0025,D7FZ93,CBJ32710.1
Ec-06_009000,Esi_0358_0027,D7FZ94,CBJ32711.1
Ec-06_009010,Esi_0358_0029,D7FZ95,CBJ32712.1
Ec-06_009020,Esi_0358_0030,D7FZ96,CBJ32713.1
Ec-06_009040,Esi_0358_0032,D7FZ97,CBJ32714.1
Ec-06_009060,Esi_0358_0036,D7FZ98,CBJ32715.1
Ec-06_009070,Esi_0358_0038,D7FZ99,CBJ32716.1
Ec-06_009080,Esi_0358_0040,D7FZA0,CBJ32717.1
Ec-06_008950,Esi_0358_0045,,
Ec-06_009030,Esi_0358_0046,,
Ec-06_009050,Esi_0358_0047,,
Ec-19_000130,Esi_0359_0001,D7FZA1,CBJ32718.1
Ec-19_000160,Esi_0359_0006,D7FZA2,CBJ32719.1
Ec-19_000170,Esi_0359_0010,D7FZA3,CBJ32720.1
Ec-19_000180,Esi_0359_0011,D7FZA4,CBJ32721.1
Ec-19_000190,Esi_0359_0012,D7FZA5,CBJ32722.1
Ec-19_000200,Esi_0359_0018,D7FZA6,CBJ32723.1
Ec-19_000220,Esi_0359_0019,D7FZA7,CBJ32724.1
Ec-19_000230,Esi_0359_0023,D7FZA8,CBJ32725.1
Ec-19_000240,Esi_0359_0024,D7FZA9,CBJ32726.1
Ec-19_000250,Esi_0359_0027,D7FZB0,CBJ32727.1
Ec-19_000210,Esi_0359_0035,,
Ec-19_000140,Esi_0359_0036,,
Ec-19_000150,Esi_0359_0037,,
Ec-00_004510,Esi_0360_0006,D7FZB1,CBJ32728.1
Ec-00_004520,Esi_0361_0004,D8LLG6,CBN76146.1
Ec-00_004540,Esi_0361_0007,D8LLG7,CBN76147.1
Ec-00_004550,Esi_0361_0009,D8LLG8,CBN76148.1
Ec-00_004560,Esi_0361_0010,D8LLG9,CBN76149.1
Ec-00_004570,Esi_0361_0011,D8LLH0,CBN76150.1
Ec-00_004580,Esi_0361_0013,D8LLH1,CBN76151.1
Ec-00_004590,Esi_0361_0016,D8LLH2,CBN76152.1
Ec-00_004610,Esi_0361_0018,D8LLH3,CBN76153.1
Ec-00_004620,Esi_0361_0019,D8LLH4,CBN76154.1
Ec-00_004630,Esi_0361_0020,D8LLH5,CBN76155.1
Ec-00_004640,Esi_0361_0021,D8LLH6,CBN76156.1
Ec-00_004650,Esi_0361_0024,D8LLH7,CBN76157.1
Ec-00_004670,Esi_0361_0026,D8LLH8,CBN76158.1
Ec-00_004690,Esi_0361_0028,D8LLH9,CBN76159.1
Ec-00_004700,Esi_0361_0029,,
Ec-00_004600,Esi_0361_0037,,
Ec-00_004660,Esi_0361_0038,,
Ec-00_004680,Esi_0361_0039,,
Ec-00_004710,Esi_0361_0040,,
Ec-00_004720,Esi_0361_0041,,
Ec-00_004530,Esi_0361_0042,,
Ec-07_001580,Esi_0362_0002,D7FZB2,CBJ32729.1
Ec-07_001590,Esi_0362_0005,D7FZB3,CBJ32730.1
Ec-07_001600,Esi_0362_0006,D7FZB4,CBJ32731.1
Ec-07_001620,Esi_0362_0007,D7FZB5,CBJ32732.1
Ec-07_001630,Esi_0362_0009,D7FZB6,CBJ32733.1
Ec-07_001640,Esi_0362_0010,D7FZB7,CBJ32734.1
Ec-07_001650,Esi_0362_0011,D7FZB8,CBJ32735.1
Ec-07_001660,Esi_0362_0012,D7FZB9,CBJ32736.1
Ec-07_001670,Esi_0362_0013,D7FZC0,CBJ32737.1
Ec-07_001680,Esi_0362_0014,D7FZC1,CBJ32738.1
Ec-07_001690,Esi_0362_0015,D7FZC2,CBJ32739.1
,Esi_0362_0017,D7FZC3,CBJ32740.1
Ec-07_001710,Esi_0362_0019,D7FZC4,CBJ32741.1
Ec-07_001720,Esi_0362_0021,D7FZC5,CBJ32742.1
Ec-07_001740,Esi_0362_0022,D7FZC6,CBJ32743.1
Ec-07_001750,Esi_0362_0023,D7FZC7,CBJ32744.1
Ec-07_001700,Esi_0362_0027,,
Ec-07_001730,Esi_0362_0028,,
Ec-07_001610,Esi_0362_0029,,
Ec-13_002270,Esi_0363_0004,D7FZC8,CBJ32745.1
Ec-13_002280,Esi_0363_0005,D7FZC9,CBJ32746.1
Ec-13_002290,Esi_0363_0006,D7FZD0,CBJ32747.1
Ec-13_002300,Esi_0363_0007,D7FZD1,CBJ32748.1
Ec-13_002310,Esi_0363_0009,D7FZD2,CBJ32749.1
Ec-13_002330,Esi_0363_0010,D7FZD3,CBJ32750.1
,Esi_0363_0019,D7FZD4,CBJ32751.1
Ec-13_002260,Esi_0363_0032,,
Ec-13_002320,Esi_0363_0033,,
Ec-00_004740,Esi_0364_0009,D7FZD5,CBJ32752.1
Ec-00_004750,Esi_0364_0012,D7FZD6,CBJ32753.1
Ec-00_004760,Esi_0364_0015,D7FZD7,CBJ32754.1
Ec-00_004810,Esi_0364_0018,D7FZD8,CBJ32755.1
Ec-00_004830,Esi_0364_0027,D7FZD9,CBJ32756.1
Ec-00_004770,Esi_0364_0033,,
Ec-00_004780,Esi_0364_0034,,
Ec-00_004790,Esi_0364_0035,,
Ec-00_004800,Esi_0364_0036,,
Ec-00_004820,Esi_0364_0037,,
Ec-00_004730,Esi_0364_0038,,
Ec-26_000010,Esi_0365_0013,D7FZE0,CBJ32757.1
Ec-26_000020,Esi_0365_0015,D7FZE1,CBJ32758.1
Ec-26_000030,Esi_0365_0030,,
Ec-26_000040,Esi_0365_0031,,
Ec-26_000050,Esi_0365_0032,,
Ec-27_001480,Esi_0366_0003,D7FZE2,CBJ32759.1
Ec-27_001490,Esi_0366_0004,D7FZE3,CBJ32760.1
Ec-27_001500,Esi_0366_0008,D7FZE4,CBJ32761.1
Ec-27_001510,Esi_0366_0009,D7FZE5,CBJ32762.1
Ec-27_001530,Esi_0366_0012,D7FZE6,CBJ32763.1
Ec-27_001540,Esi_0366_0013,D7FZE7,CBJ32764.1
Ec-27_001550,Esi_0366_0019,D7FZE8,CBJ32765.1
Ec-27_001560,Esi_0366_0020,D7FZE9,CBJ32766.1
Ec-27_001570,Esi_0366_0024,D7FZF0,CBJ32767.1
Ec-27_001580,Esi_0366_0025,D7FZF1,CBJ32768.1
Ec-27_001520,Esi_0366_0028,,
Ec-19_003090,Esi_0367_0001,D7FZF2,CBJ32769.1
Ec-19_003100,Esi_0367_0003,D7FZF3,CBJ32770.1
Ec-19_003110,Esi_0367_0004,D7FZF4,CBJ32771.1
Ec-19_003130,Esi_0367_0006,D7FZF5,CBJ32772.1
,Esi_0367_0007,D7FZF6,CBJ32773.1
Ec-19_003140,Esi_0367_0008,D7FZF7,CBJ32774.1
Ec-19_003150,Esi_0367_0009,D7FZF8,CBJ32775.1
Ec-19_003160,Esi_0367_0010,D7FZF9,CBJ32776.1
Ec-19_003170,Esi_0367_0011,D7FZG0,CBJ32777.1
Ec-19_003180,Esi_0367_0013,D7FZG1,CBJ32778.1
Ec-19_003190,Esi_0367_0016,D7FZG2,CBJ32779.1
Ec-19_003200,Esi_0367_0018,D7FZG3,CBJ32780.1
Ec-19_003210,Esi_0367_0020,D7FZG4,CBJ32781.1
Ec-19_003220,Esi_0367_0022,D7FZG5,CBJ32782.1
Ec-19_003230,Esi_0367_0023,D7FZG6,CBJ32783.1
Ec-19_003120,Esi_0367_0025,,
Ec-22_001060,Esi_0368_0002,D8LLI1,CBN79683.1
Ec-22_001070,Esi_0368_0004,D8LLI2,CBN79684.1
Ec-22_001080,Esi_0368_0005,D8LLI3,CBN79685.1
,Esi_0368_0008,D8LLI4,CBN79686.1
Ec-22_001090,Esi_0368_0009,D8LLI5,CBN79687.1
Ec-22_001100,Esi_0368_0010,D8LLI6,CBN79688.1
Ec-22_001110,Esi_0368_0011,D8LLI7,CBN79689.1
,Esi_0368_0013,D8LLI8,CBN79690.1
Ec-22_001130,Esi_0368_0016,D8LLI9,CBN79691.1
Ec-22_001140,Esi_0368_0019,D8LLJ0,CBN79692.2
Ec-22_001150,Esi_0368_0022,D8LLJ1,CBN79693.1
Ec-22_001160,Esi_0368_0024,D8LLJ2,CBN79694.1
,Esi_0368_0028,D8LLJ3,CBN79695.1
Ec-22_001120,Esi_0368_0031,,
Ec-00_004840,Esi_0369_0025,D7FZG7,CBJ32784.1
Ec-02_002690,Esi_0370_0002,D8LLS5,CBN76161.1
Ec-02_002700,Esi_0370_0003,D8LLS6,CBN76162.1
Ec-02_002700,Esi_0370_0004,D8LLS7,CBN76163.1
Ec-02_002710,Esi_0370_0005,D8LLS8,CBN76164.1
Ec-02_002720,Esi_0370_0007,D8LLS9,CBN76165.1
Ec-02_002730,Esi_0370_0008,D8LLT0,CBN76166.1
Ec-02_002740,Esi_0370_0009,D8LLT1,CBN76167.1
Ec-02_002750,Esi_0370_0012,D8LLT2,CBN76168.1
Ec-02_002760,Esi_0370_0014,D8LLT3,CBN76169.1
Ec-02_002780,Esi_0370_0025,D8LLT4,CBN76170.1
Ec-02_002790,Esi_0370_0026,D8LLT5,CBN76171.1
Ec-02_002820,Esi_0370_0029,D8LLT6,CBN76172.1
Ec-02_002830,Esi_0370_0030,D8LLT7,CBN76173.1
Ec-02_002770,Esi_0370_0033,,
Ec-02_002800,Esi_0370_0034,,
Ec-02_002810,Esi_0370_0035,,
Ec-23_002900,Esi_0371_0002,D7FZG8,CBJ49278.1
Ec-23_002890,Esi_0371_0003,D7FZG9,CBJ49279.1
Ec-23_002880,Esi_0371_0004,D7FZH0,CBJ49280.1
Ec-23_002870,Esi_0371_0006,D7FZH1,CBJ49281.1
Ec-23_002860,Esi_0371_0007,D7FZH2,CBJ49282.1
Ec-23_002850,Esi_0371_0008,D7FZH3,CBJ49283.1
Ec-23_002840,Esi_0371_0010,D7FZH4,CBJ49284.1
Ec-23_002830,Esi_0371_0012,D7FZH5,CBJ49285.1
Ec-23_002820,Esi_0371_0015,D7FZH6,CBJ49286.1
Ec-23_002810,Esi_0371_0019,D7FZH7,CBJ49287.1
Ec-23_002800,Esi_0371_0035,,
Ec-10_003040,Esi_0372_0002,D8LLT8,CBN76174.1
,Esi_0372_0003,D8LLT9,CBN76175.1
Ec-10_003070,Esi_0372_0014,D8LLU0,CBN76176.1
,Esi_0372_0016,D8LLU1,CBN76177.1
Ec-10_003100,Esi_0372_0020,D8LLU2,CBN76178.1
Ec-10_003110,Esi_0372_0021,D8LLU3,CBN76179.1
Ec-10_003130,Esi_0372_0024,D8LLU4,CBN76180.1
Ec-10_003150,Esi_0372_0025,D8LLU5,CBN76181.1
,Esi_0372_0026,D8LLU6,CBN76182.1
Ec-10_003170,Esi_0372_0027,D8LLU7,CBN76183.1
Ec-10_003190,Esi_0372_0028,D8LLU8,CBN76184.1
,Esi_0372_0029,D8LLU9,CBN76185.1
Ec-10_003180,Esi_0372_0033,,
Ec-10_003140,Esi_0372_0034,,
Ec-10_003090,Esi_0372_0035,,
Ec-10_003120,Esi_0372_0036,,
Ec-10_003160,Esi_0372_0037,,
Ec-10_003050,Esi_0372_0038,,
Ec-10_003060,Esi_0372_0039,,
Ec-10_003080,Esi_0372_0040,,
Ec-00_004850,Esi_0373_0001,D7FZH8,CBJ32785.1
,Esi_0373_0002,D7FZH9,CBJ32786.1
Ec-00_004870,Esi_0373_0014,D7FZI0,CBJ32787.1
Ec-00_004860,Esi_0373_0022,,
Ec-00_004880,Esi_0373_0023,,
Ec-05_000010,Esi_0374_0004,D7FZI1,CBJ32788.1
Ec-05_000050,Esi_0374_0012,D7FZI2,CBJ32789.1
Ec-05_000060,Esi_0374_0014,D7FZI3,CBJ32790.1
Ec-05_000070,Esi_0374_0015,D7FZI4,CBJ32791.1
Ec-05_000080,Esi_0374_0020,D7FZI5,CBJ32792.1
Ec-05_000020,Esi_0374_0033,,
Ec-05_000030,Esi_0374_0034,,
Ec-05_000040,Esi_0374_0035,,
Ec-13_001540,Esi_0375_0001,D7FZI6,CBJ32793.1
Ec-13_001560,Esi_0375_0005,D7FZI7,CBJ32794.1
Ec-13_001570,Esi_0375_0007,D7FZI8,CBJ32795.1
Ec-13_001590,Esi_0375_0008,D7FZI9,CBJ32796.1
Ec-13_001600,Esi_0375_0013,D7FZJ0,CBJ32797.1
Ec-13_001620,Esi_0375_0015,D7FZJ1,CBJ32798.1
Ec-13_001630,Esi_0375_0017,D7FZJ2,CBJ32799.1
Ec-13_001640,Esi_0375_0018,D7FZJ3,CBJ32800.1
Ec-13_001650,Esi_0375_0020,D7FZJ4,CBJ32801.1
Ec-13_001660,Esi_0375_0021,D7FZJ5,CBJ32802.1
Ec-13_001670,Esi_0375_0022,D7FZJ6,CBJ32803.1
Ec-13_001680,Esi_0375_0025,D7FZJ7,CBJ32804.1
Ec-13_001700,Esi_0375_0027,D7FZJ8,CBJ32805.1
Ec-13_001610,Esi_0375_0030,,
Ec-13_001690,Esi_0375_0031,,
Ec-13_001550,Esi_0375_0032,,
Ec-13_001580,Esi_0375_0033,,
Ec-01_010200,Esi_0376_0005,D7FZJ9,CBJ32806.1
Ec-01_010170,Esi_0376_0006,D7FZK0,CBJ32807.1
Ec-01_010160,Esi_0376_0007,D7FZK1,CBJ32808.1
Ec-01_010150,Esi_0376_0008,D7FZK2,CBJ32809.1
Ec-01_010140,Esi_0376_0010,D7FZK3,CBJ32810.1
Ec-01_010100,Esi_0376_0019,D7FZK4,CBJ32811.1
Ec-01_010090,Esi_0376_0020,D7FZK5,CBJ32812.1
Ec-01_010080,Esi_0376_0023,D7FZK6,CBJ32813.1
Ec-01_010070,Esi_0376_0024,D7FZK7,CBJ32814.1
Ec-01_010060,Esi_0376_0025,D7FZK8,CBJ32815.1
Ec-01_010050,Esi_0376_0026,D7FZK9,CBJ32816.1
Ec-01_010040,Esi_0376_0031,D7FZL0,CBJ32817.1
Ec-01_010130,Esi_0376_0037,,
Ec-01_010120,Esi_0376_0038,,
Ec-01_010110,Esi_0376_0039,,
Ec-01_010210,Esi_0376_0040,,
Ec-01_010190,Esi_0376_0041,,
Ec-01_010180,Esi_0376_0042,,
Ec-21_000060,Esi_0377_0001,D7FZL1,CBJ32818.1
Ec-21_000080,Esi_0377_0007,D7FZL2,CBJ32819.1
Ec-21_000090,Esi_0377_0012,D7FZL3,CBJ32820.1
Ec-21_000070,Esi_0377_0031,,
Ec-25_003540,Esi_0378_0001,D7FZL4,CBJ32821.1
Ec-25_003550,Esi_0378_0002,D7FZL5,CBJ32822.1
Ec-25_003560,Esi_0378_0007,D7FZL6,CBJ32823.1
Ec-25_003580,Esi_0378_0010,D7FZL7,CBJ32824.1
Ec-25_003590,Esi_0378_0011,D7FZL8,CBJ32825.1
Ec-25_003600,Esi_0378_0013,D7FZL9,CBJ32826.1
Ec-25_003620,Esi_0378_0014,D7FZM0,CBJ32827.1
Ec-25_003630,Esi_0378_0017,D7FZM1,CBJ32828.1
Ec-25_003640,Esi_0378_0021,D7FZM2,CBJ32829.1
Ec-25_003650,Esi_0378_0023,D7FZM3,CBJ32830.1
Ec-25_003570,Esi_0378_0026,,
Ec-25_003610,Esi_0378_0027,,
Ec-17_003760,Esi_0379_0001,D7FZM4,CBJ32831.1
Ec-17_003770,Esi_0379_0004,D7FZM5,CBJ32832.1
Ec-17_003820,Esi_0379_0011,D7FZM6,CBJ32833.1
Ec-17_003830,Esi_0379_0012,D7FZM7,CBJ32834.1
Ec-17_003840,Esi_0379_0013,D7FZM8,CBJ32835.1
,Esi_0379_0016,D7FZM9,CBJ32836.1
Ec-17_003850,Esi_0379_0019,D7FZN0,CBJ32837.1
Ec-17_003860,Esi_0379_0021,D7FZN1,CBJ32838.1
Ec-17_003870,Esi_0379_0027,D7FZN2,CBJ32839.1
Ec-17_003880,Esi_0379_0028,D7FZN3,CBJ32840.1
Ec-17_003780,Esi_0379_0033,,
Ec-17_003790,Esi_0379_0034,,
Ec-17_003800,Esi_0379_0035,,
Ec-17_003810,Esi_0379_0036,,
Ec-08_001110,Esi_0380_0002,D7FZN4,CBJ32841.1
Ec-08_001120,Esi_0380_0003,D7FZN5,CBJ32842.1
Ec-08_001130,Esi_0380_0005,D7FZN6,CBJ32843.1
,Esi_0380_0006,D7FZN7,CBJ32844.1
Ec-08_001150,Esi_0380_0007,D7FZN8,CBJ32845.1
Ec-08_001170,Esi_0380_0011,D7FZN9,CBJ32846.1
Ec-08_001170,Esi_0380_0012,D7FZP0,CBJ32847.1
Ec-08_001180,Esi_0380_0013,D7FZP1,CBJ32848.1
Ec-08_001190,Esi_0380_0014,D7FZP2,CBJ32849.1
Ec-08_001200,Esi_0380_0017,,
Ec-08_001210,Esi_0380_0019,D7FZP4,CBJ32851.1
Ec-08_001220,Esi_0380_0021,,CBJ32852.1
Ec-08_001140,Esi_0380_0026,,
Ec-08_001160,Esi_0380_0027,,
Ec-08_001000,Esi_0381_0001,D7FZP6,CBJ32853.1
Ec-08_001010,Esi_0381_0002,D7FZP7,CBJ32854.1
Ec-08_001020,Esi_0381_0003,D7FZP8,CBJ32855.1
obsolete,Esi_0381_0004,D7FZP9,CBJ32856.1
Ec-08_001030,Esi_0381_0005,D7FZQ0,CBJ32857.1
Ec-08_001040,Esi_0381_0006,D7FZQ1,CBJ32858.1
Ec-08_001060,Esi_0381_0007,D7FZQ2,CBJ32859.1
,Esi_0381_0008,D7FZQ3,CBJ32860.1
Ec-08_001070,Esi_0381_0009,D7FZQ4,CBJ32861.1
Ec-08_001090,Esi_0381_0010,D7FZQ5,CBJ32862.1
Ec-08_001100,Esi_0381_0015,D7FZQ6,CBJ32863.1
Ec-08_001080,Esi_0381_0018,,
Ec-08_001050,Esi_0381_0019,,
Ec-13_000020,Esi_0382_0005,D7FZQ7,CBJ32864.1
Ec-13_000030,Esi_0382_0016,D7FZQ8,CBJ32865.1
Ec-21_004010,Esi_0383_0002,D7FZQ9,CBJ32866.1
Ec-21_004020,Esi_0383_0005,D7FZR0,CBJ32867.1
Ec-21_004030,Esi_0383_0007,D7FZR1,CBJ32868.1
Ec-21_004040,Esi_0383_0008,D7FZR2,CBJ32869.1
Ec-21_004050,Esi_0383_0009,D7FZR3,CBJ32870.1
Ec-21_004060,Esi_0383_0010,D7FZR4,CBJ32871.1
Ec-21_004070,Esi_0383_0011,D7FZR5,CBJ32872.1
Ec-21_004080,Esi_0383_0013,D7FZR6,CBJ32873.1
Ec-21_004090,Esi_0383_0014,D7FZR7,CBJ32874.1
Ec-21_004100,Esi_0383_0015,D7FZR8,CBJ32875.1
Ec-21_004110,Esi_0383_0016,D7FZR9,CBJ32876.1
Ec-21_004120,Esi_0383_0017,D7FZS0,CBJ32877.1
Ec-21_004130,Esi_0383_0020,D7FZS1,CBJ32878.1
Ec-21_004140,Esi_0383_0022,D7FZS2,CBJ32879.1
Ec-21_004150,Esi_0383_0024,D7FZS3,CBJ32880.1
Ec-06_002330,Esi_0384_0001,D8LM38,CBN76186.1
Ec-06_002340,Esi_0384_0002,D8LM39,CBN76187.1
Ec-06_002360,Esi_0384_0006,D8LM40,CBN76188.1
Ec-06_002380,Esi_0384_0007,D8LM41,CBN76189.1
Ec-06_002390,Esi_0384_0008,D8LM42,CBN76190.1
Ec-06_002400,Esi_0384_0009,D8LM43,CBN76191.1
Ec-06_002410,Esi_0384_0010,D8LM44,CBN76192.1
Ec-06_002420,Esi_0384_0015,D8LM45,CBN76193.1
Ec-06_002430,Esi_0384_0016,D8LM46,CBN76194.1
Ec-06_002440,Esi_0384_0017,D8LM47,CBN76195.1
Ec-06_002450,Esi_0384_0019,D8LM48,CBN76196.1
Ec-06_002460,Esi_0384_0020,D8LM49,CBN76197.1
Ec-06_002470,Esi_0384_0022,D8LM50,CBN76198.1
Ec-06_002480,Esi_0384_0023,D8LM51,CBN76199.1
Ec-06_002490,Esi_0384_0024,D8LM52,CBN76200.1
Ec-06_002510,Esi_0384_0025,D8LM53,CBN76201.1
Ec-06_002520,Esi_0384_0026,D8LM54,CBN76202.1
Ec-06_002350,Esi_0384_0029,,
Ec-06_002370,Esi_0384_0030,,
Ec-06_002500,Esi_0384_0031,,
Ec-00_004890,Esi_0385_0013,D7FZS4,CBJ32881.1
Ec-00_004900,Esi_0385_0015,D7FZS5,CBJ32882.1
Ec-13_002340,Esi_0386_0001,D8LM55,CBN76203.1
Ec-13_002360,Esi_0386_0004,D8LM56,CBN76204.1
Ec-13_002370,Esi_0386_0005,D8LM57,CBN76205.1
Ec-13_002400,Esi_0386_0016,D8LM58,CBN76206.1
Ec-13_002430,Esi_0386_0019,D8LM59,CBN76207.1
Ec-13_002440,Esi_0386_0020,D8LM60,CBN76208.1
Ec-13_002450,Esi_0386_0021,D8LM61,CBN76209.1
Ec-13_002480,Esi_0386_0022,D8LM62,CBN76210.1
Ec-13_002410,Esi_0386_0031,,
Ec-13_002390,Esi_0386_0033,,
Ec-13_002420,Esi_0386_0034,,
Ec-13_002460,Esi_0386_0035,,
Ec-13_002470,Esi_0386_0036,,
Ec-13_002490,Esi_0386_0037,,
Ec-13_002500,Esi_0386_0038,,
Ec-13_002510,Esi_0386_0039,,
Ec-13_002520,Esi_0386_0040,,
Ec-13_002350,Esi_0386_0041,,
Ec-13_002380,Esi_0386_0042,,
Ec-21_002880,Esi_0387_0002,D7FZT4,CBJ32883.1
Ec-21_002890,Esi_0387_0003,D7FZT5,CBJ32884.1
Ec-21_002900,Esi_0387_0008,D7FZT6,CBJ32885.1
Ec-21_002910,Esi_0387_0009,D7FZT7,CBJ32886.1
Ec-21_002920,Esi_0387_0012,D7FZT8,CBJ32887.1
Ec-21_002930,Esi_0387_0013,D7FZT9,CBJ32888.1
Ec-21_002940,Esi_0387_0015,D7FZU0,CBJ32889.1
Ec-21_002950,Esi_0387_0017,D7FZU1,CBJ32890.1
Ec-21_002960,Esi_0387_0019,D7FZU2,CBJ32891.1
Ec-21_002970,Esi_0387_0020,D7FZU3,CBJ32892.1
Ec-21_002980,Esi_0387_0021,D7FZS6,CBJ32893.1
Ec-21_002990,Esi_0387_0022,,
Ec-21_003020,Esi_0387_0024,D7FZS8,CBJ32895.1
Ec-21_003030,Esi_0387_0026,D7FZS9,CBJ32896.1
Ec-21_003040,Esi_0387_0029,D7FZT0,CBJ32897.1
Ec-21_003050,Esi_0387_0030,D7FZT1,CBJ32898.1
Ec-21_003070,Esi_0387_0031,D7FZT2,CBJ32899.1
Ec-21_003080,Esi_0387_0032,D7FZT3,CBJ32900.1
Ec-21_003000,Esi_0387_0040,,
Ec-21_003010,Esi_0387_0041,,
Ec-21_003060,Esi_0387_0042,,
Ec-18_002620,Esi_0388_0001,D8LM63,CBN79696.1
Ec-18_002630,Esi_0388_0005,D8LM64,CBN79697.1
Ec-18_002640,Esi_0388_0006,D8LM65,CBN79698.2
Ec-18_002650,Esi_0388_0007,D8LM66,CBN79699.1
Ec-18_002660,Esi_0388_0008,D8LM67,CBN79700.1
Ec-18_002680,Esi_0388_0009,D8LM68,CBN79701.1
Ec-18_002690,Esi_0388_0011,D8LM69,CBN79702.1
Ec-18_002710,Esi_0388_0013,D8LM70,CBN79703.1
Ec-18_002720,Esi_0388_0014,D8LM71,CBN79704.1
Ec-18_002730,Esi_0388_0016,D8LM72,CBN79705.1
Ec-18_002740,Esi_0388_0021,D8LM73,CBN79706.1
Ec-18_002670,Esi_0388_0023,,
Ec-18_002700,Esi_0388_0024,,
Ec-18_002610,Esi_0388_0025,,
Ec-00_004910,Esi_0389_0001,,
Ec-00_004920,Esi_0389_0005,D7FZU5,CBJ32902.1
Ec-00_004930,Esi_0389_0007,D7FZU6,CBJ32903.1
Ec-00_004940,Esi_0389_0008,D7FZU7,CBJ32904.1
Ec-00_004950,Esi_0389_0011,D7FZU8,CBJ32905.1
Ec-00_004970,Esi_0389_0013,D7FZU9,CBJ32906.1
Ec-00_004960,Esi_0389_0028,,
Ec-00_004980,Esi_0390_0006,D7G025,CBJ32907.1
Ec-00_004990,Esi_0390_0032,,
Ec-06_009210,Esi_0391_0003,D7G026,CBJ32908.1
Ec-06_009180,Esi_0391_0007,D7G027,CBJ32909.1
,Esi_0391_0008,D7G028,CBJ32910.1
Ec-06_009160,Esi_0391_0009,D7G029,CBJ32911.1
Ec-06_009150,Esi_0391_0016,D7G030,CBJ32912.1
Ec-06_009140,Esi_0391_0017,D7G031,CBJ32913.1
Ec-06_009130,Esi_0391_0019,D7G032,CBJ32914.1
Ec-06_009110,Esi_0391_0021,D7G033,CBJ32915.1
Ec-06_009100,Esi_0391_0022,D7G034,CBJ32916.1
Ec-06_009090,Esi_0391_0023,D7G035,CBJ32917.1
Ec-06_009120,Esi_0391_0029,,
Ec-06_009200,Esi_0391_0030,,
Ec-06_009190,Esi_0391_0031,,
Ec-06_009170,Esi_0391_0032,,
Ec-01_005820,Esi_0392_0002,D8LM74,CBN79707.1
Ec-01_005810,Esi_0392_0003,D8LM75,CBN79708.1
Ec-01_005800,Esi_0392_0004,D8LM76,CBN79709.1
Ec-01_005790,Esi_0392_0007,D8LM77,CBN79710.1
Ec-01_005770,Esi_0392_0012,D8LM78,CBN79711.2
Ec-01_005760,Esi_0392_0013,D8LM79,CBN79712.1
Ec-01_005750,Esi_0392_0016,D8LM80,CBN79713.1
Ec-01_005740,Esi_0392_0017,D8LM81,CBN79714.1
Ec-01_005730,Esi_0392_0018,D8LM82,CBN79715.1
Ec-01_005720,Esi_0392_0019,D8LM83,CBN79716.1
Ec-01_005710,Esi_0392_0021,D8LM84,CBN79717.1
Ec-01_005700,Esi_0392_0024,D8LM85,CBN79718.1
Ec-01_005690,Esi_0392_0029,,
Ec-01_005680,Esi_0392_0030,,
Ec-01_005780,Esi_0392_0031,,
Ec-12_007070,Esi_0393_0002,D7G036,CBJ32918.1
Ec-12_007080,Esi_0393_0004,D7G037,CBJ32919.1
Ec-12_007090,Esi_0393_0005,D7G038,CBJ32920.1
Ec-12_007100,Esi_0393_0008,D7G039,CBJ32921.1
Ec-12_007110,Esi_0393_0009,D7G040,CBJ32922.1
Ec-12_007120,Esi_0393_0011,D7G041,CBJ32923.1
Ec-12_007130,Esi_0393_0013,D7G042,CBJ32924.1
Ec-12_007140,Esi_0393_0014,D7G043,CBJ32925.1
Ec-12_007160,Esi_0393_0016,D7G044,CBJ32926.1
Ec-12_007170,Esi_0393_0017,D7G045,CBJ32927.1
Ec-12_007180,Esi_0393_0019,D7G046,CBJ32928.1
Ec-12_007190,Esi_0393_0020,D7G047,CBJ32929.1
Ec-12_007210,Esi_0393_0021,,
Ec-12_007230,Esi_0393_0023,D7G049,CBJ32931.1
Ec-12_007240,Esi_0393_0024,D7G050,CBJ32932.1
Ec-12_007260,Esi_0393_0025,D7G051,CBJ32933.1
Ec-12_007270,Esi_0393_0026,D7G052,CBJ32934.1
Ec-12_007280,Esi_0393_0027,D7G053,CBJ32935.1
Ec-12_007150,Esi_0393_0034,,
Ec-12_007200,Esi_0393_0035,,
Ec-12_007220,Esi_0393_0036,,
Ec-12_007250,Esi_0393_0037,,
Ec-28_003890,Esi_0394_0002,D7G054,CBJ32936.1
Ec-28_003880,Esi_0394_0004,D7G055,CBJ32937.1
Ec-28_003870,Esi_0394_0006,D7G056,CBJ32938.1
Ec-28_003860,Esi_0394_0008,D7G057,CBJ32939.1
Ec-28_003850,Esi_0394_0010,D7G058,CBJ32940.1
Ec-28_003830,Esi_0394_0013,D7G059,CBJ32941.1
Ec-28_003820,Esi_0394_0016,D7G060,CBJ32942.1
Ec-28_003810,Esi_0394_0017,D7G061,CBJ32943.1
Ec-28_003840,Esi_0394_0024,,
Ec-05_003940,Esi_0395_0001,,
Ec-05_003950,Esi_0395_0002,D7G063,CBJ32945.1
Ec-05_003960,Esi_0395_0004,D7G064,CBJ32946.1
Ec-05_003970,Esi_0395_0005,D7G065,CBJ32947.1
Ec-05_003980,Esi_0395_0007,D7G066,CBJ32948.1
Ec-05_004000,Esi_0395_0010,D7G067,CBJ32949.1
Ec-05_004010,Esi_0395_0011,D7G068,CBJ32950.1
Ec-05_004030,Esi_0395_0012,D7G069,CBJ32951.1
Ec-05_004040,Esi_0395_0013,D7G070,CBJ32952.1
Ec-05_004050,Esi_0395_0014,D7G071,CBJ32953.1
Ec-05_004060,Esi_0395_0015,D7G072,CBJ32954.1
Ec-05_004070,Esi_0395_0016,D7G073,CBJ32955.1
Ec-05_004080,Esi_0395_0017,D7G074,CBJ32956.1
Ec-05_004090,Esi_0395_0018,D7G075,CBJ32957.1
Ec-05_004020,Esi_0395_0023,,
Ec-05_003990,Esi_0395_0024,,
Ec-00_005000,Esi_0396_0010,D7G076,CBJ32958.1
Ec-00_005030,Esi_0396_0020,D7G077,CBJ32959.1
Ec-00_005040,Esi_0396_0023,D7G078,CBJ32960.1
Ec-00_005020,Esi_0396_0033,,
Ec-00_005010,Esi_0396_0034,,
Ec-24_000230,Esi_0398_0001,D7G079,CBJ32961.1
,Esi_0398_0002,D7G080,CBJ32962.1
Ec-24_000250,Esi_0398_0007,D7G081,CBJ32963.1
Ec-24_000260,Esi_0398_0008,D7G082,CBJ32964.1
Ec-24_000270,Esi_0398_0009,D7G083,CBJ32965.1
Ec-24_000280,Esi_0398_0013,D7G084,CBJ32966.1
Ec-24_000290,Esi_0398_0014,D7G085,CBJ32967.1
Ec-24_000310,Esi_0398_0017,D7G086,CBJ32968.1
Ec-24_000320,Esi_0398_0019,D7G087,CBJ32969.1
Ec-24_000330,Esi_0398_0020,D7G088,CBJ32970.1
Ec-24_000340,Esi_0398_0021,D7G089,CBJ32971.1
Ec-24_000350,Esi_0398_0022,D7G090,CBJ32972.1
Ec-24_000360,Esi_0398_0023,D7G091,CBJ32973.1
Ec-24_000370,Esi_0398_0024,D7G092,CBJ32974.1
Ec-24_000300,Esi_0398_0028,,
Ec-24_000240,Esi_0398_0030,,
Ec-14_004990,Esi_0399_0007,D7G093,CBJ32975.1
Ec-14_005000,Esi_0399_0008,D7G094,CBJ32976.1
Ec-14_005010,Esi_0399_0009,D7G095,CBJ32977.1
Ec-14_005020,Esi_0399_0010,D7G096,CBJ32978.1
Ec-14_005030,Esi_0399_0011,D7G097,CBJ32979.1
Ec-14_005040,Esi_0399_0012,D7G098,CBJ32980.1
Ec-14_005050,Esi_0399_0013,D7G099,CBJ32981.1
Ec-14_005060,Esi_0399_0016,D7G0A0,CBJ32982.1
Ec-14_005080,Esi_0399_0017,D7G0A1,CBJ32983.1
Ec-14_005090,Esi_0399_0020,D7G0A2,CBJ32984.1
Ec-14_005100,Esi_0399_0022,D7G0A3,CBJ32985.1
Ec-14_005110,Esi_0399_0023,D7G0A4,CBJ32986.1
Ec-14_005130,Esi_0399_0024,D7G0A5,CBJ32987.1
Ec-14_005070,Esi_0399_0028,,
Ec-14_005120,Esi_0399_0029,,
Ec-16_000530,Esi_0400_0003,D7G0F9,CBJ32988.1
,Esi_0400_0007,D7G0G0,CBJ32989.1
Ec-16_000540,Esi_0400_0011,D7G0G1,CBJ32990.1
Ec-16_000550,Esi_0400_0012,D7G0G2,CBJ32991.1
,Esi_0400_0013,D7G0G3,CBJ32992.1
Ec-16_000610,Esi_0400_0014,D7G0G4,CBJ32993.1
Ec-16_000620,Esi_0400_0017,D7G0G5,CBJ32994.1
Ec-16_000560,Esi_0400_0022,,
Ec-16_000570,Esi_0400_0023,,
Ec-16_000580,Esi_0400_0024,,
Ec-16_000590,Esi_0400_0025,,
Ec-16_000600,Esi_0400_0026,,
Ec-06_004010,Esi_0401_0004,D8LMM2,CBN79719.1
Ec-06_004000,Esi_0401_0008,D8LMM3,CBN79720.1
Ec-06_003990,Esi_0401_0010,D8LMM4,CBN79721.1
Ec-06_003970,Esi_0401_0014,D8LMM5,CBN79722.2
Ec-06_003960,Esi_0401_0016,D8LMM6,CBN79723.1
Ec-06_003950,Esi_0401_0018,D8LMM7,CBN79724.1
Ec-06_003940,Esi_0401_0019,D8LMM8,CBN79725.1
Ec-06_003930,Esi_0401_0021,D8LMM9,CBN79726.1
,Esi_0401_0022,D8LMN0,CBN79727.1
Ec-06_003920,Esi_0401_0023,D8LMN1,CBN79728.1
Ec-06_003890,Esi_0401_0024,D8LMN2,CBN79729.1
Ec-06_003880,Esi_0401_0025,D8LMN3,CBN79730.1
Ec-06_003870,Esi_0401_0026,D8LMN4,CBN79731.1
Ec-06_003900,Esi_0401_0031,,
Ec-06_003910,Esi_0401_0032,,
Ec-06_004020,Esi_0401_0033,,
Ec-06_003980,Esi_0401_0034,,
Ec-19_003240,Esi_0402_0002,D7G0G6,CBJ32995.1
Ec-19_003250,Esi_0402_0003,D7G0G7,CBJ32996.1
Ec-19_003260,Esi_0402_0004,D7G0G8,CBJ32997.1
Ec-19_003270,Esi_0402_0005,D7G0G9,CBJ32998.1
Ec-19_003280,Esi_0402_0007,D7G0H0,CBJ32999.1
Ec-19_003290,Esi_0402_0008,D7G0H1,CBJ33000.1
Ec-19_003310,Esi_0402_0011,D7G0H2,CBJ33001.1
Ec-19_003320,Esi_0402_0013,D7G0H3,CBJ33002.1
Ec-19_003350,Esi_0402_0017,D7G0H4,CBJ33003.1
Ec-19_003360,Esi_0402_0018,D7G0H5,CBJ33004.1
Ec-19_003370,Esi_0402_0019,D7G0H6,CBJ33005.1
Ec-19_003300,Esi_0402_0021,,
Ec-19_003330,Esi_0402_0022,,
Ec-19_003340,Esi_0402_0023,,
Ec-20_002360,Esi_0403_0002,D7G0H7,CBJ33006.1
Ec-20_002370,Esi_0403_0003,D7G0H8,CBJ33007.1
Ec-20_002390,Esi_0403_0005,D7G0H9,CBJ33008.1
Ec-20_002400,Esi_0403_0006,D7G0I0,CBJ33009.1
Ec-20_002410,Esi_0403_0008,D7G0I1,CBJ33010.1
Ec-20_002420,Esi_0403_0010,D7G0I2,CBJ33011.1
Ec-20_002430,Esi_0403_0011,D7G0I3,CBJ33012.1
Ec-20_002440,Esi_0403_0015,D7G0I4,CBJ33013.1
Ec-20_002450,Esi_0403_0019,D7G0I5,CBJ33014.1
Ec-20_002460,Esi_0403_0020,D7G0I6,CBJ33015.1
Ec-20_002470,Esi_0403_0021,D7G0I7,CBJ33016.1
Ec-20_002480,Esi_0403_0022,D7G0I8,CBJ33017.1
Ec-20_002500,Esi_0403_0025,D7G0I9,CBJ33018.1
Ec-20_002510,Esi_0403_0027,D7G0J0,CBJ33019.1
Ec-20_002490,Esi_0403_0032,,
Ec-20_002380,Esi_0403_0033,,
Ec-00_005050,Esi_0404_0004,D7G0J1,CBJ33020.1
Ec-00_005060,Esi_0404_0005,D7G0J2,CBJ33021.1
Ec-00_005070,Esi_0404_0034,,
Ec-00_005080,Esi_0404_0035,,
Ec-00_005090,Esi_0405_0007,D7G0J3,CBJ33022.1
,Esi_0405_0017,D7G0J4,CBJ33023.1
Ec-00_005100,Esi_0405_0025,,
Ec-00_005110,Esi_0405_0026,,
Ec-03_003060,Esi_0406_0003,D7G0J5,CBJ33024.1
Ec-03_003110,Esi_0406_0006,D7G0J6,CBJ33025.1
Ec-03_003120,Esi_0406_0013,D7G0J7,CBJ33026.1
Ec-03_003130,Esi_0406_0019,D7G0J8,CBJ33027.1
Ec-03_003140,Esi_0406_0022,D7G0J9,CBJ33028.1
Ec-03_003150,Esi_0406_0025,D7G0K0,CBJ33029.1
Ec-03_003070,Esi_0406_0032,,
Ec-03_003080,Esi_0406_0033,,
Ec-03_003090,Esi_0406_0034,,
Ec-03_003100,Esi_0406_0035,,
Ec-00_005120,Esi_0407_0029,D7G0K1,CBJ33030.1
Ec-00_005130,Esi_0407_0030,D7G0K2,CBJ33031.1
Ec-02_002430,Esi_0408_0002,D8LMN5,CBN76211.1
Ec-02_002440,Esi_0408_0003,D8LMN6,CBN76212.1
Ec-02_002450,Esi_0408_0004,D8LMN7,CBN76213.1
Ec-02_002470,Esi_0408_0005,D8LMN8,CBN76214.1
Ec-02_002510,Esi_0408_0011,D8LMN9,CBN76215.1
Ec-02_002520,Esi_0408_0013,D8LMP0,CBN76216.1
,Esi_0408_0016,D8LMP1,CBN76217.1
Ec-02_002530,Esi_0408_0017,D8LMP2,CBN76218.1
Ec-02_002480,Esi_0408_0025,,
Ec-02_002500,Esi_0408_0026,,
Ec-02_002540,Esi_0408_0027,,
Ec-02_002460,Esi_0408_0028,,
Ec-02_002490,Esi_0408_0029,,
Ec-00_005150,Esi_0409_0002,D8LMP3,CBN76219.1
Ec-00_005170,Esi_0409_0005,D8LMP4,CBN76220.1
Ec-00_005180,Esi_0409_0009,D8LMP5,CBN76221.1
,Esi_0409_0011,D8LMP6,CBN76222.1
Ec-00_005200,Esi_0409_0013,D8LMP7,CBN76223.1
Ec-00_005210,Esi_0409_0016,D8LMP8,CBN76224.1
Ec-00_005220,Esi_0409_0017,D8LMP9,CBN76225.1
,Esi_0409_0018,D8LMQ0,CBN76226.1
,Esi_0409_0019,D8LMQ1,CBN76227.1
,Esi_0409_0020,D8LMQ2,CBN76228.1
Ec-00_005230,Esi_0409_0021,D8LMQ3,CBN76229.1
Ec-00_005240,Esi_0409_0022,D8LMQ4,CBN76230.1
Ec-00_005140,Esi_0409_0029,,
Ec-00_005160,Esi_0409_0030,,
Ec-00_005190,Esi_0409_0031,,
Ec-13_001240,Esi_0410_0001,D7G0K3,CBJ33032.1
Ec-13_001250,Esi_0410_0003,D7G0K4,CBJ33033.1
Ec-13_001280,Esi_0410_0004,D7G0K5,CBJ33034.1
Ec-13_001310,Esi_0410_0006,D7G0K6,CBJ33035.1
Ec-13_001350,Esi_0410_0009,D7G0K7,CBJ33036.1
Ec-13_001370,Esi_0410_0017,D7G0K8,CBJ33037.1
Ec-13_001380,Esi_0410_0019,D7G0K9,CBJ33038.1
Ec-13_001340,Esi_0410_0028,,
Ec-13_001330,Esi_0410_0031,,
Ec-13_001320,Esi_0410_0032,,
Ec-13_001360,Esi_0410_0033,,
Ec-13_001260,Esi_0410_0034,,
Ec-13_001270,Esi_0410_0035,,
Ec-13_001290,Esi_0410_0036,,
Ec-13_001300,Esi_0410_0037,,
Ec-06_007150,Esi_0411_0003,D7G0L0,CBJ33039.1
Ec-06_007160,Esi_0411_0005,D7G0L1,CBJ33040.1
Ec-06_007170,Esi_0411_0006,D7G0L2,CBJ33041.1
Ec-06_007180,Esi_0411_0008,D7G0L3,CBJ33042.1
Ec-06_007190,Esi_0411_0009,D7G0L4,CBJ33043.1
Ec-06_007220,Esi_0411_0010,D7G0L5,CBJ33044.1
Ec-06_007230,Esi_0411_0011,D7G0L6,CBJ33045.1
Ec-06_007250,Esi_0411_0012,D7G0L7,CBJ33046.1
Ec-06_007260,Esi_0411_0015,D7G0L8,CBJ33047.1
Ec-06_007280,Esi_0411_0016,D7G0L9,CBJ33048.1
Ec-06_007290,Esi_0411_0020,D7G0M0,CBJ33049.1
Ec-06_007300,Esi_0411_0021,D7G0M1,CBJ33050.1
Ec-06_007240,Esi_0411_0024,,
Ec-06_007140,Esi_0411_0025,,
Ec-06_007200,Esi_0411_0027,,
Ec-06_007210,Esi_0411_0028,,
Ec-06_007270,Esi_0411_0029,,
Ec-06_007130,Esi_0411_0030,,
Ec-16_001140,Esi_0412_0002,D8LMZ0,CBN76231.1
Ec-16_001150,Esi_0412_0003,D8LMZ1,CBN76232.1
Ec-16_001160,Esi_0412_0007,D8LMZ2,CBN76233.1
Ec-16_001170,Esi_0412_0008,D8LMZ3,CBN76234.1
Ec-16_001180,Esi_0412_0009,D8LMZ4,CBN76235.1
Ec-16_001190,Esi_0412_0010,D8LMZ5,CBN76236.1
Ec-16_001210,Esi_0412_0014,D8LMZ6,CBN76237.1
Ec-16_001220,Esi_0412_0016,D8LMZ7,CBN76238.1
Ec-16_001230,Esi_0412_0020,D8LMZ8,CBN76239.1
Ec-16_001130,Esi_0412_0022,,
Ec-16_001200,Esi_0412_0023,,
Ec-07_001570,Esi_0413_0003,D7G0M2,CBJ33051.1
Ec-07_001560,Esi_0413_0004,D7G0M3,CBJ33052.1
Ec-07_001550,Esi_0413_0005,D7G0M4,CBJ33053.1
Ec-07_001540,Esi_0413_0007,D7G0M5,CBJ33054.1
Ec-07_001530,Esi_0413_0012,D7G0M6,CBJ33055.1
Ec-07_001520,Esi_0413_0013,D7G0M7,CBJ33056.1
Ec-07_001510,Esi_0413_0014,D7G0M8,CBJ33057.1
Ec-07_001500,Esi_0413_0017,D7G0M9,CBJ33058.1
Ec-07_001480,Esi_0413_0019,D7G0N0,CBJ33059.1
Ec-07_001470,Esi_0413_0020,D7G0N1,CBJ33060.1
Ec-07_001460,Esi_0413_0023,D7G0N2,CBJ33061.1
Ec-07_001490,Esi_0413_0026,,
Ec-14_001640,Esi_0414_0003,D7G0N3,CBJ33062.1
Ec-14_001650,Esi_0414_0005,D7G0N4,CBJ33063.1
Ec-14_001660,Esi_0414_0006,D7G0N5,CBJ33064.1
Ec-14_001670,Esi_0414_0007,D7G0N6,CBJ33065.1
Ec-14_001680,Esi_0414_0009,D7G0N7,CBJ33066.1
Ec-14_001690,Esi_0414_0012,D7G0N8,CBJ33067.1
Ec-14_001700,Esi_0414_0013,D7G0N9,CBJ33068.1
Ec-14_001710,Esi_0414_0014,D7G0P0,CBJ33069.1
Ec-14_001720,Esi_0414_0015,D7G0P1,CBJ33070.1
Ec-14_001730,Esi_0414_0017,D7G0P2,CBJ33071.1
Ec-14_001740,Esi_0414_0018,D7G0P3,CBJ33072.1
Ec-14_001750,Esi_0414_0019,D7G0P4,CBJ33073.1
Ec-09_001180,Esi_0415_0001,D7G0P5,CBJ33074.1
Ec-09_001190,Esi_0415_0004,D7G0P6,CBJ33075.1
Ec-09_001200,Esi_0415_0005,D7G0P7,CBJ33076.1
Ec-09_001210,Esi_0415_0010,D7G0P8,CBJ33077.1
Ec-09_001220,Esi_0415_0013,D7G0P9,CBJ33078.1
Ec-09_001240,Esi_0415_0014,D7G0Q0,CBJ33079.1
Ec-09_001250,Esi_0415_0017,D7G0Q1,CBJ33080.1
Ec-09_001230,Esi_0415_0020,,
Ec-09_001260,Esi_0415_0021,,
Ec-23_004240,Esi_0416_0001,,
Ec-23_004280,Esi_0416_0018,,
Ec-23_004290,Esi_0416_0019,D7G0Q3,CBJ33082.1
Ec-23_004260,Esi_0416_0023,,
Ec-23_004300,Esi_0416_0024,,
Ec-23_004250,Esi_0416_0025,,
Ec-23_004270,Esi_0416_0026,,
Ec-08_000140,Esi_0417_0002,D7G0Q4,CBJ33083.1
Ec-08_000150,Esi_0417_0007,D7G0Q5,CBJ33084.1
Ec-08_000160,Esi_0417_0008,D7G0Q6,CBJ33085.1
,Esi_0417_0011,D7G0Q7,CBJ33086.1
Ec-08_000200,Esi_0417_0020,D7G0Q8,CBJ33087.1
Ec-08_000170,Esi_0417_0028,,
Ec-08_000180,Esi_0417_0029,,
Ec-08_000190,Esi_0417_0030,,
Ec-20_001280,Esi_0418_0003,D7G0R3,CBJ33088.1
Ec-20_001290,Esi_0418_0006,D7G0R4,CBJ33089.1
Ec-20_001300,Esi_0418_0007,D7G0R5,CBJ33090.1
Ec-20_001320,Esi_0418_0009,D7G0R6,CBJ33091.1
,Esi_0418_0012,D7G0R7,CBJ33092.1
Ec-20_001330,Esi_0418_0014,D7G0R8,CBJ33093.1
Ec-20_001350,Esi_0418_0017,D7G0Q9,CBJ33094.1
Ec-20_001360,Esi_0418_0019,D7G0R0,CBJ33095.1
Ec-20_001370,Esi_0418_0021,D7G0R1,CBJ33096.1
Ec-20_001380,Esi_0418_0023,D7G0R2,CBJ33097.1
Ec-20_001310,Esi_0418_0027,,
Ec-20_001340,Esi_0418_0028,,
Ec-00_005260,Esi_0419_0005,D7G0R9,CBJ33098.1
Ec-00_005270,Esi_0419_0007,D7G0S0,CBJ33099.1
Ec-00_005250,Esi_0419_0017,,
Ec-23_003910,Esi_0420_0001,D7G0Z0,CBJ33100.1
Ec-23_003920,Esi_0420_0004,D7G0Z1,CBJ33101.1
Ec-23_003930,Esi_0420_0006,D7G0Z2,CBJ33102.1
Ec-23_003940,Esi_0420_0008,D7G0Z3,CBJ33103.1
Ec-23_003950,Esi_0420_0009,D7G0Z4,CBJ33104.1
Ec-23_003960,Esi_0420_0010,D7G0Z5,CBJ33105.1
,Esi_0420_0012,D7G0Z6,CBJ33106.1
,Esi_0420_0013,D7G0Z7,CBJ33107.1
Ec-23_003970,Esi_0420_0016,D7G0Z8,CBJ33108.1
Ec-23_003980,Esi_0420_0019,D7G0Z9,CBJ33109.1
Ec-23_003990,Esi_0420_0020,D7G100,CBJ33110.1
Ec-23_004000,Esi_0420_0026,D7G101,CBJ33111.1
Ec-05_000620,Esi_0421_0002,D8LMZ9,CBN76240.1
Ec-05_000630,Esi_0421_0005,D8LN00,CBN76241.1
,Esi_0421_0008,D8LN01,CBN76242.1
Ec-05_000640,Esi_0421_0011,D8LN02,CBN76243.1
,Esi_0421_0017,D8LN03,CBN76244.1
Ec-05_000650,Esi_0421_0020,D8LN04,CBN76245.1
Ec-27_000900,Esi_0422_0002,D8LN05,CBN76246.1
Ec-27_000910,Esi_0422_0004,D8LN06,CBN76247.1
Ec-27_000920,Esi_0422_0006,D8LN07,CBN76248.1
Ec-27_000930,Esi_0422_0007,D8LN08,CBN76249.1
Ec-27_000940,Esi_0422_0009,D8LN09,CBN76250.1
Ec-27_000950,Esi_0422_0010,D8LN10,CBN76251.1
Ec-27_000960,Esi_0422_0011,D8LN11,CBN76252.1
Ec-27_000980,Esi_0422_0014,D8LN12,CBN76253.1
Ec-27_000990,Esi_0422_0015,D8LN13,CBN76254.1
Ec-27_001000,Esi_0422_0017,D8LN14,CBN76255.1
Ec-27_001010,Esi_0422_0018,D8LN15,CBN76256.1
Ec-27_001020,Esi_0422_0020,D8LN16,CBN76257.1
Ec-27_001030,Esi_0422_0021,D8LN17,CBN76258.1
Ec-27_001040,Esi_0422_0023,D8LN18,CBN76259.1
Ec-27_000970,Esi_0422_0024,,
Ec-22_001490,Esi_0423_0001,D7G102,CBJ33112.1
Ec-22_001500,Esi_0423_0003,D7G103,CBJ33113.1
Ec-22_001510,Esi_0423_0004,D7G104,CBJ33114.1
Ec-22_001520,Esi_0423_0005,D7G105,CBJ33115.1
Ec-22_001530,Esi_0423_0006,D7G106,CBJ33116.1
Ec-22_001540,Esi_0423_0014,D7G107,CBJ33117.1
Ec-22_001550,Esi_0423_0015,D7G108,CBJ33118.1
Ec-22_001560,Esi_0423_0016,D7G109,CBJ33119.1
Ec-22_001570,Esi_0423_0017,D7G110,CBJ33120.1
Ec-22_001580,Esi_0423_0019,D7G111,CBJ33121.1
Ec-03_000010,Esi_0424_0005,D7G112,CBJ33122.1
Ec-03_000020,Esi_0424_0006,D7G113,CBJ33123.1
Ec-03_000040,Esi_0424_0025,D7G114,CBJ33124.1
Ec-03_000030,Esi_0424_0029,,
Ec-19_002110,Esi_0425_0004,D7G115,CBJ33125.1
Ec-19_002120,Esi_0425_0010,D7G116,CBJ33126.1
Ec-19_002130,Esi_0425_0011,D7G117,CBJ33127.1
Ec-19_002140,Esi_0425_0013,D7G118,CBJ33128.1
Ec-19_002150,Esi_0425_0014,D7G119,CBJ33129.1
Ec-19_002160,Esi_0425_0018,D7G120,CBJ33130.1
Ec-19_002190,Esi_0425_0021,D7G121,CBJ33131.1
Ec-19_002200,Esi_0425_0022,D7G122,CBJ33132.1
Ec-19_002210,Esi_0425_0023,D7G123,CBJ33133.1
Ec-19_002170,Esi_0425_0027,,
Ec-19_002180,Esi_0425_0028,,
Ec-00_005280,Esi_0426_0007,D7G124,CBJ33134.1
Ec-00_005300,Esi_0426_0029,,
Ec-00_005290,Esi_0426_0030,,
Ec-00_005310,Esi_0426_0031,,
Ec-13_002140,Esi_0427_0001,D8LN19,CBN76260.1
Ec-13_002150,Esi_0427_0004,D8LN20,CBN76261.1
Ec-13_002160,Esi_0427_0005,D8LN21,CBN76262.1
Ec-13_002170,Esi_0427_0007,D8LN22,CBN76263.1
Ec-13_002180,Esi_0427_0008,D8LN23,CBN76264.1
Ec-13_002190,Esi_0427_0009,D8LN24,CBN76265.1
Ec-13_002220,Esi_0427_0011,D8LN25,CBN76266.1
Ec-13_002230,Esi_0427_0015,D8LN26,CBN76267.1
Ec-13_002250,Esi_0427_0017,D8LN27,CBN76268.1
Ec-13_002210,Esi_0427_0022,,
Ec-13_002240,Esi_0427_0023,,
Ec-13_002200,Esi_0427_0024,,
Ec-00_005320,Esi_0428_0002,D7G125,CBJ33135.1
Ec-00_005330,Esi_0428_0016,D7G126,CBJ33136.1
Ec-00_005340,Esi_0429_0028,,
Ec-16_004080,Esi_0430_0001,D8LN88,CBN79732.1
Ec-16_004090,Esi_0430_0003,D8LN89,CBN79733.1
Ec-16_004100,Esi_0430_0005,D8LN90,CBN79734.1
Ec-16_004110,Esi_0430_0007,D8LN91,CBN79735.1
Ec-16_004120,Esi_0430_0010,D8LN92,CBN79736.1
Ec-16_004140,Esi_0430_0011,D8LN93,CBN79737.1
Ec-16_004150,Esi_0430_0014,D8LN94,CBN79738.1
Ec-16_004130,Esi_0430_0021,,
Ec-16_004160,Esi_0430_0022,,
Ec-27_001280,Esi_0431_0003,D7G127,CBJ33137.1
Ec-27_001290,Esi_0431_0004,D7G128,CBJ33138.1
Ec-27_001300,Esi_0431_0005,D7G129,CBJ33139.1
Ec-27_001310,Esi_0431_0006,D7G130,CBJ33140.1
Ec-27_001320,Esi_0431_0007,D7G131,CBJ33141.1
Ec-27_001330,Esi_0431_0009,D7G132,CBJ33142.1
Ec-27_001340,Esi_0431_0013,D7G133,CBJ33143.1
Ec-27_001350,Esi_0431_0015,,
Ec-27_001260,Esi_0431_0016,,
Ec-27_001270,Esi_0431_0017,,
Ec-00_005370,Esi_0432_0016,D7G134,CBJ33144.1
Ec-00_005380,Esi_0432_0018,D7G135,CBJ33145.1
Ec-00_005390,Esi_0432_0021,D7G136,CBJ33146.1
Ec-00_005350,Esi_0432_0024,,
Ec-00_005360,Esi_0432_0025,,
Ec-07_003220,Esi_0433_0002,D7G137,CBJ33147.1
Ec-07_003230,Esi_0433_0004,D7G138,CBJ33148.1
Ec-07_003240,Esi_0433_0005,D7G139,CBJ33149.1
Ec-07_003250,Esi_0433_0006,D7G140,CBJ33150.1
Ec-07_003260,Esi_0433_0008,D7G141,CBJ33151.1
Ec-07_003270,Esi_0433_0009,D7G142,CBJ33152.1
Ec-07_003280,Esi_0433_0010,D7G143,CBJ33153.1
Ec-07_003290,Esi_0433_0011,D7G144,CBJ33154.1
Ec-07_003320,Esi_0433_0016,D7G145,CBJ33155.1
Ec-07_003300,Esi_0433_0018,,
Ec-07_003310,Esi_0433_0019,,
Ec-05_000570,Esi_0434_0005,D7G146,CBJ33156.1
Ec-05_000590,Esi_0434_0008,D7G147,CBJ33157.1
Ec-05_000600,Esi_0434_0010,D7G148,CBJ33158.1
Ec-05_000610,Esi_0434_0011,D7G149,CBJ33159.1
Ec-05_000560,Esi_0434_0024,,
Ec-05_000580,Esi_0434_0025,,
Ec-08_005280,Esi_0435_0001,D7G150,CBJ33160.1
Ec-08_005290,Esi_0435_0006,D7G151,CBJ33161.1
Ec-08_005300,Esi_0435_0009,D7G152,CBJ33162.1
Ec-08_005310,Esi_0435_0011,D7G153,CBJ33163.1
Ec-08_005320,Esi_0435_0012,D7G154,CBJ33164.1
obsolete,Esi_0435_0014,D7G155,CBJ33165.1
Ec-08_005330,Esi_0435_0015,D7G156,CBJ33166.1
Ec-08_005340,Esi_0435_0016,D7G157,CBJ33167.1
Ec-08_005360,Esi_0435_0017,D7G158,CBJ33168.1
Ec-08_005370,Esi_0435_0018,D7G159,CBJ33169.1
Ec-08_005350,Esi_0435_0026,,
Ec-22_000020,Esi_0437_0004,D7G160,CBJ33170.1
Ec-22_000030,Esi_0437_0005,D7G161,CBJ33171.1
Ec-22_000040,Esi_0437_0010,D7G162,CBJ33172.1
Ec-22_000050,Esi_0437_0011,D7G163,CBJ33173.1
Ec-22_000060,Esi_0437_0012,D7G164,CBJ33174.1
,Esi_0437_0013,D7G165,CBJ33175.1
Ec-22_000070,Esi_0437_0015,D7G166,CBJ33176.1
Ec-22_000010,Esi_0437_0019,,
,Esi_0438_0004,D7G167,CBJ33177.1
Ec-02_001210,Esi_0438_0006,D7G168,CBJ33178.1
Ec-02_001230,Esi_0438_0007,D7G169,CBJ33179.1
Ec-02_001250,Esi_0438_0008,D7G170,CBJ33180.1
Ec-02_001260,Esi_0438_0010,D7G171,CBJ33181.1
Ec-02_001270,Esi_0438_0011,D7G172,CBJ33182.1
Ec-02_001280,Esi_0438_0012,D7G173,CBJ33183.1
Ec-02_001290,Esi_0438_0015,D7G174,CBJ33184.1
Ec-02_001220,Esi_0438_0017,,
Ec-02_001300,Esi_0438_0018,,
Ec-02_001240,Esi_0438_0019,,
Ec-13_002010,Esi_0439_0001,D7G175,CBJ33185.1
,Esi_0439_0004,D7G176,CBJ33186.1
Ec-13_002020,Esi_0439_0005,D7G177,CBJ33187.1
Ec-13_002030,Esi_0439_0009,D7G178,CBJ33188.1
Ec-24_002880,Esi_0440_0001,D8LNH9,CBN79854.1
Ec-24_002900,Esi_0440_0003,D8LNI0,CBN79855.1
Ec-24_002910,Esi_0440_0006,D8LNI1,CBN79856.1
Ec-24_002920,Esi_0440_0007,D8LNI2,CBN79857.1
Ec-24_002930,Esi_0440_0010,D8LNI3,CBN79858.1
Ec-24_002960,Esi_0440_0015,D8LNI4,CBN79859.1
Ec-24_002970,Esi_0440_0016,D8LNI5,CBN79860.1
Ec-24_002980,Esi_0440_0019,D8LNI6,CBN79861.1
Ec-24_002990,Esi_0440_0020,D8LNI7,CBN79862.1
Ec-24_002940,Esi_0440_0023,,
Ec-24_002950,Esi_0440_0024,,
Ec-24_002890,Esi_0440_0025,,
,Esi_0441_0006,D7G179,CBJ33189.1
Ec-23_002730,Esi_0441_0007,D7G180,CBJ33190.1
,Esi_0441_0008,D7G181,CBJ33191.1
Ec-23_002740,Esi_0441_0009,D7G182,CBJ33192.1
Ec-23_002750,Esi_0441_0012,D7G183,CBJ33193.1
Ec-23_002760,Esi_0441_0015,D7G184,CBJ33194.1
Ec-23_002780,Esi_0441_0017,D7G185,CBJ33195.1
Ec-23_002770,Esi_0441_0021,,
Ec-23_002790,Esi_0441_0022,,
Ec-00_005400,Esi_0442_0002,D7G186,CBJ33196.1
Ec-00_005410,Esi_0442_0008,D7G187,CBJ33197.1
Ec-00_005420,Esi_0442_0011,D7G188,CBJ33198.1
Ec-00_005430,Esi_0442_0012,D7G189,CBJ33199.1
Ec-00_005440,Esi_0442_0013,,
Ec-00_005450,Esi_0442_0014,D7G191,CBJ33201.1
Ec-00_005460,Esi_0442_0016,,
Ec-00_005470,Esi_0442_0017,D7G193,CBJ33203.1
Ec-00_005480,Esi_0443_0001,D7G194,CBJ33204.1
Ec-00_005490,Esi_0443_0003,D7G195,CBJ33205.1
Ec-00_005500,Esi_0443_0016,D7G196,CBJ33206.1
Ec-00_005510,Esi_0443_0018,D7G197,CBJ33207.1
Ec-12_005290,Esi_0444_0001,D7G198,CBJ33208.1
Ec-12_005280,Esi_0444_0002,D7G199,CBJ33209.1
Ec-12_005270,Esi_0444_0003,D7G1A0,CBJ33210.1
Ec-12_005260,Esi_0444_0004,D7G1A1,CBJ33211.1
Ec-12_005250,Esi_0444_0005,D7G1A2,CBJ33212.1
Ec-12_005240,Esi_0444_0006,D7G1A3,CBJ33213.1
Ec-12_005230,Esi_0444_0007,D7G1A4,CBJ33214.1
Ec-12_005220,Esi_0444_0008,D7G1A5,CBJ33215.1
Ec-12_005210,Esi_0444_0009,D7G1A6,CBJ33216.1
Ec-12_005200,Esi_0444_0010,D7G1A7,CBJ33217.1
Ec-12_005190,Esi_0444_0011,D7G1A8,CBJ33218.1
Ec-12_005180,Esi_0444_0012,D7G1A9,CBJ33219.1
Ec-12_005170,Esi_0444_0015,D7G1B0,CBJ33220.1
Ec-17_003950,Esi_0445_0006,D7G1B1,CBJ33221.1
Ec-17_003940,Esi_0445_0007,D7G1B2,CBJ33222.1
Ec-17_003930,Esi_0445_0008,D7G1B3,CBJ33223.1
Ec-17_003920,Esi_0445_0010,D7G1B4,CBJ33224.1
Ec-17_003910,Esi_0445_0011,D7G1B5,CBJ33225.1
Ec-17_003890,Esi_0445_0012,D7G1B6,CBJ33226.1
,Esi_0445_0013,D7G1B7,CBJ33227.1
Ec-17_003900,Esi_0445_0015,,
Ec-00_005520,Esi_0446_0002,D7G1B8,CBJ33228.1
Ec-00_005530,Esi_0446_0007,D7G1B9,CBJ33229.1
Ec-00_005540,Esi_0446_0012,D7G1C0,CBJ33230.1
Ec-00_005550,Esi_0446_0014,D7G1C1,CBJ33231.1
Ec-00_005560,Esi_0446_0015,D7G1C2,CBJ33232.1
Ec-00_005570,Esi_0446_0016,,
Ec-00_005580,Esi_0446_0017,D7G1C4,CBJ33234.1
Ec-00_005590,Esi_0446_0021,D7G1C5,CBJ33235.1
Ec-00_005600,Esi_0446_0023,D7G1C6,CBJ33236.1
,Esi_0447_0002,D7G1C7,CBJ33237.1
Ec-13_003480,Esi_0447_0004,D7G1C8,CBJ33238.1
Ec-13_003460,Esi_0447_0008,D7G1C9,CBJ33239.1
Ec-13_003450,Esi_0447_0011,D7G1D0,CBJ33240.1
Ec-13_003440,Esi_0447_0012,D7G1D1,CBJ33241.1
Ec-13_003490,Esi_0447_0017,,
Ec-13_003520,Esi_0447_0018,,
Ec-13_003430,Esi_0447_0019,,
Ec-13_003510,Esi_0447_0020,,
Ec-13_003500,Esi_0447_0021,,
Ec-13_003470,Esi_0447_0022,,
Ec-00_005610,Esi_0448_0001,D7G1D2,CBJ33242.1
Ec-00_005620,Esi_0448_0002,D7G1D3,CBJ33243.1
Ec-00_005630,Esi_0448_0003,D7G1D4,CBJ33244.1
,Esi_0448_0005,D7G1D5,CBJ33245.1
Ec-00_005640,Esi_0448_0006,D7G1D6,CBJ33246.1
Ec-00_005650,Esi_0448_0008,D7G1D7,CBJ33247.1
Ec-00_005660,Esi_0448_0010,D7G1D8,CBJ33248.1
Ec-00_005670,Esi_0448_0011,D7G1D9,CBJ33249.1
Ec-00_005680,Esi_0448_0016,D7G1E0,CBJ33250.1
,Esi_0448_0017,D7G1E1,CBJ33251.1
Ec-00_005690,Esi_0448_0018,D7G1E2,CBJ33252.1
Ec-00_005700,Esi_0448_0019,D7G1E3,CBJ33253.1
Ec-05_000320,Esi_0449_0001,D7G1E4,CBJ33254.1
Ec-05_000340,Esi_0449_0007,D7G1E5,CBJ33255.1
Ec-05_000360,Esi_0449_0012,D7G1E6,CBJ33256.1
Ec-05_000350,Esi_0449_0022,,
Ec-05_000330,Esi_0449_0023,,
Ec-13_004810,Esi_0450_0002,D7G1L2,CBJ33257.1
Ec-13_004830,Esi_0450_0007,D7G1L3,CBJ33258.1
Ec-13_004850,Esi_0450_0011,D7G1L4,CBJ33259.1
,Esi_0450_0013,D7G1L5,CBJ33260.1
Ec-13_004870,Esi_0450_0017,,
Ec-13_004860,Esi_0450_0019,,
Ec-13_004800,Esi_0450_0020,,
Ec-13_004820,Esi_0450_0021,,
Ec-13_004840,Esi_0450_0022,,
Ec-26_000900,Esi_0451_0002,D7G1L6,CBJ33261.1
Ec-26_000910,Esi_0451_0003,D7G1L7,CBJ33262.1
Ec-26_000920,Esi_0451_0004,D7G1L8,CBJ33263.1
Ec-26_000930,Esi_0451_0007,D7G1L9,CBJ33264.1
Ec-26_000940,Esi_0451_0009,D7G1M0,CBJ33265.1
Ec-26_000950,Esi_0451_0010,D7G1M1,CBJ33266.1
obsolete,Esi_0451_0011,D7G1M2,CBJ33267.1
Ec-26_000960,Esi_0451_0012,D7G1M3,CBJ33268.1
Ec-26_000980,Esi_0451_0018,D7G1M4,CBJ33269.1
Ec-26_000990,Esi_0451_0019,D7G1M5,CBJ33270.1
Ec-26_001000,Esi_0451_0020,D7G1M6,CBJ33271.1
Ec-26_000970,Esi_0451_0022,,
,Esi_0452_0008,D7G1M7,CBJ33272.1
Ec-19_005090,Esi_0453_0002,D7G1M8,CBJ33273.1
Ec-19_005100,Esi_0453_0004,D7G1M9,CBJ33274.1
Ec-19_005110,Esi_0453_0008,D7G1N0,CBJ33275.1
Ec-19_005130,Esi_0453_0014,D7G1N1,CBJ33276.1
Ec-19_005140,Esi_0453_0016,D7G1N2,CBJ33277.1
Ec-19_005150,Esi_0453_0018,D7G1N3,CBJ33278.1
Ec-19_005160,Esi_0453_0019,D7G1N4,CBJ33279.1
Ec-19_005170,Esi_0453_0021,D7G1N5,CBJ33280.1
Ec-19_005120,Esi_0453_0023,,
Ec-10_000420,Esi_0454_0002,D7G1N6,CBJ33281.1
Ec-10_000430,Esi_0454_0008,D7G1N7,CBJ33282.1
Ec-10_000440,Esi_0454_0010,D7G1N8,CBJ33283.1
Ec-10_000460,Esi_0454_0011,D7G1N9,CBJ33284.1
Ec-10_000470,Esi_0454_0014,D7G1P0,CBJ33285.1
Ec-10_000480,Esi_0454_0016,D7G1P1,CBJ33286.1
Ec-10_000490,Esi_0454_0017,D7G1P2,CBJ33287.1
Ec-10_000500,Esi_0454_0018,D7G1P3,CBJ33288.1
Ec-10_000510,Esi_0454_0019,D7G1P4,CBJ33289.1
Ec-10_000410,Esi_0454_0023,,
Ec-10_000450,Esi_0454_0024,,
Ec-12_006690,Esi_0455_0003,D7G1P5,CBJ33290.1
Ec-12_006700,Esi_0455_0005,D7G1P6,CBJ33291.1
Ec-12_006710,Esi_0455_0006,D7G1P7,CBJ33292.1
Ec-12_006720,Esi_0455_0007,D7G1P8,CBJ33293.1
Ec-12_006730,Esi_0455_0008,D7G1P9,CBJ33294.1
Ec-12_006740,Esi_0455_0010,D7G1Q0,CBJ33295.1
Ec-12_006750,Esi_0455_0012,D7G1Q1,CBJ33296.1
,Esi_0455_0015,D7G1Q2,CBJ33297.1
Ec-12_006770,Esi_0455_0017,D7G1Q3,CBJ33298.1
Ec-12_006760,Esi_0455_0029,,
Ec-11_000020,Esi_0456_0007,D7G1Q4,CBJ33299.1
Ec-11_000030,Esi_0456_0012,D7G1Q5,CBJ33300.1
Ec-11_000040,Esi_0456_0014,D7G1Q6,CBJ33301.1
Ec-11_000050,Esi_0456_0015,D7G1Q7,CBJ33302.1
Ec-11_000060,Esi_0456_0016,D7G1Q8,CBJ33303.1
Ec-11_000070,Esi_0456_0020,,
Ec-11_000010,Esi_0456_0021,,
Ec-11_000080,Esi_0456_0022,,
Ec-13_001040,Esi_0457_0004,D7G1Q9,CBJ33304.1
Ec-13_001050,Esi_0457_0005,D7G1R0,CBJ33305.1
Ec-13_001070,Esi_0457_0014,D7G1R1,CBJ33306.1
Ec-13_001080,Esi_0457_0018,D7G1R2,CBJ33307.1
Ec-13_001060,Esi_0457_0020,,
Ec-17_000290,Esi_0458_0004,D7G1R3,CBJ33308.1
Ec-17_000270,Esi_0458_0005,D7G1R4,CBJ33309.1
Ec-17_000260,Esi_0458_0010,D7G1R5,CBJ33310.1
Ec-17_000230,Esi_0458_0014,D7G1R6,CBJ33311.1
Ec-17_000220,Esi_0458_0015,D7G1R7,CBJ33312.1
Ec-17_000210,Esi_0458_0016,D7G1R8,CBJ33313.1
Ec-17_000300,Esi_0458_0021,,
Ec-17_000280,Esi_0458_0022,,
Ec-17_000250,Esi_0458_0023,,
Ec-17_000240,Esi_0458_0024,,
Ec-14_003730,Esi_0459_0002,D7G1R9,CBJ33314.1
Ec-14_003740,Esi_0459_0003,D7G1S0,CBJ33315.1
,Esi_0459_0005,D7G1S1,CBJ33316.1
Ec-14_003780,Esi_0459_0014,D7G1S2,CBJ33317.1
,Esi_0459_0015,D7G1S3,CBJ33318.1
Ec-14_003750,Esi_0459_0022,,
Ec-14_003760,Esi_0459_0023,,
Ec-14_003770,Esi_0459_0024,,
Ec-04_000200,Esi_0460_0007,D7G216,CBJ33319.1
Ec-04_000210,Esi_0460_0023,D7G217,CBJ33320.1
Ec-20_002770,Esi_0461_0001,D7G218,CBJ33321.1
Ec-20_002790,Esi_0461_0005,D7G219,CBJ33322.1
,Esi_0461_0008,D7G220,CBJ33323.1
Ec-20_002800,Esi_0461_0009,D7G221,CBJ33324.1
Ec-20_002810,Esi_0461_0010,D7G222,CBJ33325.1
Ec-20_002820,Esi_0461_0011,D7G223,CBJ33326.1
Ec-20_002830,Esi_0461_0012,D7G224,CBJ33327.1
Ec-20_002780,Esi_0461_0015,,
Ec-11_003570,Esi_0462_0001,D7G225,CBJ33328.1
Ec-11_003580,Esi_0462_0002,D7G226,CBJ33329.1
Ec-11_003590,Esi_0462_0003,D7G227,CBJ33330.1
Ec-11_003600,Esi_0462_0004,D7G228,CBJ33331.1
Ec-11_003610,Esi_0462_0005,D7G229,CBJ33332.1
Ec-11_003620,Esi_0462_0006,D7G230,CBJ33333.1
Ec-11_003640,Esi_0462_0008,D7G232,CBJ33335.1
Ec-11_003650,Esi_0462_0009,D7G233,CBJ33336.1
Ec-11_003660,Esi_0462_0010,D7G234,CBJ33337.1
Ec-11_003670,Esi_0462_0011,D7G235,CBJ33338.1
Ec-11_003680,Esi_0462_0012,D7G236,CBJ33339.1
Ec-11_003690,Esi_0462_0016,D7G237,CBJ33340.1
Ec-11_003630,Esi_0462_0021,D7G231,CBJ33334.1
Ec-11_002230,Esi_0463_0010,D7G238,CBJ33341.1
Ec-11_002240,Esi_0463_0011,D7G239,CBJ33342.1
Ec-11_002250,Esi_0463_0012,D7G240,CBJ33343.1
Ec-11_002260,Esi_0463_0013,D7G241,CBJ33344.1
Ec-11_002220,Esi_0463_0023,,
Ec-09_003810,Esi_0464_0007,D7G242,CBJ33345.1
Ec-09_003820,Esi_0464_0009,D7G243,CBJ33346.1
Ec-09_003830,Esi_0464_0010,D7G244,CBJ33347.1
Ec-09_003840,Esi_0464_0012,D7G245,CBJ33348.1
Ec-09_003850,Esi_0464_0013,D7G246,CBJ33349.1
Ec-09_003860,Esi_0464_0014,D7G247,CBJ33350.1
Ec-09_003870,Esi_0464_0016,D7G248,CBJ33351.1
Ec-09_003880,Esi_0464_0017,D7G249,CBJ33352.1
Ec-01_009240,Esi_0465_0002,D7G250,CBJ33353.1
Ec-01_009250,Esi_0465_0003,D7G251,CBJ33354.1
Ec-01_009260,Esi_0465_0005,D7G252,CBJ33355.1
Ec-01_009270,Esi_0465_0006,D7G253,CBJ33356.1
Ec-01_009280,Esi_0465_0007,D7G254,CBJ33357.1
Ec-01_009290,Esi_0465_0008,D7G255,CBJ33358.1
Ec-01_009300,Esi_0465_0024,,
Ec-08_004810,Esi_0466_0001,D7G256,CBJ33359.1
Ec-08_004820,Esi_0466_0003,D7G257,CBJ33360.1
Ec-08_004840,Esi_0466_0004,D7G258,CBJ33361.1
Ec-08_004850,Esi_0466_0005,D7G259,CBJ33362.1
Ec-08_004860,Esi_0466_0007,D7G260,CBJ33363.1
Ec-08_004870,Esi_0466_0009,D7G261,CBJ33364.1
Ec-08_004880,Esi_0466_0010,D7G262,CBJ33365.1
Ec-08_004890,Esi_0466_0011,D7G263,CBJ33366.1
Ec-08_004830,Esi_0466_0014,,
Ec-08_004900,Esi_0466_0015,,
Ec-04_000240,Esi_0467_0005,D7G264,CBJ33367.1
Ec-04_000250,Esi_0467_0016,,
Ec-04_000260,Esi_0467_0017,,
Ec-00_005710,Esi_0468_0020,,
Ec-00_005720,Esi_0468_0021,,
Ec-00_005730,Esi_0468_0022,,
Ec-00_005740,Esi_0468_0023,,
Ec-00_005750,Esi_0468_0024,,
Ec-05_000540,Esi_0470_0012,D7G2D4,CBJ33368.1
Ec-05_000550,Esi_0470_0013,D7G2D5,CBJ33369.1
Ec-05_000530,Esi_0470_0018,,
Ec-00_005760,Esi_0471_0001,D7G2D6,CBJ33370.1
Ec-00_005770,Esi_0471_0002,D7G2D7,CBJ33371.1
Ec-00_005780,Esi_0471_0003,D7G2D8,CBJ33372.1
Ec-00_005790,Esi_0471_0004,D7G2D9,CBJ33373.1
Ec-00_005800,Esi_0471_0006,D7G2E0,CBJ33374.1
Ec-00_005810,Esi_0471_0007,D7G2E1,CBJ33375.1
Ec-00_005820,Esi_0471_0008,D7G2E2,CBJ33376.1
Ec-00_005830,Esi_0471_0009,D7G2E3,CBJ33377.1
Ec-00_005850,Esi_0471_0010,D7G2E4,CBJ33378.1
Ec-00_005840,Esi_0471_0015,,
Ec-00_005860,Esi_0472_0003,D7G2E5,CBJ33379.1
Ec-00_005880,Esi_0472_0008,D7G2E6,CBJ33380.1
Ec-00_005870,Esi_0472_0018,,
Ec-24_001720,Esi_0473_0004,D7G2E7,CBJ33381.1
,Esi_0473_0005,D7G2E8,CBJ33382.1
Ec-24_001730,Esi_0473_0014,D7G2E9,CBJ33383.1
Ec-24_001740,Esi_0473_0018,D7G2F0,CBJ33384.1
Ec-24_001760,Esi_0473_0020,D7G2F1,CBJ33385.1
,Esi_0473_0021,D7G2F2,CBJ33386.1
Ec-24_001770,Esi_0473_0023,D7G2F3,CBJ33387.1
Ec-24_001750,Esi_0473_0024,,
Ec-27_001360,Esi_0474_0003,D7G2G4,CBJ33388.1
Ec-27_001370,Esi_0474_0004,D7G2F4,CBJ33389.1
Ec-27_001390,Esi_0474_0005,D7G2F5,CBJ33390.1
Ec-27_001400,Esi_0474_0007,D7G2F6,CBJ33391.1
Ec-27_001410,Esi_0474_0009,D7G2F7,CBJ33392.1
Ec-27_001420,Esi_0474_0010,D7G2F8,CBJ33393.1
Ec-27_001430,Esi_0474_0012,D7G2F9,CBJ33394.1
Ec-27_001440,Esi_0474_0013,D7G2G0,CBJ33395.1
Ec-27_001450,Esi_0474_0014,D7G2G1,CBJ33396.1
Ec-27_001460,Esi_0474_0015,D7G2G2,CBJ33397.1
Ec-27_001470,Esi_0474_0016,D7G2G3,CBJ33398.1
Ec-27_001380,Esi_0474_0017,,
Ec-00_005890,Esi_0475_0001,D7G2G5,CBJ33399.1
Ec-00_005900,Esi_0475_0004,D7G2G6,CBJ33400.1
Ec-00_005910,Esi_0475_0005,D7G2G7,CBJ33401.1
Ec-00_005920,Esi_0475_0006,D7G2G8,CBJ33402.1
Ec-00_005930,Esi_0475_0007,D7G2G9,CBJ33403.1
Ec-00_005940,Esi_0475_0008,D7G2H0,CBJ33404.1
Ec-00_005950,Esi_0475_0012,D7G2H1,CBJ33405.1
Ec-00_005960,Esi_0475_0014,D7G2H2,CBJ33406.1
Ec-00_005970,Esi_0475_0017,D7G2H3,CBJ33407.1
Ec-07_005500,Esi_0476_0001,D7G2H4,CBJ33408.1
Ec-07_005510,Esi_0476_0004,D7G2H5,CBJ33409.1
Ec-07_005520,Esi_0476_0009,D7G2H6,CBJ33410.1
Ec-07_005530,Esi_0476_0011,D7G2H7,CBJ33411.1
Ec-07_005540,Esi_0476_0012,D7G2H8,CBJ33412.1
Ec-07_005560,Esi_0476_0015,D7G2H9,CBJ33413.1
Ec-07_005550,Esi_0476_0018,,
Ec-25_000170,Esi_0477_0013,D7G2I0,CBJ33414.1
Ec-25_000180,Esi_0477_0017,D7G2I1,CBJ33415.1
Ec-25_000160,Esi_0477_0018,,
Ec-00_005980,Esi_0478_0016,D7G2I2,CBJ33416.1
Ec-12_001630,Esi_0479_0001,D7G2I3,CBJ33417.1
Ec-12_001640,Esi_0479_0004,D7G2I4,CBJ33418.1
Ec-12_001650,Esi_0479_0006,D7G2I5,CBJ33419.1
Ec-12_001660,Esi_0479_0007,D7G2I6,CBJ33420.1
Ec-12_001670,Esi_0479_0010,D7G2I7,CBJ33421.1
Ec-12_001680,Esi_0479_0011,D7G2I8,CBJ33422.1
Ec-12_001690,Esi_0479_0012,D7G2I9,CBJ33423.1
Ec-12_001700,Esi_0479_0013,D7G2J0,CBJ33424.1
Ec-12_001710,Esi_0479_0014,D7G2J1,CBJ33425.1
Ec-12_001720,Esi_0479_0019,D7G2J2,CBJ33426.1
Ec-12_001730,Esi_0479_0020,D7G2J3,CBJ33427.1
Ec-12_001740,Esi_0479_0021,D7G2J4,CBJ33428.1
Ec-00_005990,Esi_0480_0002,D7G2S5,CBJ33429.1
Ec-00_006000,Esi_0480_0003,D7G2S6,CBJ33430.1
Ec-00_006010,Esi_0480_0007,D7G2S7,CBJ33431.1
Ec-00_006020,Esi_0482_0015,D8LNI8,CBN76269.1
Ec-00_006040,Esi_0482_0020,D8LNI9,CBN76270.1
Ec-00_006050,Esi_0482_0024,D8LNJ0,CBN76271.1
Ec-00_006030,Esi_0482_0029,,
Ec-13_004210,Esi_0483_0002,D7G2S8,CBJ33432.1
Ec-13_004220,Esi_0483_0003,D7G2S9,CBJ33433.1
Ec-13_004250,Esi_0483_0008,D7G2T0,CBJ33434.1
Ec-13_004260,Esi_0483_0010,D7G2T1,CBJ33435.1
Ec-13_004270,Esi_0483_0014,D7G2T2,CBJ33436.1
Ec-13_004230,Esi_0483_0017,,
Ec-13_004240,Esi_0483_0018,,
Ec-05_000750,Esi_0484_0015,D7G2T3,CBJ33437.1
Ec-05_000770,Esi_0484_0019,D7G2T4,CBJ33438.1
Ec-05_000730,Esi_0484_0032,,
Ec-05_000740,Esi_0484_0033,,
Ec-05_000760,Esi_0484_0034,,
Ec-12_002860,Esi_0485_0001,D7G2T5,CBJ33439.1
,Esi_0485_0002,D7G2T6,CBJ33440.1
Ec-12_002880,Esi_0485_0007,D7G2T7,CBJ33441.1
Ec-12_002890,Esi_0485_0009,D7G2T8,CBJ33442.1
Ec-12_002900,Esi_0485_0011,D7G2T9,CBJ33443.1
Ec-12_002870,Esi_0485_0020,,
Ec-01_000390,Esi_0486_0002,D8LNJ1,CBN76272.1
Ec-01_000400,Esi_0486_0003,D8LNJ2,CBN76273.1
Ec-01_000420,Esi_0486_0005,D8LNJ3,CBN76274.1
Ec-01_000430,Esi_0486_0007,D8LNJ4,CBN76275.1
Ec-01_000440,Esi_0486_0010,D8LNJ5,CBN76276.1
Ec-01_000450,Esi_0486_0011,D8LNJ6,CBN76277.1
Ec-01_000460,Esi_0486_0016,D8LNJ7,CBN76278.1
Ec-01_000470,Esi_0486_0017,D8LNJ8,CBN76279.1
,Esi_0486_0021,D8LNJ9,CBN76280.1
Ec-01_000410,Esi_0486_0024,,
,Esi_0487_0003,D7G2U0,CBJ33444.1
Ec-00_006060,Esi_0487_0008,D7G2U1,CBJ33445.1
Ec-16_001500,Esi_0488_0002,D7G2U2,CBJ33446.1
Ec-16_001510,Esi_0488_0004,D7G2U3,CBJ33447.1
Ec-16_001510,Esi_0488_0005,D7G2U4,CBJ33448.1
Ec-16_001520,Esi_0488_0007,D7G2U5,CBJ33449.1
Ec-16_001530,Esi_0488_0009,D7G2U6,CBJ33450.1
Ec-16_001540,Esi_0488_0012,D7G2U7,CBJ33451.1
Ec-16_001550,Esi_0488_0013,D7G2U8,CBJ33452.1
Ec-16_001560,Esi_0488_0017,,
Ec-07_005570,Esi_0489_0006,D7G2U9,CBJ33453.1
Ec-07_005600,Esi_0489_0017,D7G2V0,CBJ33454.1
Ec-07_005610,Esi_0489_0018,D7G2V1,CBJ33455.1
Ec-07_005620,Esi_0489_0024,D7G2V2,CBJ33456.1
Ec-07_005630,Esi_0489_0025,D7G2V3,CBJ33457.1
Ec-07_005580,Esi_0489_0031,,
Ec-07_005590,Esi_0489_0032,,
Ec-00_006070,Esi_0490_0003,D7G315,CBJ33458.1
Ec-00_006080,Esi_0490_0005,D7G316,CBJ33459.1
Ec-00_006090,Esi_0490_0006,D7G317,CBJ33460.1
Ec-00_006100,Esi_0490_0008,D7G318,CBJ33461.1
Ec-00_006120,Esi_0490_0009,D7G319,CBJ33462.1
Ec-00_006130,Esi_0490_0010,D7G320,CBJ33463.1
Ec-00_006140,Esi_0490_0011,D7G321,CBJ33464.1
Ec-00_006160,Esi_0490_0013,D7G323,CBJ33466.1
Ec-00_006170,Esi_0490_0014,D7G324,CBJ33467.1
Ec-00_006180,Esi_0490_0015,D7G325,CBJ33468.1
Ec-00_006190,Esi_0490_0016,D7G326,CBJ33469.1
Ec-00_006200,Esi_0490_0017,D7G327,CBJ33470.1
Ec-00_006240,Esi_0490_0021,D7G328,CBJ33471.1
Ec-00_006260,Esi_0490_0022,D7G329,CBJ33472.1
Ec-00_006150,Esi_0490_0023,D7G322,CBJ33465.1
Ec-00_006210,Esi_0490_0026,,
Ec-00_006220,Esi_0490_0027,,
Ec-00_006230,Esi_0490_0028,,
Ec-00_006250,Esi_0490_0029,,
Ec-00_006110,Esi_0490_0030,,
Ec-24_003000,Esi_0491_0004,D7G330,CBJ33473.1
Ec-24_003010,Esi_0491_0009,D7G331,CBJ33474.1
Ec-24_003020,Esi_0491_0010,D7G332,CBJ33475.1
Ec-24_003030,Esi_0491_0011,D7G333,CBJ33476.1
Ec-24_003040,Esi_0491_0012,D7G334,CBJ33477.1
Ec-24_003050,Esi_0491_0016,D7G335,CBJ33478.1
Ec-24_003070,Esi_0491_0021,D7G336,CBJ33479.1
Ec-24_003060,Esi_0491_0023,,
Ec-00_006270,Esi_0492_0001,,
Ec-00_006280,Esi_0492_0002,D8LNK1,CBN80504.1
Ec-00_006290,Esi_0492_0003,,
Ec-00_006310,Esi_0492_0004,D8LNK3,CBN80506.1
Ec-00_006330,Esi_0492_0005,,
Ec-00_006350,Esi_0492_0007,D8LNK6,CBN80510.1
Ec-00_006320,Esi_0492_0010,D8LNK4,CBN80507.1
Ec-00_006340,Esi_0492_0011,D8LNK5,CBN80509.1
Ec-00_006300,Esi_0492_0012,,
Ec-22_002910,Esi_0493_0002,D8LNK7,CBN76281.1
Ec-22_002920,Esi_0493_0006,D8LNK8,CBN76282.1
,Esi_0493_0009,D8LNK9,CBN76283.1
Ec-22_002940,Esi_0493_0011,D8LNL0,CBN76284.1
,Esi_0493_0014,D8LNL1,CBN76285.1
Ec-22_002930,Esi_0493_0018,,
Ec-22_002950,Esi_0493_0020,,
Ec-04_000220,Esi_0494_0013,D7G337,CBJ33480.1
Ec-04_000230,Esi_0494_0024,,
Ec-00_006360,Esi_0495_0001,D7G338,CBJ33481.1
Ec-00_006370,Esi_0495_0002,D7G339,CBJ33482.1
Ec-00_006380,Esi_0495_0003,D7G340,CBJ33483.1
Ec-00_006390,Esi_0495_0005,D7G341,CBJ33484.1
Ec-00_006410,Esi_0495_0007,D7G342,CBJ33485.1
Ec-00_006420,Esi_0495_0011,D7G343,CBJ33486.1
Ec-00_006430,Esi_0495_0012,D7G344,CBJ33487.1
Ec-00_006400,Esi_0495_0015,,
Ec-21_000110,Esi_0496_0011,D7G345,CBJ33488.1
Ec-21_000120,Esi_0496_0012,D7G346,CBJ33489.1
Ec-21_000100,Esi_0496_0019,,
Ec-00_006440,Esi_0497_0005,D7G347,CBJ33490.1
Ec-00_006450,Esi_0498_0007,D7G348,CBJ33491.1
Ec-00_006460,Esi_0498_0010,D7G349,CBJ33492.1
Ec-24_002790,Esi_0499_0007,D7G350,CBJ33493.1
Ec-24_002800,Esi_0499_0009,D7G351,CBJ33494.1
Ec-24_002870,Esi_0499_0013,D7G352,CBJ33495.1
Ec-24_002810,Esi_0499_0014,,
Ec-24_002820,Esi_0499_0015,,
Ec-24_002830,Esi_0499_0016,,
Ec-24_002840,Esi_0499_0017,,
Ec-24_002850,Esi_0499_0018,,
Ec-24_002860,Esi_0499_0019,,
Ec-07_005640,Esi_0500_0007,D7G3A2,CBJ33496.1
Ec-07_005660,Esi_0500_0008,D7G3A3,CBJ33497.1
Ec-07_005670,Esi_0500_0010,D7G3A4,CBJ33498.1
Ec-07_005690,Esi_0500_0011,D7G3A5,CBJ33499.1
Ec-07_005700,Esi_0500_0015,D7G3A6,CBJ33500.1
Ec-07_005680,Esi_0500_0021,,
Ec-07_005650,Esi_0500_0022,,
Ec-25_003450,Esi_0501_0001,D7G3A7,CBJ33501.1
Ec-25_003460,Esi_0501_0002,D7G3A8,CBJ33502.1
Ec-25_003470,Esi_0501_0003,D7G3A9,CBJ33503.1
Ec-25_003480,Esi_0501_0005,D7G3B0,CBJ33504.1
Ec-25_003510,Esi_0501_0010,D7G3B1,CBJ33505.1
,Esi_0501_0011,D7G3B2,CBJ33506.1
Ec-25_003530,Esi_0501_0015,D7G3B3,CBJ33507.1
Ec-25_003490,Esi_0501_0018,,
Ec-25_003520,Esi_0501_0020,,
Ec-25_003500,Esi_0501_0021,,
,Esi_0502_0004,D7G3B4,CBJ33508.1
Ec-13_000010,Esi_0502_0010,D7G3B5,CBJ33509.1
Ec-06_002260,Esi_0503_0001,D7G3B6,CBJ33510.1
Ec-06_002270,Esi_0503_0002,D7G3B7,CBJ33511.1
Ec-06_002280,Esi_0503_0004,D7G3B8,CBJ33512.1
Ec-06_002290,Esi_0503_0005,D7G3B9,CBJ33513.1
Ec-06_002300,Esi_0503_0006,D7G3C0,CBJ33514.1
Ec-06_002320,Esi_0503_0009,D7G3C1,CBJ33515.1
Ec-06_002310,Esi_0503_0011,,
Ec-21_002790,Esi_0504_0001,D7G3C2,CBJ33516.1
Ec-21_002800,Esi_0504_0003,D7G3C3,CBJ33517.1
Ec-21_002810,Esi_0504_0004,D7G3C4,CBJ33518.1
Ec-21_002820,Esi_0504_0005,D7G3C5,CBJ33519.1
Ec-21_002830,Esi_0504_0006,D7G3C6,CBJ33520.1
Ec-21_002840,Esi_0504_0007,D7G3C7,CBJ33521.1
Ec-21_002850,Esi_0504_0008,D7G3C8,CBJ33522.1
Ec-21_002860,Esi_0504_0009,D7G3C9,CBJ33523.1
Ec-21_002870,Esi_0504_0010,D7G3D0,CBJ33524.1
Ec-00_006470,Esi_0505_0002,D7G3D1,CBJ33525.1
Ec-00_006480,Esi_0505_0020,,
Ec-00_006490,Esi_0505_0021,,
Ec-21_002400,Esi_0506_0003,D7G3D2,CBJ33526.1
Ec-21_002410,Esi_0506_0006,D7G3D3,CBJ33527.1
,Esi_0506_0014,D7G3D4,CBJ33528.1
Ec-21_002420,Esi_0506_0016,D7G3D5,CBJ33529.1
,Esi_0507_0003,D7G3D6,CBJ33530.1
Ec-00_006500,Esi_0507_0008,D7G3D7,CBJ33531.1
Ec-00_006510,Esi_0507_0015,D7G3D8,CBJ33532.1
Ec-09_001140,Esi_0508_0002,D7G3D9,CBJ33533.1
Ec-09_001150,Esi_0508_0003,D7G3E0,CBJ33534.1
Ec-09_001160,Esi_0508_0004,D7G3E1,CBJ33535.1
Ec-09_001170,Esi_0508_0010,D7G3E2,CBJ33536.1
Ec-00_006520,Esi_0509_0001,D7G3E3,CBJ33537.1
Ec-00_006530,Esi_0509_0002,D7G3E4,CBJ33538.1
Ec-00_006540,Esi_0509_0003,D7G3E5,CBJ33539.1
Ec-00_006550,Esi_0509_0005,D7G3E6,CBJ33540.1
Ec-00_006560,Esi_0509_0006,D7G3E7,CBJ33541.1
Ec-00_006570,Esi_0509_0008,D7G3E8,CBJ33542.1
Ec-00_006580,Esi_0509_0009,D7G3E9,CBJ33543.1
Ec-00_006590,Esi_0509_0011,D7G3F0,CBJ33544.1
Ec-00_006600,Esi_0510_0001,D7G3L3,CBJ33545.1
Ec-00_006610,Esi_0510_0003,D7G3L4,CBJ33546.1
Ec-00_006620,Esi_0510_0004,D7G3L5,CBJ33547.1
,Esi_0510_0005,D7G3L6,CBJ33548.1
Ec-07_000700,Esi_0511_0004,D7G3L7,CBJ33549.1
,Esi_0511_0006,D7G3L8,CBJ33550.1
Ec-07_000710,Esi_0511_0007,D7G3L9,CBJ33551.1
nd,Esi_0511_0008,D7G3M0,CBJ33552.1
Ec-07_000720,Esi_0511_0012,D7G3M1,CBJ33553.1
Ec-07_000730,Esi_0511_0015,D7G3M2,CBJ33554.1
Ec-14_005710,Esi_0512_0001,D8LNY3,CBN76286.1
Ec-14_005720,Esi_0512_0004,D8LNY4,CBN76287.1
Ec-14_005740,Esi_0512_0006,D8LNY5,CBN76288.1
Ec-14_005750,Esi_0512_0007,D8LNY6,CBN76289.1
Ec-14_005760,Esi_0512_0008,D8LNY7,CBN76290.1
Ec-14_005780,Esi_0512_0010,D8LNY8,CBN76291.1
Ec-14_005800,Esi_0512_0013,D8LNY9,CBN76292.1
Ec-14_005790,Esi_0512_0019,,
Ec-14_005730,Esi_0512_0020,,
Ec-14_005770,Esi_0512_0021,,
Ec-24_001670,Esi_0513_0002,D7G3M3,CBJ33555.1
,Esi_0513_0003,D7G3M4,CBJ33556.1
,Esi_0513_0004,D7G3M5,CBJ33557.1
,Esi_0513_0005,D7G3M6,CBJ33558.1
Ec-24_001680,Esi_0513_0007,D7G3M7,CBJ33559.1
Ec-24_001700,Esi_0513_0010,D7G3M8,CBJ33560.1
Ec-24_001710,Esi_0513_0011,D7G3M9,CBJ33561.1
Ec-24_001680,Esi_0513_0015,,
Ec-24_001690,Esi_0513_0016,,
Ec-19_000960,Esi_0514_0002,D7G3N0,CBJ33562.1
Ec-19_000970,Esi_0514_0005,D7G3N1,CBJ33563.1
Ec-19_000990,Esi_0514_0007,D7G3N2,CBJ33564.1
Ec-19_001000,Esi_0514_0008,D7G3N3,CBJ33565.1
Ec-19_001010,Esi_0514_0010,D7G3N4,CBJ33566.1
Ec-19_000950,Esi_0514_0015,,
Ec-19_000980,Esi_0514_0016,,
Ec-19_001020,Esi_0514_0017,,
Ec-00_006630,Esi_0515_0001,D7G3N5,CBJ49288.1
Ec-00_006640,Esi_0515_0003,D7G3N6,CBJ49289.1
Ec-00_006650,Esi_0515_0005,D7G3N7,CBJ49290.1
Ec-00_006660,Esi_0515_0006,D7G3N8,CBJ49291.1
Ec-00_006670,Esi_0515_0009,D7G3N9,CBJ49292.1
Ec-01_000480,Esi_0516_0001,D8LNZ0,CBN79863.1
Ec-01_000490,Esi_0516_0002,D8LNZ1,CBN79864.1
Ec-01_000500,Esi_0516_0003,D8LNZ2,CBN79865.1
Ec-01_000510,Esi_0516_0005,D8LNZ3,CBN79866.1
Ec-01_000520,Esi_0516_0006,D8LNZ4,CBN79867.1
Ec-01_000540,Esi_0516_0008,D8LNZ5,CBN79868.1
Ec-01_000550,Esi_0516_0009,D8LNZ6,CBN79869.1
Ec-01_000560,Esi_0516_0010,D8LNZ7,CBN79870.1
Ec-01_000570,Esi_0516_0011,D8LNZ8,CBN79871.1
Ec-01_000580,Esi_0516_0013,D8LNZ9,CBN79872.2
Ec-01_000590,Esi_0516_0014,D8LP00,CBN79873.1
Ec-01_000530,Esi_0516_0016,,
Ec-00_006680,Esi_0517_0002,D7G3P0,CBJ33567.1
Ec-00_006690,Esi_0517_0003,D7G3P1,CBJ33568.1
Ec-00_006700,Esi_0517_0005,D7G3P2,CBJ33569.1
Ec-00_006710,Esi_0517_0006,D7G3P3,CBJ33570.1
,Esi_0517_0008,D7G3P4,CBJ33571.1
Ec-00_006720,Esi_0517_0009,D7G3P5,CBJ33572.1
Ec-00_006730,Esi_0517_0011,D7G3P6,CBJ33573.1
Ec-00_006740,Esi_0517_0012,D7G3P7,CBJ33574.1
Ec-00_006750,Esi_0517_0014,D7G3P8,CBJ33575.1
Ec-00_006760,Esi_0519_0001,D7G3P9,CBJ33576.1
Ec-00_006770,Esi_0519_0002,D7G3Q0,CBJ33577.1
Ec-00_006780,Esi_0519_0004,D7G3Q1,CBJ33578.1
Ec-00_006790,Esi_0519_0007,D7G3Q2,CBJ33579.1
Ec-00_006800,Esi_0519_0008,D7G3Q3,CBJ33580.1
Ec-00_006810,Esi_0519_0009,D7G3Q4,CBJ33581.1
Ec-12_008040,Esi_0520_0002,D7G3Q6,CBJ33582.1
Ec-12_008050,Esi_0520_0004,D7G3Q7,CBJ33583.1
Ec-12_008060,Esi_0520_0008,D7G3Q5,CBJ33584.1
Ec-12_008030,Esi_0520_0012,,
Ec-00_006820,Esi_0521_0001,,
Ec-00_006830,Esi_0521_0005,D7G3Q8,CBJ33585.1
Ec-00_006840,Esi_0521_0008,D7G3Q9,CBJ33586.1
Ec-00_006860,Esi_0521_0014,D7G3R0,CBJ33587.1
Ec-00_006870,Esi_0521_0017,D7G3R1,CBJ33588.1
Ec-00_006880,Esi_0521_0018,D7G3R2,CBJ33589.1
Ec-00_006850,Esi_0521_0023,,
Ec-03_000050,Esi_0523_0002,D7G3R3,CBJ33590.1
Ec-03_000060,Esi_0523_0003,D7G3R4,CBJ33591.1
Ec-03_000090,Esi_0523_0004,D7G3R5,CBJ33592.1
Ec-03_000100,Esi_0523_0005,D7G3R6,CBJ33593.1
Ec-03_000110,Esi_0523_0007,D7G3R7,CBJ33594.1
Ec-03_000120,Esi_0523_0010,D7G3R8,CBJ33595.1
Ec-03_000070,Esi_0523_0012,,
Ec-03_000080,Esi_0523_0013,,
Ec-00_006890,Esi_0524_0002,D7G3R9,CBJ33596.1
Ec-00_006900,Esi_0524_0004,D7G3S0,CBJ33597.1
Ec-00_006920,Esi_0524_0007,D7G3S1,CBJ33598.1
Ec-00_006910,Esi_0524_0010,,
Ec-21_000140,Esi_0525_0001,D7G3S2,CBJ33599.1
Ec-21_000150,Esi_0525_0005,D7G3S3,CBJ33600.1
Ec-00_006930,Esi_0526_0001,D7G3S4,CBJ33601.1
Ec-00_006940,Esi_0526_0002,D7G3S5,CBJ33602.1
Ec-00_006950,Esi_0526_0005,D7G3S6,CBJ33603.1
Ec-00_006960,Esi_0526_0006,D7G3S7,CBJ33604.1
Ec-00_006970,Esi_0526_0007,D7G3S8,CBJ33605.1
Ec-00_006980,Esi_0526_0009,,
Ec-03_003710,Esi_0527_0002,D7G3S9,CBJ33606.1
Ec-03_003720,Esi_0527_0003,D7G3T0,CBJ33607.1
Ec-03_003740,Esi_0527_0005,D7G3T1,CBJ33608.1
Ec-03_003750,Esi_0527_0006,D7G3T2,CBJ33609.1
Ec-03_003730,Esi_0527_0010,,
Ec-22_002190,Esi_0528_0002,D7G3T3,CBJ33610.1
Ec-22_002200,Esi_0528_0004,D7G3T4,CBJ33611.1
Ec-22_002210,Esi_0528_0006,D7G3T5,CBJ33612.1
Ec-22_002220,Esi_0528_0011,D7G3T6,CBJ33613.1
Ec-22_002230,Esi_0528_0014,,
Ec-00_006990,Esi_0529_0003,D7G3T7,CBJ33614.1
Ec-00_007000,Esi_0529_0004,D7G3T8,CBJ33615.1
Ec-00_007010,Esi_0529_0009,D7G3T9,CBJ33616.1
Ec-00_007020,Esi_0529_0011,D7G3U0,CBJ33617.1
Ec-00_007030,Esi_0529_0012,D7G3U1,CBJ33618.1
Ec-00_007050,Esi_0529_0014,D7G3U2,CBJ33619.1
Ec-00_007060,Esi_0529_0017,D7G3U3,CBJ33620.1
Ec-00_007040,Esi_0529_0018,,
Ec-00_007070,Esi_0529_0019,,
Ec-00_007080,Esi_0530_0002,D7G3U4,CBJ33621.1
Ec-00_007090,Esi_0530_0010,D7G3U5,CBJ33622.1
Ec-00_007100,Esi_0530_0018,D7G3U6,CBJ33623.1
Ec-00_007110,Esi_0531_0003,D7G3U7,CBJ33624.1
Ec-00_007120,Esi_0531_0006,D7G3U8,CBJ33625.1
Ec-00_007130,Esi_0531_0008,D7G3U9,CBJ33626.1
Ec-01_004360,Esi_0532_0001,D7G3V0,CBJ33627.1
Ec-01_004380,Esi_0532_0004,D7G3V1,CBJ33628.1
Ec-01_004390,Esi_0532_0005,D7G3V2,CBJ33629.1
Ec-01_004400,Esi_0532_0009,D7G3V3,CBJ33630.1
Ec-01_004370,Esi_0532_0011,,
Ec-01_005830,Esi_0533_0001,D7G3V4,CBJ33631.1
Ec-01_005840,Esi_0533_0002,D7G3V5,CBJ33632.1
Ec-01_005850,Esi_0533_0004,D7G3V6,CBJ33633.1
Ec-01_005860,Esi_0533_0007,D7G3V7,CBJ33634.1
Ec-01_005870,Esi_0533_0008,D7G3V8,CBJ33635.1
Ec-01_005880,Esi_0533_0012,D7G3V9,CBJ33636.1
Ec-01_005900,Esi_0533_0015,D7G3W0,CBJ33637.1
Ec-01_005910,Esi_0533_0018,,
Ec-01_005890,Esi_0533_0019,,
Ec-00_007140,Esi_0534_0004,D7G3W1,CBJ33638.1
Ec-00_007150,Esi_0534_0005,D7G3W2,CBJ33639.1
Ec-00_007160,Esi_0534_0007,D7G3W3,CBJ33640.1
Ec-09_001630,Esi_0535_0003,D7G3W4,CBJ33641.1
Ec-09_001650,Esi_0535_0006,D7G3W5,CBJ33642.1
Ec-09_001660,Esi_0535_0010,D7G3W6,CBJ33643.1
Ec-09_001680,Esi_0535_0011,D7G3W7,CBJ33644.1
Ec-09_001670,Esi_0535_0013,,
Ec-09_001640,Esi_0535_0014,,
Ec-15_003750,Esi_0536_0004,D7G3W8,CBJ33645.1
Ec-15_003760,Esi_0536_0005,D7G3W9,CBJ33646.1
Ec-15_003770,Esi_0536_0011,D7G3X0,CBJ33647.1
Ec-15_003800,Esi_0536_0013,D7G3X1,CBJ33648.1
Ec-15_003810,Esi_0536_0015,D7G3X2,CBJ33649.1
Ec-15_003780,Esi_0536_0017,,
Ec-15_003740,Esi_0536_0018,,
Ec-15_003790,Esi_0536_0019,,
Ec-00_007170,Esi_0537_0001,D7G3X3,CBJ33650.1
Ec-00_007180,Esi_0537_0005,D7G3X4,CBJ33651.1
Ec-02_004200,Esi_0538_0001,D8LPV3,CBN79874.1
Ec-02_004210,Esi_0538_0003,D8LPV4,CBN79875.1
Ec-02_004220,Esi_0538_0004,D8LPV5,CBN79876.1
Ec-02_004240,Esi_0538_0007,D8LPV6,CBN79877.2
Ec-02_004250,Esi_0538_0008,D8LPV7,CBN79878.1
Ec-02_004260,Esi_0538_0010,D8LPV8,CBN79879.1
Ec-02_004230,Esi_0538_0015,,
Ec-22_002260,Esi_0539_0003,D7G3X5,CBJ33652.1
Ec-22_002270,Esi_0539_0015,,
Ec-23_002910,Esi_0540_0004,D7G435,CBJ33653.1
Ec-23_002920,Esi_0540_0006,D7G436,CBJ33654.1
Ec-23_002930,Esi_0540_0011,D7G437,CBJ33655.1
Ec-23_002940,Esi_0540_0012,D7G438,CBJ33656.1
Ec-23_002950,Esi_0540_0014,,
Ec-00_007200,Esi_0542_0009,,
Ec-00_007190,Esi_0542_0010,,
Ec-00_007210,Esi_0543_0003,D7G439,CBJ33657.1
Ec-00_007220,Esi_0543_0004,D7G440,CBJ33658.1
Ec-00_007230,Esi_0544_0016,D7G441,CBJ33659.1
Ec-25_000610,Esi_0545_0009,D7G442,CBJ33660.1
Ec-25_000620,Esi_0545_0010,D7G443,CBJ33661.1
Ec-25_000630,Esi_0545_0011,D7G444,CBJ33662.1
Ec-00_007250,Esi_0546_0003,D7G445,CBJ33663.1
Ec-00_007240,Esi_0546_0010,,
Ec-03_003660,Esi_0547_0004,D7G446,CBJ33664.1
Ec-03_003680,Esi_0547_0009,D7G447,CBJ33665.1
Ec-03_003690,Esi_0547_0010,D7G448,CBJ33666.1
Ec-03_003700,Esi_0547_0011,D7G449,CBJ33667.1
Ec-03_003670,Esi_0547_0013,,
Ec-05_001300,Esi_0548_0001,D7G450,CBJ33668.1
Ec-05_001310,Esi_0548_0004,,
Ec-00_007260,Esi_0551_0003,D7G4C3,CBJ33669.1
Ec-00_007270,Esi_0551_0005,D7G4C4,CBJ33670.1
Ec-00_007280,Esi_0552_0002,D7G4C5,CBJ33671.1
Ec-00_007290,Esi_0552_0003,D7G4C6,CBJ33672.1
Ec-00_007300,Esi_0552_0007,D7G4C7,CBJ33673.1
Ec-00_007310,Esi_0552_0008,D7G4C8,CBJ33674.1
Ec-00_007320,Esi_0552_0010,D7G4C9,CBJ33675.1
Ec-00_007330,Esi_0552_0011,D7G4D0,CBJ33676.1
Ec-00_007340,Esi_0552_0014,D7G4D1,CBJ33677.1
Ec-00_007350,Esi_0552_0015,D7G4D2,CBJ33678.1
Ec-00_007360,Esi_0552_0016,D7G4D3,CBJ33679.1
Ec-00_007370,Esi_0553_0001,D7G4D4,CBJ33680.1
Ec-00_007380,Esi_0553_0003,D7G4D5,CBJ33681.1
Ec-00_007390,Esi_0553_0005,D7G4D6,CBJ33682.1
Ec-00_007410,Esi_0553_0009,D7G4D7,CBJ33683.1
Ec-00_007400,Esi_0553_0014,,
Ec-00_007420,Esi_0554_0009,D7G4D8,CBJ33684.1
Ec-00_007430,Esi_0555_0002,D7G4D9,CBJ33685.1
Ec-00_007440,Esi_0555_0015,,
Ec-26_000060,Esi_0556_0008,D7G4E0,CBJ33686.1
Ec-00_007450,Esi_0557_0002,D7G4E1,CBJ33687.1
Ec-00_007460,Esi_0557_0007,D7G4E2,CBJ33688.1
Ec-00_007470,Esi_0557_0011,,
Ec-00_007480,Esi_0558_0002,D7G4E3,CBJ33689.1
,Esi_0558_0005,D7G4E4,CBJ33690.1
Ec-00_007490,Esi_0558_0010,,
Ec-00_007500,Esi_0558_0011,,
Ec-00_007510,Esi_0558_0012,,
Ec-00_007520,Esi_0558_0013,,
Ec-00_007530,Esi_0558_0014,,
Ec-00_007540,Esi_0558_0015,,
Ec-15_000970,Esi_0559_0002,D7G4E5,CBJ33691.1
Ec-15_000980,Esi_0559_0003,D7G4E6,CBJ33692.1
Ec-13_002660,Esi_0560_0001,D7G4E7,CBJ33693.1
,Esi_0560_0004,D7G4E8,CBJ33694.1
Ec-13_002680,Esi_0560_0011,D7G4E9,CBJ33695.1
Ec-13_002670,Esi_0560_0015,,
Ec-00_007560,Esi_0561_0003,D7G4F0,CBJ33696.1
Ec-00_007580,Esi_0561_0007,D7G4F1,CBJ33697.1
Ec-00_007590,Esi_0561_0009,D7G4F2,CBJ33698.1
Ec-00_007550,Esi_0561_0015,,
Ec-00_007570,Esi_0561_0016,,
Ec-00_007600,Esi_0562_0003,D7G4F3,CBJ33699.1
Ec-00_007610,Esi_0562_0010,,
Ec-13_003380,Esi_0563_0005,D7G4F5,CBJ33701.1
Ec-13_003400,Esi_0563_0006,D7G4F6,CBJ33702.1
Ec-13_003420,Esi_0563_0009,D7G4F7,CBJ33703.1
Ec-13_003390,Esi_0563_0012,,
Ec-13_003410,Esi_0563_0014,,
Ec-00_007620,Esi_0564_0004,,
Ec-00_007630,Esi_0564_0009,D7G4F9,CBJ33705.1
Ec-00_007640,Esi_0565_0015,,
Ec-03_000950,Esi_0566_0001,D7G4G0,CBJ33706.1
Ec-03_000960,Esi_0566_0003,D7G4G1,CBJ33707.1
Ec-03_000970,Esi_0566_0008,,
Ec-11_000090,Esi_0567_0004,D7G4G2,CBJ33708.1
,Esi_0568_0002,D7G4G3,CBJ33709.1
Ec-00_007650,Esi_0568_0003,D7G4G4,CBJ33710.1
Ec-00_007660,Esi_0568_0004,D7G4G5,CBJ33711.1
Ec-00_007670,Esi_0569_0005,D7G4G6,CBJ33712.1
Ec-00_007680,Esi_0569_0009,D7G4G7,CBJ33713.1
Ec-00_007690,Esi_0569_0011,D7G4G8,CBJ33714.1
Ec-00_007700,Esi_0570_0001,D7G4M8,CBJ33715.1
Ec-00_007720,Esi_0570_0003,D7G4M9,CBJ33716.1
Ec-00_007730,Esi_0570_0005,D7G4N0,CBJ33717.1
Ec-00_007740,Esi_0570_0006,D7G4N1,CBJ33718.1
Ec-00_007750,Esi_0570_0008,D7G4N2,CBJ33719.1
Ec-00_007710,Esi_0570_0011,,
Ec-17_001810,Esi_0571_0001,D7G4N3,CBJ33720.1
Ec-17_001820,Esi_0571_0002,D7G4N4,CBJ33721.1
Ec-17_001830,Esi_0571_0004,D7G4N5,CBJ33722.1
Ec-17_001850,Esi_0571_0006,D7G4N6,CBJ33723.1
Ec-17_001850,Esi_0571_0007,D7G4N7,CBJ33724.1
Ec-17_001800,Esi_0571_0010,,
Ec-17_001840,Esi_0571_0011,,
,Esi_0572_0001,D7G4N8,CBJ33725.1
,Esi_0572_0003,D7G4N9,CBJ33726.1
Ec-22_003160,Esi_0572_0004,D7G4P0,CBJ33727.1
Ec-22_003170,Esi_0572_0007,D7G4P1,CBJ33728.1
Ec-00_007760,Esi_0574_0003,D7G4P2,CBJ33729.1
Ec-00_007770,Esi_0575_0006,,
Ec-00_007780,Esi_0576_0011,D7G4P3,CBJ33730.1
Ec-00_007790,Esi_0576_0013,,
Ec-00_007800,Esi_0577_0003,D7G4P4,CBJ33731.1
Ec-00_007810,Esi_0577_0005,D7G4P5,CBJ33732.1
Ec-00_007820,Esi_0577_0008,D7G4P6,CBJ33733.1
Ec-00_007830,Esi_0577_0012,D7G4P7,CBJ33734.1
Ec-00_007840,Esi_0578_0001,D7G4P8,CBJ33735.1
Ec-00_007850,Esi_0579_0006,,
Ec-03_005100,Esi_0580_0003,D7G4X3,CBJ33736.1
Ec-03_005110,Esi_0580_0006,D7G4X4,CBJ33737.1
Ec-00_007860,Esi_0581_0008,,
Ec-00_007870,Esi_0582_0015,,
Ec-00_007880,Esi_0584_0008,D7G4X5,CBJ33738.1
Ec-00_007890,Esi_0584_0012,,
Ec-24_002490,Esi_0585_0002,D7G4X6,CBJ33739.1
Ec-24_002500,Esi_0585_0003,D7G4X7,CBJ33740.1
Ec-24_002520,Esi_0585_0005,D7G4X8,CBJ33741.1
Ec-24_002530,Esi_0585_0007,D7G4X9,CBJ33742.1
Ec-24_002540,Esi_0585_0008,D7G4Y0,CBJ33743.1
Ec-24_002480,Esi_0585_0011,,
Ec-24_002510,Esi_0585_0012,,
,Esi_0586_0003,D7G4Y1,CBJ33744.1
Ec-00_007900,Esi_0586_0004,D7G4Y2,CBJ33745.1
Ec-00_007910,Esi_0586_0008,D7G4Y3,CBJ33746.1
Ec-00_007920,Esi_0586_0010,D7G4Y4,CBJ33747.1
,Esi_0586_0014,D7G4Y5,CBJ33748.1
Ec-00_007930,Esi_0586_0015,,
Ec-00_007940,Esi_0587_0001,D7G4Y6,CBJ33749.1
Ec-00_007950,Esi_0587_0006,,
Ec-00_007960,Esi_0588_0005,D7G4Y7,CBJ33750.1
Ec-00_007970,Esi_0588_0013,D7G4Y8,CBJ33751.1
Ec-00_007980,Esi_0589_0001,D7G4Y9,CBJ33752.1
Ec-00_007990,Esi_0589_0013,,
Ec-00_008000,Esi_0589_0014,,
,Esi_0590_0002,D7G4Z0,CBJ33753.1
Ec-28_001050,Esi_0590_0003,D7G4Z1,CBJ33754.1
Ec-28_001060,Esi_0590_0004,D7G4Z2,CBJ33755.1
Ec-28_001070,Esi_0590_0007,,
Ec-21_000130,Esi_0591_0002,D7G4Z3,CBJ33756.1
Ec-19_003040,Esi_0592_0001,D7G4Z4,CBJ33757.1
Ec-19_003050,Esi_0592_0002,D7G4Z5,CBJ33758.1
Ec-19_003070,Esi_0592_0003,D7G4Z6,CBJ33759.1
Ec-19_003080,Esi_0592_0004,D7G4Z7,CBJ33760.1
Ec-19_003060,Esi_0592_0008,,
Ec-00_008010,Esi_0593_0002,D7G4Z8,CBJ33761.1
Ec-04_002360,Esi_0595_0002,D7FL82,CBJ33762.1
Ec-04_002370,Esi_0595_0003,D7G500,CBJ33763.1
Ec-04_002380,Esi_0595_0008,D7G501,CBJ33764.1
Ec-04_002390,Esi_0595_0009,D7G502,CBJ33765.1
Ec-04_002400,Esi_0595_0010,D7G503,CBJ33766.1
Ec-04_002410,Esi_0595_0011,D7G504,CBJ33767.1
Ec-04_002340,Esi_0595_0013,,
Ec-04_002350,Esi_0595_0014,,
Ec-00_008020,Esi_0596_0002,D7G505,CBJ33768.1
Ec-02_001310,Esi_0598_0003,D7G506,CBJ33769.1
Ec-02_001330,Esi_0598_0006,D7G507,CBJ33770.1
Ec-02_001340,Esi_0598_0011,D7G508,CBJ33771.1
Ec-02_001320,Esi_0598_0015,,
Ec-00_008030,Esi_0599_0001,D7G509,CBJ33772.1
Ec-00_008040,Esi_0602_0001,D7G510,CBJ33773.1
Ec-00_008050,Esi_0602_0002,D7G511,CBJ33774.1
Ec-00_008060,Esi_0602_0003,D7G512,CBJ33775.1
Ec-00_008070,Esi_0603_0003,D7G513,CBJ33776.1
Ec-00_008100,Esi_0605_0011,D7G514,CBJ33777.1
Ec-00_008110,Esi_0605_0012,D7G515,CBJ33778.1
Ec-00_008080,Esi_0605_0015,,
Ec-00_008090,Esi_0605_0016,,
Ec-00_008120,Esi_0606_0004,D7G516,CBJ33779.1
Ec-00_008130,Esi_0606_0005,D7G517,CBJ33780.1
Ec-00_008140,Esi_0606_0007,D7G518,CBJ33781.1
Ec-00_008150,Esi_0607_0001,D7G519,CBJ33782.1
Ec-00_008160,Esi_0608_0001,,
Ec-00_008180,Esi_0610_0004,,
Ec-00_008170,Esi_0610_0005,,
Ec-00_008190,Esi_0611_0002,D7G521,CBJ33784.1
Ec-00_008200,Esi_0611_0005,D7G522,CBJ33785.1
Ec-00_008210,Esi_0611_0008,D7G523,CBJ33786.1
Ec-00_008220,Esi_0612_0001,D7G524,CBJ33787.1
Ec-00_008230,Esi_0612_0004,D7G525,CBJ33788.1
Ec-00_008240,Esi_0612_0005,D7G526,CBJ33789.1
Ec-00_008250,Esi_0612_0007,D7G527,CBJ33790.1
Ec-00_008260,Esi_0613_0006,D7G528,CBJ33791.1
Ec-00_008270,Esi_0613_0007,D7G529,CBJ33792.1
Ec-00_008280,Esi_0614_0001,D7G530,CBJ33793.1
Ec-00_008290,Esi_0614_0004,D7G531,CBJ33794.1
Ec-00_008300,Esi_0615_0001,D7G532,CBJ33795.1
Ec-00_008320,Esi_0615_0002,D7G533,CBJ33796.1
Ec-00_008330,Esi_0615_0003,D7G534,CBJ33797.1
Ec-00_008310,Esi_0615_0005,,
Ec-00_008350,Esi_0616_0004,D7G535,CBJ33798.1
Ec-00_008340,Esi_0616_0008,,
Ec-00_008360,Esi_0617_0002,D7G536,CBJ33799.1
Ec-00_008370,Esi_0617_0003,D7G537,CBJ33800.1
Ec-00_008380,Esi_0617_0004,D7G538,CBJ33801.1
Ec-00_008390,Esi_0618_0003,D7G539,CBJ33802.1
Ec-00_008400,Esi_0618_0005,D7G540,CBJ33803.1
Ec-00_008410,Esi_0618_0006,D7G541,CBJ33804.1
Ec-00_008430,Esi_0619_0001,D7G542,CBJ33805.1
Ec-00_008440,Esi_0619_0005,D7G543,CBJ33806.1
Ec-00_008420,Esi_0619_0009,,
Ec-00_008450,Esi_0620_0008,D7G544,CBJ33807.1
Ec-00_008460,Esi_0621_0001,D7G545,CBJ33808.1
,Esi_0621_0003,D7G546,CBJ33809.1
Ec-00_008470,Esi_0621_0004,D7G547,CBJ33810.1
Ec-00_008480,Esi_0621_0006,D7G548,CBJ33811.1
Ec-00_008490,Esi_0623_0001,D7G549,CBJ33812.1
Ec-00_008500,Esi_0623_0002,D7G550,CBJ33813.1
Ec-00_008510,Esi_0623_0005,D7G551,CBJ33814.1
Ec-00_008520,Esi_0624_0007,D7G552,CBJ33815.1
Ec-00_008530,Esi_0625_0003,D7G553,CBJ33816.1
Ec-00_008550,Esi_0625_0005,D7G554,CBJ33817.1
Ec-00_008560,Esi_0625_0006,D7G555,CBJ33818.1
Ec-00_008540,Esi_0625_0007,,
Ec-13_003780,Esi_0626_0001,D7G556,CBJ33819.1
Ec-13_003790,Esi_0626_0002,D7G557,CBJ33820.1
Ec-13_003810,Esi_0626_0005,D7G558,CBJ33821.1
Ec-13_003800,Esi_0626_0007,,
Ec-00_008570,Esi_0627_0017,,
Ec-00_008580,Esi_0629_0001,D7G559,CBJ33822.1
Ec-00_008590,Esi_0629_0003,D7G560,CBJ33823.1
Ec-00_008600,Esi_0629_0004,D7G561,CBJ33824.1
Ec-00_008610,Esi_0630_0001,D7G5D1,CBJ33825.1
Ec-00_008620,Esi_0630_0002,D7G5D2,CBJ33826.1
Ec-00_008630,Esi_0630_0006,D7G5D3,CBJ33827.1
Ec-00_008640,Esi_0630_0008,,
Ec-00_008670,Esi_0633_0004,D7G5D4,CBJ33828.1
Ec-00_008680,Esi_0633_0008,,
Ec-00_008650,Esi_0633_0009,,
Ec-00_008660,Esi_0633_0010,,
Ec-22_002240,Esi_0635_0001,D7G5D5,CBJ33829.1
Ec-22_002250,Esi_0635_0003,D7G5D6,CBJ33830.1
Ec-00_008690,Esi_0636_0002,D7G5D7,CBJ33831.1
Ec-00_008700,Esi_0636_0003,D7G5D8,CBJ33832.1
Ec-00_008710,Esi_0636_0005,D7G5D9,CBJ33833.1
Ec-00_008720,Esi_0636_0006,D7G5E0,CBJ33834.1
Ec-00_008730,Esi_0636_0007,D7G5E1,CBJ33835.1
Ec-00_008740,Esi_0637_0003,D7G5E2,CBJ33836.1
Ec-00_008750,Esi_0637_0005,D7G5E3,CBJ33837.1
Ec-06_010740,Esi_0638_0002,D7G5E4,CBJ33838.1
Ec-06_010750,Esi_0638_0003,D7G5E5,CBJ33839.1
Ec-06_010760,Esi_0638_0004,D7G5E6,CBJ33840.1
Ec-06_010770,Esi_0638_0005,D7G5E7,CBJ33841.1
Ec-00_008760,Esi_0639_0001,D7G5E8,CBJ33842.1
Ec-02_000560,Esi_0640_0003,D7G5E9,CBJ33843.1
Ec-02_000550,Esi_0640_0004,D7G5F0,CBJ33844.1
Ec-02_000540,Esi_0640_0006,D7G5F1,CBJ33845.1
Ec-00_008770,Esi_0641_0001,D7G5F2,CBJ33846.1
Ec-00_008790,Esi_0641_0004,D7G5F3,CBJ33847.1
Ec-00_008780,Esi_0641_0006,,
Ec-00_008800,Esi_0642_0002,D7G5F4,CBJ33848.1
Ec-00_008810,Esi_0642_0008,,
Ec-21_002730,Esi_0643_0001,D8LRE1,CBN76293.1
Ec-21_002740,Esi_0643_0003,D8LRE2,CBN76294.1
Ec-21_002750,Esi_0643_0004,D8LRE3,CBN76295.1
Ec-21_002780,Esi_0643_0006,D8LRE4,CBN76296.1
Ec-21_002760,Esi_0643_0008,,
Ec-21_002770,Esi_0643_0009,,
Ec-00_008820,Esi_0645_0004,,
Ec-00_008830,Esi_0646_0004,D7G5F6,CBJ33850.1
Ec-00_008840,Esi_0647_0001,D7G5F7,CBJ33851.1
Ec-00_008850,Esi_0647_0011,,
Ec-00_008860,Esi_0648_0001,D7G5F9,CBJ33853.1
Ec-00_008870,Esi_0648_0003,D7G5G0,CBJ33854.1
Ec-00_008890,Esi_0648_0004,D7G5G1,CBJ33855.1
Ec-00_008880,Esi_0648_0006,,
Ec-00_008910,Esi_0651_0004,D7G5L0,CBJ33856.1
Ec-00_008900,Esi_0651_0011,,
Ec-26_006670,Esi_0652_0001,D7G5L1,CBJ33857.1
Ec-26_006680,Esi_0652_0010,,
Ec-26_006690,Esi_0652_0011,,
Ec-16_002340,Esi_0653_0001,D7G5L2,CBJ33858.1
,Esi_0653_0003,D7G5L3,CBJ33859.1
Ec-16_002350,Esi_0653_0004,D7G5L4,CBJ33860.1
Ec-16_002370,Esi_0653_0006,D7G5L5,CBJ33861.1
Ec-16_002360,Esi_0653_0009,,
Ec-15_000010,Esi_0654_0007,,
Ec-00_008920,Esi_0656_0002,D7G5L6,CBJ33862.1
Ec-00_008930,Esi_0657_0002,D7G5L7,CBJ33863.1
Ec-00_008940,Esi_0657_0010,,
Ec-00_008950,Esi_0658_0004,D7G5L8,CBJ33864.1
Ec-00_008970,Esi_0658_0007,D7G5L9,CBJ33865.1
Ec-00_008960,Esi_0658_0009,,
Ec-00_008980,Esi_0659_0002,D7G5M0,CBJ33866.1
Ec-00_008990,Esi_0660_0001,D7G5M1,CBJ33867.1
Ec-00_009000,Esi_0660_0004,D7G5M2,CBJ33868.1
Ec-00_009010,Esi_0661_0007,D7G5M3,CBJ33869.1
Ec-00_009020,Esi_0662_0004,D7G5M4,CBJ33870.1
Ec-07_007480,Esi_0663_0001,D7G5M5,CBJ33871.1
Ec-07_007490,Esi_0663_0002,D7G5M6,CBJ33872.1
Ec-00_009030,Esi_0665_0001,D7G5M7,CBJ33873.1
,Esi_0665_0002,D7G5M8,CBJ33874.1
Ec-00_009040,Esi_0665_0003,D7G5M9,CBJ33875.1
Ec-00_009050,Esi_0665_0005,D7G5N0,CBJ33876.1
Ec-00_009060,Esi_0665_0006,,
Ec-00_009070,Esi_0666_0001,D7G5N1,CBJ33877.1
Ec-00_009080,Esi_0666_0002,D7G5N2,CBJ33878.1
Ec-00_009090,Esi_0667_0001,D7G9J5,CBJ33879.1
Ec-00_009100,Esi_0667_0002,D7G9J6,CBJ33880.1
Ec-00_009110,Esi_0667_0003,D7G9J7,CBJ33881.1
Ec-00_009120,Esi_0667_0004,D7G9J8,CBJ33882.1
Ec-00_009130,Esi_0667_0006,D7G9J9,CBJ33883.1
Ec-00_009140,Esi_0667_0007,D7G9K0,CBJ33884.1
Ec-00_009150,Esi_0668_0005,,
Ec-00_009160,Esi_0668_0006,D7G5N4,CBJ33886.1
Ec-00_009170,Esi_0668_0007,D7G5N5,CBJ33887.1
Ec-00_009180,Esi_0672_0002,D7G5U4,CBJ33888.1
Ec-00_009190,Esi_0672_0003,D7G5U5,CBJ33889.1
Ec-10_003730,Esi_0673_0003,D7G5U6,CBJ33890.1
Ec-10_003720,Esi_0673_0009,,
Ec-00_009200,Esi_0674_0003,D7G5U7,CBJ33891.1
Ec-00_009210,Esi_0674_0004,D7G5U8,CBJ33892.1
Ec-00_009220,Esi_0675_0002,D7G5U9,CBJ33893.1
Ec-00_009230,Esi_0675_0005,D7G5V0,CBJ33894.1
Ec-00_009240,Esi_0676_0005,D7G5V1,CBJ33895.1
Ec-00_009250,Esi_0679_0001,D7G5V2,CBJ33896.1
Ec-00_009260,Esi_0680_0002,D7G5X7,CBJ33897.1
Ec-00_009290,Esi_0682_0002,D7G5X8,CBJ33898.1
Ec-00_009300,Esi_0682_0004,,
Ec-00_009270,Esi_0682_0005,,
Ec-00_009280,Esi_0682_0006,,
Ec-00_009310,Esi_0683_0003,D7G5X9,CBJ33899.1
Ec-00_009320,Esi_0685_0005,D7G5Y0,CBJ33900.1
Ec-24_002550,Esi_0686_0003,D7G5Y1,CBJ33901.1
Ec-00_009340,Esi_0687_0003,D7G5Y2,CBJ33902.1
Ec-00_009350,Esi_0687_0005,D7G5Y3,CBJ33903.1
Ec-00_009330,Esi_0687_0007,,
Ec-00_009360,Esi_0688_0005,D7G5Y4,CBJ33904.1
Ec-00_009370,Esi_0688_0006,D7G5Y5,CBJ33905.1
Ec-00_009380,Esi_0689_0001,D7G5Y6,CBJ33906.1
Ec-00_009390,Esi_0691_0002,D7G5Y7,CBJ33907.1
Ec-00_009410,Esi_0692_0002,D7G5Y8,CBJ33908.1
Ec-00_009420,Esi_0692_0004,D7G5Y9,CBJ33909.1
Ec-00_009400,Esi_0692_0005,,
Ec-00_009430,Esi_0693_0008,,
Ec-00_009440,Esi_0694_0007,D7G5Z0,CBJ33910.1
Ec-00_009450,Esi_0696_0002,D7G5Z1,CBJ33911.1
Ec-00_009460,Esi_0696_0003,D7G5Z2,CBJ33912.1
Ec-00_009470,Esi_0696_0005,D7G5Z3,CBJ33913.1
Ec-00_009480,Esi_0699_0001,D7G5Z4,CBJ33914.1
Ec-00_009490,Esi_0699_0003,D7G5Z5,CBJ33915.1
Ec-00_009490,Esi_0699_0004,D7G5Z6,CBJ33916.1
Ec-00_009500,Esi_0700_0001,D7G5Z7,CBJ33917.1
Ec-00_009510,Esi_0700_0003,D7G5Z8,CBJ33918.1
Ec-00_009520,Esi_0701_0001,D7G5Z9,CBJ33919.1
Ec-00_009530,Esi_0702_0001,D7G600,CBJ33920.1
Ec-00_009540,Esi_0702_0002,D7G601,CBJ33921.1
Ec-00_009550,Esi_0702_0004,,
Ec-00_009560,Esi_0704_0006,D7G602,CBJ33922.1
Ec-00_009570,Esi_0704_0010,,
Ec-00_009580,Esi_0705_0002,D7G603,CBJ33923.1
Ec-00_009590,Esi_0705_0003,D7G604,CBJ33924.1
Ec-00_009600,Esi_0709_0002,D7G605,CBJ33925.1
Ec-00_009610,Esi_0711_0001,D7G663,CBJ33926.1
Ec-00_009620,Esi_0711_0004,D7G664,CBJ33927.1
Ec-00_009630,Esi_0711_0006,,
Ec-00_009640,Esi_0712_0001,D7G665,CBJ33928.1
Ec-00_009650,Esi_0714_0003,D7G666,CBJ33929.1
Ec-00_009660,Esi_0715_0002,D7G667,CBJ33930.1
Ec-00_009670,Esi_0718_0002,D7G668,CBJ33931.1
Ec-00_009680,Esi_0719_0005,D7G669,CBJ33932.1
Ec-00_009690,Esi_0719_0007,D7G670,CBJ33933.1
Ec-00_009700,Esi_0720_0003,D7G671,CBJ33934.1
Ec-00_009710,Esi_0724_0001,D7G672,CBJ33935.1
Ec-00_009720,Esi_0725_0005,D7G673,CBJ33936.1
Ec-00_009730,Esi_0727_0009,,
Ec-00_009740,Esi_0728_0003,D7G674,CBJ33937.1
Ec-25_001050,Esi_0729_0001,D7G675,CBJ33938.1
Ec-25_001070,Esi_0729_0004,D7G676,CBJ33939.1
Ec-25_001060,Esi_0729_0005,,
Ec-00_009750,Esi_0731_0004,D7G6F4,CBJ33940.1
Ec-13_000040,Esi_0732_0004,D7G6F5,CBJ33941.1
Ec-00_009760,Esi_0736_0001,D7G6F6,CBJ33942.1
Ec-00_009770,Esi_0736_0003,D7G6F7,CBJ33943.1
Ec-00_009780,Esi_0738_0007,,
Ec-00_009790,Esi_0740_0006,,
Ec-00_009800,Esi_0742_0001,D7G6F8,CBJ33944.1
Ec-00_009810,Esi_0742_0003,D7G6F9,CBJ33945.1
Ec-00_009820,Esi_0742_0005,D7G6G0,CBJ33946.1
Ec-00_009840,Esi_0747_0001,D7G6G1,CBJ33947.1
Ec-00_009830,Esi_0747_0002,,
Ec-00_009850,Esi_0749_0002,D7G6G2,CBJ33948.1
Ec-00_009860,Esi_0749_0003,D7G6G3,CBJ33949.1
Ec-00_009870,Esi_0751_0002,D7G6L1,CBJ33950.1
Ec-11_003700,Esi_0752_0001,D7G6L2,CBJ33951.1
Ec-11_003710,Esi_0752_0005,D7G6L3,CBJ33952.1
Ec-00_009880,Esi_0753_0001,D7G6L4,CBJ33953.1
Ec-00_009890,Esi_0753_0002,D7G6L5,CBJ33954.1
Ec-00_009900,Esi_0753_0004,D7G6L6,CBJ33955.1
Ec-00_009910,Esi_0756_0005,D7G6L7,CBJ33956.1
Ec-00_009920,Esi_0761_0004,D7G6L8,CBJ33957.1
Ec-00_009930,Esi_0761_0005,D7G6L9,CBJ33958.1
Ec-00_009940,Esi_0761_0006,D7G6M0,CBJ33959.1
Ec-00_009950,Esi_0764_0006,D7G6M1,CBJ33960.1
Ec-00_009960,Esi_0764_0010,D7G6M2,CBJ33961.1
Ec-00_009970,Esi_0765_0002,D8LSU4,CBN76297.1
Ec-16_005040,Esi_0766_0005,,
Ec-00_009980,Esi_0769_0001,D7G6M3,CBJ33962.1
Ec-00_010000,Esi_0770_0003,,
Ec-00_009990,Esi_0770_0004,,
Ec-00_010010,Esi_0771_0003,D7G6M4,CBJ33963.1
Ec-00_010020,Esi_0772_0001,D7G6M5,CBJ33964.1
Ec-00_010030,Esi_0772_0002,D7G6M6,CBJ33965.1
Ec-00_010040,Esi_0773_0002,D7G6M7,CBJ33966.1
,Esi_0774_0003,D7G6M8,CBJ33967.1
Ec-00_010050,Esi_0775_0001,D7G6M9,CBJ33968.1
Ec-00_010060,Esi_0775_0004,D7G6N0,CBJ33969.1
Ec-00_010070,Esi_0776_0004,D7G6N1,CBJ33970.1
Ec-01_006140,Esi_0777_0001,D7G6N2,CBJ33971.1
Ec-01_006150,Esi_0777_0002,D7G6N3,CBJ33972.1
Ec-00_010080,Esi_0779_0002,D7G6N4,CBJ33973.1
Ec-00_010090,Esi_0782_0005,,
Ec-00_010100,Esi_0789_0001,D7G6N5,CBJ33974.1
Ec-00_010110,Esi_0789_0004,D7G6N6,CBJ33975.1
Ec-00_010120,Esi_0792_0002,D7G6S8,CBJ33976.1
Ec-00_010130,Esi_0794_0002,D7G6S9,CBJ33977.1
Ec-00_010140,Esi_0794_0003,D7G6T0,CBJ33978.1
Ec-00_010150,Esi_0794_0004,D7G6T1,CBJ33979.1
Ec-00_010160,Esi_0795_0001,D7G6T2,CBJ33980.1
Ec-00_010170,Esi_0795_0002,D7G6T3,CBJ33981.1
Ec-00_010180,Esi_0798_0001,D7G6T4,CBJ33982.1
Ec-00_010190,Esi_0800_0004,,
Ec-00_010200,Esi_0806_0003,D7G7E3,CBJ33984.1
Ec-00_010210,Esi_0809_0002,D7G7E4,CBJ33985.1
Ec-21_005310,Esi_0812_0002,D7G7E5,CBJ33986.1
Ec-21_005290,Esi_0812_0003,,
Ec-21_005300,Esi_0812_0004,,
Ec-00_010220,Esi_0815_0002,D7G7E6,CBJ33987.1
Ec-00_010230,Esi_0815_0005,D7G7E7,CBJ33988.1
Ec-00_010240,Esi_0817_0002,D7G7E8,CBJ33989.1
Ec-00_010250,Esi_0817_0004,D7G7E9,CBJ33990.1
Ec-00_010260,Esi_0823_0001,D7G7F0,CBJ33991.1
Ec-00_010270,Esi_0826_0005,,
Ec-00_010300,Esi_0830_0007,,
Ec-00_010280,Esi_0830_0008,,
Ec-00_010290,Esi_0830_0009,,
Ec-00_010310,Esi_0833_0001,D7G7J4,CBJ33992.1
Ec-00_010320,Esi_0833_0004,,
Ec-00_010340,Esi_0835_0004,,
Ec-00_010330,Esi_0835_0005,,
Ec-00_010350,Esi_0835_0006,,
Ec-00_010380,Esi_0837_0002,D7G7J5,CBJ33993.1
Ec-00_010360,Esi_0837_0004,,
Ec-00_010370,Esi_0837_0005,,
Ec-00_010390,Esi_0838_0002,D7G7J6,CBJ33994.1
Ec-00_010400,Esi_0845_0001,D7G7P1,CBJ33995.1
Ec-00_010410,Esi_0846_0002,D7G7P2,CBJ33996.1
Ec-00_010420,Esi_0846_0004,D7G7P3,CBJ33997.1
Ec-00_010430,Esi_0847_0001,D7G7P4,CBJ33998.1
Ec-00_010440,Esi_0847_0002,D7G7P5,CBJ33999.1
Ec-00_010450,Esi_0848_0001,D7G7P6,CBJ34000.1
Ec-00_010460,Esi_0848_0002,D7G7P7,CBJ34001.1
Ec-00_010470,Esi_0849_0001,D7G7P8,CBJ34002.1
Ec-06_000840,Esi_0850_0001,D7G7X0,CBJ34003.1
Ec-00_010490,Esi_0852_0001,D7G7X1,CBJ34004.1
Ec-00_010480,Esi_0852_0002,,
Ec-00_010500,Esi_0854_0001,D7G7X2,CBJ34005.1
Ec-00_010510,Esi_0855_0001,D7G7X3,CBJ34006.1
Ec-00_010520,Esi_0856_0001,D7G7X4,CBJ34007.1
Ec-00_010530,Esi_0856_0003,,
Ec-00_010540,Esi_0858_0003,D7G7X5,CBJ34008.1
Ec-00_010550,Esi_0860_0004,,
Ec-00_010560,Esi_0861_0001,D7G826,CBJ34009.1
Ec-00_010570,Esi_0861_0003,D7G827,CBJ34010.1
Ec-04_006550,Esi_0863_0001,D7G828,CBJ34011.1
Ec-04_006560,Esi_0863_0002,D7G829,CBJ34012.1
Ec-00_010580,Esi_0864_0001,D7G830,CBJ34013.1
Ec-00_010590,Esi_0864_0004,D7G831,CBJ34014.1
Ec-11_000640,Esi_0865_0001,D7G832,CBJ34015.1
Ec-00_010600,Esi_0866_0001,D7G833,CBJ34016.1
Ec-00_010610,Esi_0866_0004,D7G834,CBJ34017.1
Ec-11_000650,Esi_0867_0001,D7G835,CBJ34018.1
Ec-00_010620,Esi_0868_0001,D7G836,CBJ34019.1
Ec-00_010630,Esi_0869_0002,D7G837,CBJ34020.1
Ec-00_010640,Esi_0871_0001,D7G884,CBJ34021.1
Ec-00_010650,Esi_0872_0003,,
Ec-00_010660,Esi_0873_0002,D7G885,CBJ34022.1
Ec-00_010670,Esi_0874_0003,D7G886,CBJ34023.1
Ec-00_010690,Esi_0874_0004,D7G887,CBJ34024.1
Ec-00_010680,Esi_0874_0005,,
Ec-00_010700,Esi_0875_0001,D7G888,CBJ34025.1
Ec-00_010710,Esi_0875_0003,D7G889,CBJ34026.1
Ec-00_010720,Esi_0876_0002,D7G890,CBJ34027.1
Ec-00_010730,Esi_0877_0001,D7G891,CBJ34028.1
Ec-00_010740,Esi_0877_0002,D7G892,CBJ34029.1
Ec-00_010760,Esi_0878_0002,D7G893,CBJ34030.1
Ec-00_010750,Esi_0878_0003,,
Ec-00_010770,Esi_0879_0001,D7G894,CBJ34031.1
Ec-00_010780,Esi_0881_0002,D7G8D8,CBJ34032.1
Ec-00_010790,Esi_0881_0004,,
Ec-00_010800,Esi_0882_0001,D7G8D9,CBJ34033.1
Ec-00_010810,Esi_0884_0002,D7G8E0,CBJ34034.1
Ec-22_003180,Esi_0885_0002,D7G8E1,CBJ34035.1
Ec-00_010830,Esi_0888_0002,D7G8E2,CBJ34036.1
Ec-00_010840,Esi_0888_0005,,
Ec-00_010820,Esi_0888_0006,,
Ec-00_010850,Esi_0889_0001,D7G8E3,CBJ34037.1
Ec-00_010860,Esi_0889_0002,D7G8E4,CBJ34038.1
Ec-00_010870,Esi_0890_0001,D7G8K7,CBJ34039.1
Ec-00_010880,Esi_0891_0003,D7G8K8,CBJ34040.1
,Esi_0891_0004,D7G8K9,CBJ34041.1
Ec-00_010890,Esi_0892_0001,D7G8L0,CBJ34042.1
Ec-00_010900,Esi_0894_0001,D7G8L1,CBJ34043.1
Ec-00_010910,Esi_0894_0003,D7G8L2,CBJ34044.1
Ec-00_010920,Esi_0895_0001,D7G8L3,CBJ34045.1
Ec-00_010930,Esi_0896_0001,D7G8L4,CBJ34046.1
Ec-00_010940,Esi_0898_0001,D7G8L5,CBJ34047.1
Ec-00_010950,Esi_0899_0001,D7G8L6,CBJ34048.1
Ec-00_010960,Esi_0899_0002,D7G8L7,CBJ34049.1
Ec-00_010970,Esi_0899_0004,,
Ec-20_002850,Esi_0900_0001,D7G8L8,CBJ34050.1
Ec-20_002840,Esi_0900_0005,,
Ec-00_010980,Esi_0901_0001,D7G8L9,CBJ34051.1
Ec-00_010990,Esi_0903_0001,D7G8M0,CBJ34052.1
Ec-00_011000,Esi_0903_0003,,
Ec-00_011010,Esi_0904_0001,D7G8M1,CBJ34053.1
Ec-00_011020,Esi_0904_0002,,
Ec-09_002330,Esi_0905_0001,D7G8M2,CBJ34054.1
Ec-09_002340,Esi_0905_0002,D7G8M3,CBJ34055.1
Ec-09_002350,Esi_0905_0003,D7G8M4,CBJ34056.1
Ec-00_011030,Esi_0906_0002,D7G8M5,CBJ34057.1
Ec-00_011050,Esi_0907_0002,D7G8M6,CBJ34058.1
Ec-00_011040,Esi_0907_0003,,
Ec-26_001010,Esi_0908_0001,D7G8M7,CBJ34059.1
Ec-00_011060,Esi_0910_0001,D7G8T1,CBJ34060.1
,Esi_0911_0001,D7G8T2,CBJ34061.1
Ec-00_011070,Esi_0911_0002,D7G8T3,CBJ34062.1
,Esi_0911_0003,D7G8T4,CBJ34063.1
Ec-00_011080,Esi_0914_0001,D7G8T5,CBJ34064.1
Ec-12_002350,Esi_0915_0001,D7G8T6,CBJ34065.1
Ec-23_000220,Esi_0929_0001,D7G8Y2,CBJ34066.1
Ec-23_000230,Esi_0929_0003,,
Ec-09_004090,Esi_0932_0001,D7G8Y3,CBJ34067.1
Ec-00_011090,Esi_0934_0001,D7G8Y4,CBJ34068.1
Ec-00_011100,Esi_0934_0002,D7G8Y5,CBJ34069.1
Ec-00_011110,Esi_0935_0001,D7G8Y6,CBJ34070.1
Ec-00_011120,Esi_0936_0003,D7G8Y7,CBJ34071.1
Ec-00_011130,Esi_0939_0002,D7G8Y8,CBJ34072.1
Ec-00_011140,Esi_0941_0001,D7G940,CBJ34073.1
Ec-00_011150,Esi_0943_0001,D7G941,CBJ34074.1
Ec-00_011170,Esi_0943_0004,D7G942,CBJ34075.1
Ec-00_011160,Esi_0943_0006,,
Ec-00_011180,Esi_0945_0002,,
Ec-00_011190,Esi_0946_0001,D7G943,CBJ34076.1
Ec-00_011200,Esi_0946_0002,D7G944,CBJ34077.1
Ec-00_011210,Esi_0947_0001,D7G945,CBJ34078.1
Ec-00_011220,Esi_0947_0002,,
Ec-00_011230,Esi_0949_0001,D7G946,CBJ34079.1
Ec-00_011240,Esi_0950_0001,D7G947,CBJ34080.1
Ec-00_011250,Esi_0951_0001,D7G948,CBJ34081.1
Ec-00_011260,Esi_0951_0002,D7G949,CBJ34082.1
Ec-00_011270,Esi_0956_0005,,
Ec-00_011280,Esi_0956_0006,,
Ec-00_011290,Esi_0956_0007,,
Ec-00_011300,Esi_0960_0001,D7G987,CBJ34083.1
Ec-00_011310,Esi_0960_0003,,
Ec-00_011320,Esi_0960_0004,,
Ec-00_011330,Esi_0963_0001,D7G988,CBJ34084.1
Ec-00_011340,Esi_0963_0003,D7G989,CBJ34085.1
Ec-00_011350,Esi_0964_0001,D7G990,CBJ34086.1
Ec-00_011360,Esi_0965_0001,D7G991,CBJ34087.1
Ec-08_005270,Esi_0968_0001,D7G992,CBJ34088.1
Ec-00_011370,Esi_0969_0001,D7G993,CBJ34089.1
Ec-00_011380,Esi_0969_0002,D7G994,CBJ34090.1
Ec-00_011390,Esi_0975_0001,D7G9C9,CBJ34091.1
Ec-00_011400,Esi_0976_0002,,
Ec-00_011410,Esi_0979_0001,D7G9D0,CBJ34092.1
Ec-00_011420,Esi_0979_0002,D7G9D1,CBJ34093.1
Ec-00_011430,Esi_0980_0003,D7G9I4,CBJ34094.1
Ec-00_011440,Esi_0982_0001,D7G9I5,CBJ34095.1
Ec-00_011450,Esi_0983_0005,D7G9I6,CBJ34096.1
Ec-26_002050,Esi_0985_0001,D7G9I7,CBJ34097.1
Ec-26_002060,Esi_0985_0002,D7G9I8,CBJ34098.1
Ec-28_003790,Esi_0986_0002,D7G9I9,CBJ34099.1
Ec-28_003800,Esi_0986_0003,D7G9J0,CBJ34100.1
Ec-00_011460,Esi_0991_0001,D7G9J1,CBJ34101.1
Ec-00_011470,Esi_0995_0001,D7G9J2,CBJ34102.1
Ec-00_011480,Esi_0997_0001,D7G9J3,CBJ34103.1
Ec-00_011490,Esi_0998_0003,D7G9J4,CBJ34104.1
Ec-00_000010,Esi_1000_0001,D7FGP2,CBJ34105.1
Ec-12_005310,Esi_1003_0002,D7FGP3,CBJ34106.1
Ec-12_005300,Esi_1003_0005,,
Ec-00_000020,Esi_1006_0002,D7FGP4,CBJ34107.1
Ec-00_000030,Esi_1006_0003,D7FGP5,CBJ34108.1
Ec-00_000050,Esi_1007_0001,D7FGP6,CBJ34109.1
Ec-00_000040,Esi_1007_0002,,
Ec-00_000060,Esi_1008_0001,D7FGP7,CBJ34110.1
Ec-00_000070,Esi_1010_0001,D7FGU0,CBJ34111.1
Ec-00_000080,Esi_1017_0002,D7FGU1,CBJ34112.1
Ec-00_000090,Esi_1020_0002,D7FGY4,CBJ34113.1
Ec-00_000100,Esi_1022_0003,D7FGY5,CBJ34114.1
Ec-00_000110,Esi_1024_0001,D7FGY6,CBJ34115.1
Ec-00_000120,Esi_1026_0007,,
Ec-00_000130,Esi_1026_0008,,
Ec-00_000140,Esi_1030_0001,D7FGY7,CBJ34116.1
Ec-00_000150,Esi_1041_0001,D7FH33,CBJ34117.1
Ec-00_000160,Esi_1042_0001,D7FH34,CBJ34118.1
Ec-00_000170,Esi_1044_0001,D7FH35,CBJ34119.1
Ec-00_000180,Esi_1047_0004,,
Ec-00_000190,Esi_1052_0001,D7FH72,CBJ34120.1
Ec-00_000200,Esi_1053_0006,D7FH73,CBJ34121.1
Ec-00_000210,Esi_1054_0001,D7FH74,CBJ34122.1
Ec-00_000220,Esi_1056_0001,,
Ec-00_000230,Esi_1059_0001,D7FH75,CBJ34123.1
Ec-00_000240,Esi_1060_0003,D7FHA5,CBJ34124.1
Ec-00_000250,Esi_1063_0001,D7FHA6,CBJ34125.1
Ec-00_000260,Esi_1063_0002,D7FHA7,CBJ34126.1
Ec-00_000270,Esi_1067_0003,,
Ec-00_000290,Esi_1069_0001,D7FHA8,CBJ34127.1
Ec-00_000280,Esi_1069_0003,,
Ec-09_002320,Esi_1070_0002,D7FHE6,CBJ34128.1
Ec-00_000300,Esi_1072_0001,D7FHE7,CBJ34129.1
Ec-00_000310,Esi_1076_0001,D7FHE8,CBJ34130.1
Ec-00_000320,Esi_1076_0002,D7FHE9,CBJ34131.1
Ec-00_000330,Esi_1078_0002,D7FHF0,CBJ34132.1
Ec-00_000340,Esi_1081_0001,D7FHJ7,CBJ34133.1
,Esi_1084_0002,D7FHJ8,CBJ34134.1
Ec-00_000350,Esi_1084_0003,D7FHJ9,CBJ34135.1
Ec-00_000360,Esi_1086_0002,D7FHK0,CBJ34136.1
Ec-00_000370,Esi_1086_0003,D7FHK1,CBJ34137.1
Ec-00_000380,Esi_1093_0001,D7FHN9,CBJ34138.1
Ec-00_000390,Esi_1097_0001,D7FHP0,CBJ34139.1
Ec-00_000400,Esi_1100_0002,D7FHU2,CBJ34140.1
Ec-00_000410,Esi_1101_0002,D7FHU3,CBJ34141.1
Ec-00_000420,Esi_1101_0003,,
Ec-00_000430,Esi_1102_0001,D7FHU4,CBJ34142.1
Ec-00_000440,Esi_1103_0001,D7FHU5,CBJ34143.1
Ec-00_000450,Esi_1105_0001,D7FHU6,CBJ34144.1
Ec-00_000460,Esi_1105_0002,,
Ec-00_000470,Esi_1105_0003,,
Ec-00_000480,Esi_1105_0004,,
Ec-00_000490,Esi_1105_0005,,
Ec-00_000500,Esi_1109_0001,D7FHU7,CBJ34145.1
Ec-00_000510,Esi_1117_0001,D7FHU8,CBJ34146.1
Ec-10_005010,Esi_1118_0001,D7FHU9,CBJ34147.1
Ec-00_000520,Esi_1119_0003,D7FHV0,CBJ34148.1
Ec-00_000530,Esi_1122_0001,D7FHV1,CBJ34149.1
Ec-00_000540,Esi_1123_0001,D7FHV2,CBJ34150.1
Ec-00_000550,Esi_1124_0001,D7FHV3,CBJ34151.1
Ec-00_000560,Esi_1125_0001,D7FHV4,CBJ34152.1
Ec-00_000570,Esi_1129_0004,D7FHV5,CBJ34153.1
Ec-00_000580,Esi_1132_0001,D7FHV6,CBJ34154.1
Ec-00_000590,Esi_1132_0002,D7FHV7,CBJ34155.1
Ec-00_000600,Esi_1133_0001,D7FHV8,CBJ34156.1
Ec-00_000620,Esi_1144_0002,D7FHV9,CBJ34157.1
Ec-00_000610,Esi_1144_0004,,
Ec-00_000630,Esi_1147_0001,D7FHW0,CBJ34158.1
Ec-00_000640,Esi_1148_0001,D7FHW1,CBJ34159.1
Ec-00_000650,Esi_1151_0001,D7FI15,CBJ34160.1
Ec-00_000660,Esi_1151_0004,,
Ec-00_000670,Esi_1154_0001,D7FI16,CBJ34161.1
Ec-00_000680,Esi_1160_0001,D7FI17,CBJ34162.1
Ec-00_000690,Esi_1160_0002,D7FI18,CBJ34163.1
Ec-00_000700,Esi_1162_0001,,
Ec-00_000710,Esi_1166_0002,D7FI19,CBJ34164.1
Ec-00_000720,Esi_1167_0001,D7FI20,CBJ34165.1
Ec-00_000730,Esi_1172_0001,D7FI65,CBJ34166.1
Ec-00_000740,Esi_1177_0009,,
Ec-00_000750,Esi_1183_0001,D7FI96,CBJ34167.1
Ec-00_000760,Esi_1192_0001,,
Ec-00_000770,Esi_1202_0001,D7FIJ2,CBJ34169.1
Ec-00_000780,Esi_1203_0002,D7FIJ3,CBJ34170.1
,Esi_1206_0001,D7FIJ4,CBJ34171.1
Ec-00_000790,Esi_1206_0002,D7FIJ5,CBJ34172.1
Ec-11_003340,Esi_1215_0001,D7FIJ6,CBJ34173.1
Ec-00_000800,Esi_1226_0001,D7FIQ9,CBJ34174.1
Ec-00_000810,Esi_1230_0001,D7FIU5,CBJ34175.1
Ec-00_000820,Esi_1232_0001,D7FIU6,CBJ34176.1
Ec-00_000830,Esi_1233_0001,D7FIU7,CBJ34177.1
Ec-00_000840,Esi_1237_0001,D7FIU8,CBJ34178.1
Ec-00_000850,Esi_1242_0002,D7FIY5,CBJ34179.1
Ec-00_000860,Esi_1243_0001,D7FIY6,CBJ34180.1
Ec-00_000870,Esi_1252_0001,D7FJ36,CBJ34181.1
Ec-01_009470,Esi_1262_0001,D7FJ37,CBJ34182.1
Ec-00_000880,Esi_1269_0001,D8LDW3,CBN80511.1
Ec-00_000890,Esi_1278_0001,D7FJ79,CBJ34183.1
Ec-00_000900,Esi_1279_0001,D7FJ80,CBJ34184.1
Ec-00_000910,Esi_1283_0001,D7FJ81,CBJ34185.1
Ec-00_000920,Esi_1297_0001,D7FJ82,CBJ34186.1
Ec-00_002110,Esi_1304_0001,D7FJC1,CBJ34187.1
Ec-00_002120,Esi_1307_0002,,
Ec-00_002130,Esi_1309_0001,D7FJC2,CBJ34188.1
Ec-00_002140,Esi_1318_0001,D7FJC3,CBJ34189.1
Ec-00_002150,Esi_1334_0002,,
Ec-00_002160,Esi_1346_0001,D7FJL5,CBJ34190.1
Ec-00_002170,Esi_1360_0002,D7FJU2,CBJ34191.1
Ec-00_002180,Esi_1362_0001,,
Ec-00_002190,Esi_1366_0001,D7FJU3,CBJ34192.1
Ec-00_002200,Esi_1376_0001,D7FJU4,CBJ34193.1
Ec-00_002210,Esi_1379_0001,D7FJU5,CBJ34194.1
Ec-00_002220,Esi_1383_0002,,
Ec-00_002230,Esi_1389_0002,,
Ec-00_002240,Esi_1397_0001,D7FK22,CBJ34195.1
Ec-00_002250,Esi_1399_0001,D7FK23,CBJ34196.1
Ec-00_002260,Esi_1402_0001,D7FK65,CBJ34197.1
Ec-00_002270,Esi_1407_0001,D7FK66,CBJ34198.1
Ec-00_002280,Esi_1409_0001,D7FK67,CBJ34199.1
Ec-00_002290,Esi_1414_0001,D7FK68,CBJ34200.1
Ec-00_002300,Esi_1417_0002,,
Ec-00_002310,Esi_1419_0001,D7FK69,CBJ34201.1
Ec-00_002320,Esi_1421_0001,D7FKA6,CBJ34202.1
Ec-00_002330,Esi_1428_0001,D7FKA7,CBJ34203.1
Ec-00_002340,Esi_1436_0001,D7FKE6,CBJ34204.1
Ec-00_002350,Esi_1446_0002,,
Ec-00_002360,Esi_1452_0001,D7FKK6,CBJ34205.1
Ec-00_002370,Esi_1456_0001,D7FKK7,CBJ34206.1
Ec-00_002380,Esi_1468_0001,D7FKP1,CBJ34207.1
Ec-00_002390,Esi_1474_0001,D7FKS8,CBJ34208.1
Ec-00_002400,Esi_1480_0001,D7FKS9,CBJ34209.1
Ec-00_002410,Esi_1484_0001,D7FKT0,CBJ34210.1
Ec-00_002420,Esi_1485_0001,D7FKT1,CBJ34211.1
Ec-00_002430,Esi_1492_0001,D7FKY0,CBJ34212.1
Ec-00_002440,Esi_1496_0002,D7FKY1,CBJ34213.1
Ec-00_002450,Esi_1505_0001,D7FL17,CBJ34214.1
Ec-00_002460,Esi_1506_0002,,
Ec-00_002470,Esi_1515_0001,D7FL18,CBJ34215.1
Ec-00_002480,Esi_1517_0001,D7FL19,CBJ34216.1
Ec-00_002490,Esi_1519_0001,D7FL20,CBJ34217.1
Ec-00_002500,Esi_1520_0001,D7FL21,CBJ34218.1
Ec-00_002510,Esi_1522_0001,D7FL22,CBJ34219.1
Ec-00_002520,Esi_1532_0003,,
Ec-00_002530,Esi_1535_0002,D7FL54,CBJ34220.1
Ec-00_002540,Esi_1541_0001,D7FL81,CBJ34221.1
Ec-00_002550,Esi_1543_0001,,
Ec-00_002560,Esi_1544_0001,D7FL83,CBJ34223.1
Ec-00_002570,Esi_1552_0001,D7FL84,CBJ34224.1
Ec-00_002580,Esi_1552_0003,,
Ec-00_002590,Esi_1554_0001,D7FL85,CBJ34225.1
Ec-00_002600,Esi_1558_0001,D7FL86,CBJ34226.1
Ec-00_002610,Esi_1565_0001,,
Ec-00_002620,Esi_1567_0001,D7FLB5,CBJ34227.1
Ec-00_002630,Esi_1571_0001,D7FLB6,CBJ34228.1
Ec-00_002640,Esi_1587_0001,D7FLB7,CBJ34229.1
Ec-00_002650,Esi_1591_0001,D7FLG1,CBJ34230.1
Ec-00_002660,Esi_1593_0001,,
Ec-00_002670,Esi_1595_0001,D7FLG2,CBJ34231.1
Ec-00_002680,Esi_1604_0001,D7FLS9,CBJ34232.1
Ec-00_002690,Esi_1612_0001,D7FLX0,CBJ34233.1
Ec-00_002700,Esi_1613_0001,D7FLX1,CBJ34234.1
Ec-00_002710,Esi_1615_0001,D7FLX2,CBJ34235.1
Ec-00_002720,Esi_1619_0001,D7FLX3,CBJ34236.1
Ec-00_002730,Esi_1636_0001,D7FM54,CBJ34237.1
Ec-00_002740,Esi_1638_0002,D7FM55,CBJ34238.1
Ec-00_002750,Esi_1644_0001,D7FM92,CBJ34239.1
Ec-00_002760,Esi_1648_0001,D7FM93,CBJ34240.1
Ec-00_002770,Esi_1649_0001,D7FM94,CBJ34241.1
Ec-00_002780,Esi_1654_0001,D7FM95,CBJ34242.1
Ec-00_002790,Esi_1655_0001,D7FM96,CBJ34243.1
Ec-00_002800,Esi_1662_0001,D7FMD5,CBJ34244.1
Ec-00_002810,Esi_1675_0001,D7FMD6,CBJ34245.1
Ec-00_002820,Esi_1678_0001,D7FMD7,CBJ34246.1
Ec-00_002830,Esi_1679_0001,D7FMD8,CBJ34247.1
Ec-00_002840,Esi_1680_0001,D7FMD9,CBJ34248.1
Ec-00_002850,Esi_1681_0001,,
Ec-00_002860,Esi_1682_0001,,
Ec-19_003630,Esi_1687_0001,D7FME0,CBJ34249.1
Ec-00_002870,Esi_1705_0001,D7FMU2,CBJ34250.1
Ec-00_002880,Esi_1717_0001,,
Ec-00_002890,Esi_1737_0001,D7FN37,CBJ34251.1
Ec-00_002900,Esi_1738_0001,D7FN38,CBJ34252.1
Ec-00_002910,Esi_1748_0001,D7FN39,CBJ34253.1
Ec-00_002920,Esi_1750_0001,,
Ec-00_002930,Esi_1751_0001,,
Ec-00_002940,Esi_1752_0001,D7FN73,CBJ34256.1
Ec-00_002950,Esi_1767_0001,D7FN74,CBJ34257.1
Ec-00_002960,Esi_1777_0003,,
Ec-00_002970,Esi_1784_0001,D7FNC3,CBJ34258.1
Ec-00_002980,Esi_1786_0001,D7FNC4,CBJ34259.1
Ec-00_002990,Esi_1786_0002,,
Ec-00_003000,Esi_1788_0001,D7FNC5,CBJ34260.1
Ec-00_003010,Esi_1792_0001,D7FNF0,CBJ34261.1
Ec-00_003020,Esi_1801_0001,D7FNW4,CBJ34262.1
Ec-00_003030,Esi_1802_0001,D7FNW5,CBJ34263.1
Ec-00_003040,Esi_1805_0001,D7FNW6,CBJ34264.1
Ec-00_003050,Esi_1808_0001,D7FNW7,CBJ34265.1
Ec-00_003060,Esi_1816_0001,,
Ec-00_003070,Esi_1825_0001,D7FNW9,CBJ34267.1
Ec-00_003080,Esi_1828_0001,D7FNX0,CBJ34268.1
Ec-00_003090,Esi_1830_0002,,
Ec-00_003110,Esi_1833_0003,,
Ec-00_003100,Esi_1833_0004,,
Ec-00_003120,Esi_1834_0001,D7FP03,CBJ34269.1
Ec-00_003130,Esi_1836_0001,D7FP04,CBJ34270.1
Ec-00_003140,Esi_1845_0001,D7FP26,CBJ34271.1
Ec-00_003150,Esi_1846_0001,D7FP27,CBJ34272.1
Ec-00_003160,Esi_1847_0002,D7FP28,CBJ34273.1
Ec-00_003170,Esi_1853_0001,D7FP58,CBJ34274.1
Ec-00_003180,Esi_1865_0001,D7FP59,CBJ34275.1
Ec-00_003190,Esi_1869_0001,D7FP60,CBJ34276.1
Ec-00_003200,Esi_1877_0001,D7FPA1,CBJ34277.1
Ec-00_003210,Esi_1878_0001,D7FPA2,CBJ34278.1
Ec-00_003220,Esi_1884_0001,D7FPD6,CBJ34279.1
Ec-00_003230,Esi_1887_0001,,
Ec-00_003240,Esi_1892_0001,,
Ec-00_003250,Esi_1898_0002,,
,Esilmt13,E6ZEQ3,CBJ17995.1
,Esilmt14,E6ZEQ4,CBJ17996.1
,Esilmt15,E6ZEQ5,CBJ17997.1
,Esilmt16,E6ZEQ6,CBJ17998.1
,Esilmt17,E6ZEQ7,CBJ17999.1
,Esilmt18,E6ZEQ8,CBJ18000.1
,Esilmt20,E6ZEQ9,CBJ18001.1
,Esilmt24,E6ZER0,CBJ18002.1
,Esilmt25,E6ZER1,CBJ18003.1
,Esilmt26,E6ZER2,CBJ18004.1
,Esilmt28,E6ZER3,CBJ18005.1
,Esilmt29,E6ZER4,CBJ18006.1
,Esilmt31,E6ZER5,CBJ18007.1
,Esilmt32,E6ZER6,CBJ18008.1
,Esilmt33,E6ZER7,CBJ18009.1
,Esilmt34,E6ZER8,CBJ18010.1
,Esilmt35,E6ZER9,CBJ18011.1
,Esilmt36,E6ZES0,CBJ18012.1
,Esilmt37,E6ZES1,CBJ18013.1
,Esilmt38,E6ZES2,CBJ18014.1
,Esilmt40,E6ZES3,CBJ18015.1
,Esilmt41,E6ZES4,CBJ18016.1
,Esilmt43,E6ZES5,CBJ18017.1
,Esilmt44,E6ZES6,CBJ18018.1
,Esilmt47,E6ZES7,CBJ18019.1
,Esilmt48,E6ZES8,CBJ18020.1
,Esilmt49,E6ZES9,CBJ18021.1
,Esilmt50,E6ZET0,CBJ18022.1
,Esilmt52,E6ZET1,CBJ18023.1
,Esilmt53,E6ZET2,CBJ18024.1
,Esilmt54,E6ZET3,CBJ18025.1
,Esilmt55,E6ZET4,CBJ18026.1
,Esilmt57,E6ZET6,CBJ18028.1
,Esilmt59,E6ZET7,CBJ18029.1
,Esilmt6,E6ZEQ2,CBJ17994.1
,Esilmt61,E6ZET8,CBJ18030.1
,Esilmt65,E6ZET9,CBJ18031.1
,Esilmt66,E6ZEU0,CBJ18032.1
,Esilmt67,E6ZEU1,CBJ18033.1
Ec-sdr_f_000020,FeV4Scaf01_2,,
Ec-sdr_f_000010,FeV4Scaf01_4,,
Ec-sdr_f_000030,FeV4scaf02_1,,
Ec-sdr_f_000040,FeV4scaf03_1,,
Ec-sdr_f_000050,FeV4scaf03_2,,
Ec-sdr_f_000110,FeV4scaf04_1,,
Ec-sdr_f_000120,FeV4scaf04_2,,
Ec-sdr_f_000060,FeV4scaf07_6,,
Ec-sdr_f_000070,FeV4scaf08_1,,
Ec-sdr_f_000080,FeV4scaf10_1,,
Ec-sdr_f_000090,FeV4Scaf15_1,,
Ec-sdr_f_000100,FeV4scaf19_1,,
Ec-sdr_f_000130,FeV4scaf22_1,,
Ec-sdr_f_000140,FeV4scaf24_2,,
Ec-sdr_f_000150,FeV4Scaf25_1,,
Ec-sdr_f_000160,FeV4scaf27_1,,
Ec-sdr_f_000210,FeV4Scaf28_1,,
Ec-sdr_f_000200,FeV4scaf28_2,,
Ec-sdr_f_000170,FeV4scaf30_1,,
Ec-sdr_f_000180,FeV4Scaf35_1,,
Ec-sdr_f_000190,FeV4Scaf52_1,,
Ec-sdr_f_000220,FeV4scaf58_1,,
,rpl36,D1J734,
,Es_cpDNA_100,D1J6Z0,CAT18772.1
,Es_cpDNA_101,D1J757,CAV31241.1
,Es_cpDNA_102,D1J758,CAV31242.1
,Es_cpDNA_103,D1J759,CAV31243.1
,Es_cpDNA_104,D1J760,CAV31244.1
,Es_cpDNA_105,D1J761,CAV31245.1
,Es_cpDNA_106,D1J762,CAV31246.1
,Es_cpDNA_107,D1J764,CAV31248.1
,Es_cpDNA_108,D1J766,CAV31250.1
,Es_cpDNA_109,D1J767,CAV31251.1
,Es_cpDNA_110,D1J768,CAV31252.1
,Es_cpDNA_111,D1J770,CAV31254.1
,Es_cpDNA_112,D1J771,CAV31255.1
,Es_cpDNA_113,D1J772,CAV31256.1
,Es_cpDNA_115,D1J774,CAV31258.1
,Es_cpDNA_116,D1J775,CAV31259.1
,Es_cpDNA_117,D1J776,CAV31260.1
,Es_cpDNA_118,D1J777,CAV31261.1
,Es_cpDNA_119,D1J778,CAV31262.1
,Es_cpDNA_120,D1J779,CAV31263.1
,Es_cpDNA_121,D1J780,CAV31264.1
,Es_cpDNA_122,D1J781,CAV31265.1
,Es_cpDNA_123,D1J782,CAV31266.1
,Es_cpDNA_124,D1J783,CAV31267.1
,Es_cpDNA_125,D1J784,CAV31268.1
,Es_cpDNA_126,D1J785,CAV31269.1
,Es_cpDNA_127,D1J786,CAV31270.1
,Es_cpDNA_128,D1J787,CAV31271.1
,Es_cpDNA_129,D1J788,CAV31272.1
,Es_cpDNA_130,D1J789,CAV31273.1
,Es_cpDNA_131,D1J790,CAV31274.1
,Es_cpDNA_132,D1J791,CAV31275.1
,Es_cpDNA_133,D1J792,CAV31276.1
,Es_cpDNA_134,D1J793,CAV31277.1
,Es_cpDNA_136,D1J794,CAV31278.1
,Es_cpDNA_137,D1J795,CAV31279.1
,Es_cpDNA_138,D1J796,CAV31280.1
,Es_cpDNA_139,D1J797,CAV31281.1
,Es_cpDNA_140,D1J798,CAV31282.1
,Es_cpDNA_141,D1J799,CAV31283.1
,Es_cpDNA_142,D1J7A0,CAV31284.1
,Es_cpDNA_143,D1J7A1,CAV31285.1
,Es_cpDNA_144,D1J7A2,CAV31286.1
,Es_cpDNA_145,D1J7A3,CAV31287.1
,Es_cpDNA_146,D1J7A4,CAV31288.1
,Es_cpDNA_147,D1J7A5,CAV31289.1
,Es_cpDNA_148,D1J7A6,CAV31290.1
,Es_cpDNA_149,D1J7A7,CAV31291.1
,Es_cpDNA_150,D1J7A8,CAV31292.1
,Es_cpDNA_151,D1J7A9,CAV31293.1
,Es_cpDNA_152,D1J7B0,CAV31294.1
,Es_cpDNA_153,D1J7B1,CAV31295.1
,Es_cpDNA_154,D1J7B2,CAV31296.1
,Es_cpDNA_155,D1J7B3,CAV31297.1
,Es_cpDNA_156,D1J7B4,CAV31298.1
,Es_cpDNA_157,D1J7B5,CAV31299.1
,Es_cpDNA_158,D1J7B6,CAV31300.1
,Es_cpDNA_159,D1J7B7,CAV31301.1
,Es_cpDNA_160,D1J7B8,CAV31302.1
,Es_cpDNA_161,D1J7B9,CAV31303.1
,Es_cpDNA_162,D1J7C0,CAV31304.1
,Es_cpDNA_163,D1J7C1,CAV31305.1
,Es_cpDNA_164,D1J7C2,CAV31306.1
,Es_cpDNA_165,D1J7C3,CAV31307.1
,Es_cpDNA_166,D1J7C4,CAV31308.1
,Es_cpDNA_167,D1J7C5,CAV31309.1
,Es_cpDNA_168,D1J7C6,CAV31310.1
,Es_cpDNA_169,D1J7C7,CAV31311.1
,Es_cpDNA_170,D1J7C8,CAV31312.1
,Es_cpDNA_171,D1J7C9,CAV31313.1
,Es_cpDNA_172,D1J7D0,CAV31314.1
,Es_cpDNA_173,D1J7D1,CAV31315.1
,Es_cpDNA_174,D1J7D2,CAV31316.1
,Es_cpDNA_175,D1J7D4,CAV31318.1
,Es_cpDNA_176,D1J7D5,CAV31319.1
,Es_cpDNA_177,D1J7D6,CAV31320.1
,Es_cpDNA_178,D1J7D7,CAV31321.1
,Es_cpDNA_182,D1J769,CAV31253.1
,Es_cpDNA_183,D1J765,CAV31249.1
,Es_cpDNA_184,D1J763,CAV31247.1
,Es_cpDNA_185,D1J7D3,CAV31317.1
,Es_cpDNA_36,D1J6Z1,CAV31175.1
,Es_cpDNA_37,D1J6Z2,CAV31176.1
,Es_cpDNA_38,D1J6Z3,CAV31177.1
,Es_cpDNA_39,D1J6Z4,CAV31178.1
,Es_cpDNA_40,D1J6Z5,CAV31179.1
,Es_cpDNA_41,D1J6Z6,CAV31180.1
,Es_cpDNA_42,D1J6Z7,CAV31181.1
,Es_cpDNA_43,D1J6Z8,CAV31182.1
,Es_cpDNA_44,D1J6Z9,CAV31183.1
,Es_cpDNA_45,D1J700,CAV31184.1
,Es_cpDNA_46,D1J701,CAV31185.1
,Es_cpDNA_47,D1J702,CAV31186.1
,Es_cpDNA_48,D1J703,CAV31187.1
,Es_cpDNA_49,D1J704,CAV31188.1
,Es_cpDNA_50,D1J705,CAV31189.1
,Es_cpDNA_51,D1J706,CAV31190.1
,Es_cpDNA_52,D1J707,CAV31191.1
,Es_cpDNA_53,D1J708,CAV31192.1
,Es_cpDNA_54,D1J709,CAV31193.1
,Es_cpDNA_55,D1J710,CAV31194.1
,Es_cpDNA_57,D1J712,CAV31196.1
,Es_cpDNA_58,D1J713,CAV31197.1
,Es_cpDNA_59,D1J714,CAV31198.1
,Es_cpDNA_60,D1J715,CAV31199.1
,Es_cpDNA_61,D1J716,CAV31200.1
,Es_cpDNA_62,D1J717,CAV31201.1
,Es_cpDNA_63,D1J718,CAV31202.1
,Es_cpDNA_64,D1J719,CAV31203.1
,Es_cpDNA_65,D1J720,CAV31204.1
,Es_cpDNA_66,D1J721,CAV31205.1
,Es_cpDNA_67,D1J722,
,Es_cpDNA_68,D1J723,CAV31207.1
,Es_cpDNA_69,D1J724,CAV31208.1
,Es_cpDNA_70,D1J725,CAV31209.1
,Es_cpDNA_71,D1J726,CAV31210.1
,Es_cpDNA_72,D1J727,CAV31211.1
,Es_cpDNA_73,D1J728,CAV31212.1
,Es_cpDNA_74,D1J729,CAV31213.1
,Es_cpDNA_75,D1J730,CAV31214.1
,Es_cpDNA_76,D1J731,CAV31215.1
,Es_cpDNA_77,D1J732,CAV31216.1
,Es_cpDNA_78,D1J733,CAV31217.1
,Es_cpDNA_79,D1J735,CAV31219.1
,Es_cpDNA_80,D1J736,CAV31220.1
,Es_cpDNA_81,D1J737,CAV31221.1
,Es_cpDNA_82,D1J738,CAV31222.1
,Es_cpDNA_83,D1J739,CAV31223.1
,Es_cpDNA_84,D1J740,CAV31224.1
,Es_cpDNA_85,D1J741,CAV31225.1
,Es_cpDNA_86,D1J742,CAV31226.1
,Es_cpDNA_87,D1J743,CAV31227.1
,Es_cpDNA_88,D1J744,CAV31228.1
,Es_cpDNA_89,D1J745,CAV31229.1
,Es_cpDNA_90,D1J746,CAV31230.1
,Es_cpDNA_91,D1J747,CAV31231.1
,Es_cpDNA_92,D1J748,CAV31232.1
,Es_cpDNA_93,D1J749,CAV31233.1
,Es_cpDNA_94,D1J750,CAV31234.1
,Es_cpDNA_95,D1J751,CAV31235.1
,Es_cpDNA_96,D1J752,CAV31236.1
,Es_cpDNA_99,D1J755,CAV31239.1
,Esi_0000_0001,D8LAS4,CBN76433.1
